ISO-10303-21;
HEADER;
/* Generated by software containing ST-Developer
 * from STEP Tools, Inc. (www.steptools.com) 
 */
/* OPTION: using custom renumber hook */

FILE_DESCRIPTION(
/* description */ ('STEP AP214'),
/* implementation_level */ '2;1');

FILE_NAME(
/* name */ 'PTS815SJM250SMTRLFS',
/* time_stamp */ '2025-03-15T10:14:59+01:00',
/* author */ ('License CC BY-ND 4.0'),
/* organization */ ('CADENAS'),
/* preprocessor_version */ 'ST-DEVELOPER v19.3',
/* originating_system */ 'PARTsolutions',
/* authorisation */ '  ');

FILE_SCHEMA (('AUTOMOTIVE_DESIGN {1 0 10303 214 3 1 1}'));
ENDSEC;

DATA;
#10=PROPERTY_DEFINITION_REPRESENTATION(#14,#12);
#11=PROPERTY_DEFINITION_REPRESENTATION(#15,#13);
#12=REPRESENTATION('',(#16),#7907);
#13=REPRESENTATION('',(#17),#7907);
#14=PROPERTY_DEFINITION('pmi validation property','',#7918);
#15=PROPERTY_DEFINITION('pmi validation property','',#7918);
#16=VALUE_REPRESENTATION_ITEM('number of annotations',COUNT_MEASURE(0.));
#17=VALUE_REPRESENTATION_ITEM('number of views',COUNT_MEASURE(0.));
#18=CONICAL_SURFACE('',#4530,0.5335137,0.0876536104);
#19=CONICAL_SURFACE('',#4532,0.5335137,0.0876536104);
#20=TOROIDAL_SURFACE('',#4522,0.3176037,0.15);
#21=TOROIDAL_SURFACE('',#4526,0.3176037,0.15);
#22=B_SPLINE_CURVE_WITH_KNOTS('',1,(#5698,#5699),.UNSPECIFIED.,.F.,.F.,
(2,2),(0.,1.),.UNSPECIFIED.);
#23=B_SPLINE_CURVE_WITH_KNOTS('',1,(#5701,#5702),.UNSPECIFIED.,.F.,.F.,
(2,2),(0.,1.),.UNSPECIFIED.);
#24=B_SPLINE_CURVE_WITH_KNOTS('',1,(#5704,#5705),.UNSPECIFIED.,.F.,.F.,
(2,2),(0.,1.),.UNSPECIFIED.);
#25=B_SPLINE_CURVE_WITH_KNOTS('',1,(#5711,#5712),.UNSPECIFIED.,.F.,.F.,
(2,2),(0.,1.),.UNSPECIFIED.);
#26=B_SPLINE_CURVE_WITH_KNOTS('',3,(#5717,#5718,#5719,#5720),
 .UNSPECIFIED.,.F.,.F.,(4,4),(0.,1.),.UNSPECIFIED.);
#27=B_SPLINE_CURVE_WITH_KNOTS('',3,(#5724,#5725,#5726,#5727),
 .UNSPECIFIED.,.F.,.F.,(4,4),(0.,1.),.UNSPECIFIED.);
#28=B_SPLINE_CURVE_WITH_KNOTS('',3,(#5746,#5747,#5748,#5749),
 .UNSPECIFIED.,.F.,.F.,(4,4),(0.,1.),.UNSPECIFIED.);
#29=B_SPLINE_CURVE_WITH_KNOTS('',3,(#5753,#5754,#5755,#5756,#5757),
 .UNSPECIFIED.,.F.,.F.,(4,1,4),(0.,0.5,1.),.UNSPECIFIED.);
#30=B_SPLINE_CURVE_WITH_KNOTS('',3,(#5759,#5760,#5761,#5762,#5763),
 .UNSPECIFIED.,.F.,.F.,(4,1,4),(0.,0.5,1.),.UNSPECIFIED.);
#31=B_SPLINE_CURVE_WITH_KNOTS('',3,(#5765,#5766,#5767,#5768),
 .UNSPECIFIED.,.F.,.F.,(4,4),(0.,1.),.UNSPECIFIED.);
#32=B_SPLINE_CURVE_WITH_KNOTS('',1,(#5770,#5771),.UNSPECIFIED.,.F.,.F.,
(2,2),(0.,1.),.UNSPECIFIED.);
#33=B_SPLINE_CURVE_WITH_KNOTS('',2,(#5775,#5776,#5777,#5778,#5779,#5780,
#5781,#5782,#5783),.UNSPECIFIED.,.F.,.F.,(3,2,2,2,3),(0.,0.25,0.5,0.7,1.),
 .UNSPECIFIED.);
#34=B_SPLINE_CURVE_WITH_KNOTS('',1,(#5786,#5787),.UNSPECIFIED.,.F.,.F.,
(2,2),(0.,1.),.UNSPECIFIED.);
#35=B_SPLINE_CURVE_WITH_KNOTS('',2,(#5791,#5792,#5793,#5794,#5795,#5796,
#5797,#5798,#5799),.UNSPECIFIED.,.F.,.F.,(3,2,2,2,3),(0.,0.25,0.5,0.7,1.),
 .UNSPECIFIED.);
#36=B_SPLINE_CURVE_WITH_KNOTS('',3,(#5804,#5805,#5806,#5807),
 .UNSPECIFIED.,.F.,.F.,(4,4),(0.,1.),.UNSPECIFIED.);
#37=B_SPLINE_CURVE_WITH_KNOTS('',3,(#5811,#5812,#5813,#5814),
 .UNSPECIFIED.,.F.,.F.,(4,4),(0.,1.),.UNSPECIFIED.);
#38=B_SPLINE_CURVE_WITH_KNOTS('',3,(#5818,#5819,#5820,#5821),
 .UNSPECIFIED.,.F.,.F.,(4,4),(0.,1.),.UNSPECIFIED.);
#39=B_SPLINE_CURVE_WITH_KNOTS('',3,(#5825,#5826,#5827,#5828),
 .UNSPECIFIED.,.F.,.F.,(4,4),(0.,1.),.UNSPECIFIED.);
#40=B_SPLINE_CURVE_WITH_KNOTS('',3,(#5832,#5833,#5834,#5835),
 .UNSPECIFIED.,.F.,.F.,(4,4),(0.,1.),.UNSPECIFIED.);
#41=B_SPLINE_CURVE_WITH_KNOTS('',3,(#5841,#5842,#5843,#5844),
 .UNSPECIFIED.,.F.,.F.,(4,4),(0.,1.),.UNSPECIFIED.);
#42=B_SPLINE_CURVE_WITH_KNOTS('',1,(#5846,#5847),.UNSPECIFIED.,.F.,.F.,
(2,2),(0.,1.),.UNSPECIFIED.);
#43=B_SPLINE_CURVE_WITH_KNOTS('',1,(#5849,#5850),.UNSPECIFIED.,.F.,.F.,
(2,2),(0.,1.),.UNSPECIFIED.);
#44=B_SPLINE_CURVE_WITH_KNOTS('',1,(#5852,#5853),.UNSPECIFIED.,.F.,.F.,
(2,2),(0.,1.),.UNSPECIFIED.);
#45=B_SPLINE_CURVE_WITH_KNOTS('',1,(#5855,#5856),.UNSPECIFIED.,.F.,.F.,
(2,2),(0.,1.),.UNSPECIFIED.);
#46=B_SPLINE_CURVE_WITH_KNOTS('',1,(#5858,#5859),.UNSPECIFIED.,.F.,.F.,
(2,2),(0.,1.),.UNSPECIFIED.);
#47=B_SPLINE_CURVE_WITH_KNOTS('',1,(#5861,#5862),.UNSPECIFIED.,.F.,.F.,
(2,2),(0.,1.),.UNSPECIFIED.);
#48=B_SPLINE_CURVE_WITH_KNOTS('',1,(#5864,#5865),.UNSPECIFIED.,.F.,.F.,
(2,2),(0.,1.),.UNSPECIFIED.);
#49=B_SPLINE_CURVE_WITH_KNOTS('',1,(#5869,#5870),.UNSPECIFIED.,.F.,.F.,
(2,2),(0.,1.),.UNSPECIFIED.);
#50=B_SPLINE_CURVE_WITH_KNOTS('',1,(#5874,#5875),.UNSPECIFIED.,.F.,.F.,
(2,2),(0.,1.),.UNSPECIFIED.);
#51=B_SPLINE_CURVE_WITH_KNOTS('',1,(#5877,#5878),.UNSPECIFIED.,.F.,.F.,
(2,2),(0.,1.),.UNSPECIFIED.);
#52=B_SPLINE_CURVE_WITH_KNOTS('',1,(#5880,#5881),.UNSPECIFIED.,.F.,.F.,
(2,2),(0.,1.),.UNSPECIFIED.);
#53=B_SPLINE_CURVE_WITH_KNOTS('',1,(#5887,#5888),.UNSPECIFIED.,.F.,.F.,
(2,2),(0.,1.),.UNSPECIFIED.);
#54=B_SPLINE_CURVE_WITH_KNOTS('',1,(#5892,#5893),.UNSPECIFIED.,.F.,.F.,
(2,2),(0.,1.),.UNSPECIFIED.);
#55=B_SPLINE_CURVE_WITH_KNOTS('',3,(#5898,#5899,#5900,#5901),
 .UNSPECIFIED.,.F.,.F.,(4,4),(0.,1.),.UNSPECIFIED.);
#56=B_SPLINE_CURVE_WITH_KNOTS('',3,(#5903,#5904,#5905,#5906),
 .UNSPECIFIED.,.F.,.F.,(4,4),(0.,1.),.UNSPECIFIED.);
#57=B_SPLINE_CURVE_WITH_KNOTS('',1,(#5908,#5909),.UNSPECIFIED.,.F.,.F.,
(2,2),(0.,1.),.UNSPECIFIED.);
#58=B_SPLINE_CURVE_WITH_KNOTS('',1,(#5914,#5915),.UNSPECIFIED.,.F.,.F.,
(2,2),(0.,1.),.UNSPECIFIED.);
#59=B_SPLINE_CURVE_WITH_KNOTS('',3,(#5919,#5920,#5921,#5922),
 .UNSPECIFIED.,.F.,.F.,(4,4),(0.,1.),.UNSPECIFIED.);
#60=B_SPLINE_CURVE_WITH_KNOTS('',1,(#5926,#5927),.UNSPECIFIED.,.F.,.F.,
(2,2),(0.,1.),.UNSPECIFIED.);
#61=B_SPLINE_CURVE_WITH_KNOTS('',3,(#5929,#5930,#5931,#5932),
 .UNSPECIFIED.,.F.,.F.,(4,4),(0.,1.),.UNSPECIFIED.);
#62=B_SPLINE_CURVE_WITH_KNOTS('',1,(#5934,#5935),.UNSPECIFIED.,.F.,.F.,
(2,2),(0.,1.),.UNSPECIFIED.);
#63=B_SPLINE_CURVE_WITH_KNOTS('',1,(#5937,#5938),.UNSPECIFIED.,.F.,.F.,
(2,2),(0.,1.),.UNSPECIFIED.);
#64=B_SPLINE_CURVE_WITH_KNOTS('',1,(#5940,#5941),.UNSPECIFIED.,.F.,.F.,
(2,2),(0.,1.),.UNSPECIFIED.);
#65=B_SPLINE_CURVE_WITH_KNOTS('',1,(#5943,#5944),.UNSPECIFIED.,.F.,.F.,
(2,2),(0.,1.),.UNSPECIFIED.);
#66=B_SPLINE_CURVE_WITH_KNOTS('',1,(#5946,#5947),.UNSPECIFIED.,.F.,.F.,
(2,2),(0.,1.),.UNSPECIFIED.);
#67=B_SPLINE_CURVE_WITH_KNOTS('',3,(#5949,#5950,#5951,#5952),
 .UNSPECIFIED.,.F.,.F.,(4,4),(0.,1.),.UNSPECIFIED.);
#68=B_SPLINE_CURVE_WITH_KNOTS('',1,(#5954,#5955),.UNSPECIFIED.,.F.,.F.,
(2,2),(0.,1.),.UNSPECIFIED.);
#69=B_SPLINE_CURVE_WITH_KNOTS('',3,(#5957,#5958,#5959,#5960),
 .UNSPECIFIED.,.F.,.F.,(4,4),(0.,1.),.UNSPECIFIED.);
#70=B_SPLINE_CURVE_WITH_KNOTS('',1,(#5962,#5963),.UNSPECIFIED.,.F.,.F.,
(2,2),(0.,1.),.UNSPECIFIED.);
#71=B_SPLINE_CURVE_WITH_KNOTS('',3,(#5965,#5966,#5967,#5968),
 .UNSPECIFIED.,.F.,.F.,(4,4),(0.,1.),.UNSPECIFIED.);
#72=B_SPLINE_CURVE_WITH_KNOTS('',1,(#5970,#5971),.UNSPECIFIED.,.F.,.F.,
(2,2),(0.,1.),.UNSPECIFIED.);
#73=B_SPLINE_CURVE_WITH_KNOTS('',3,(#5973,#5974,#5975,#5976),
 .UNSPECIFIED.,.F.,.F.,(4,4),(0.,1.),.UNSPECIFIED.);
#74=B_SPLINE_CURVE_WITH_KNOTS('',1,(#5978,#5979),.UNSPECIFIED.,.F.,.F.,
(2,2),(0.,1.),.UNSPECIFIED.);
#75=B_SPLINE_CURVE_WITH_KNOTS('',3,(#5981,#5982,#5983,#5984),
 .UNSPECIFIED.,.F.,.F.,(4,4),(0.,1.),.UNSPECIFIED.);
#76=B_SPLINE_CURVE_WITH_KNOTS('',1,(#5986,#5987),.UNSPECIFIED.,.F.,.F.,
(2,2),(0.,1.),.UNSPECIFIED.);
#77=B_SPLINE_CURVE_WITH_KNOTS('',3,(#5989,#5990,#5991,#5992),
 .UNSPECIFIED.,.F.,.F.,(4,4),(0.,1.),.UNSPECIFIED.);
#78=B_SPLINE_CURVE_WITH_KNOTS('',1,(#5994,#5995),.UNSPECIFIED.,.F.,.F.,
(2,2),(0.,1.),.UNSPECIFIED.);
#79=B_SPLINE_CURVE_WITH_KNOTS('',3,(#5997,#5998,#5999,#6000),
 .UNSPECIFIED.,.F.,.F.,(4,4),(0.,1.),.UNSPECIFIED.);
#80=B_SPLINE_CURVE_WITH_KNOTS('',1,(#6002,#6003),.UNSPECIFIED.,.F.,.F.,
(2,2),(0.,1.),.UNSPECIFIED.);
#81=B_SPLINE_CURVE_WITH_KNOTS('',1,(#6008,#6009),.UNSPECIFIED.,.F.,.F.,
(2,2),(0.,1.),.UNSPECIFIED.);
#82=B_SPLINE_CURVE_WITH_KNOTS('',1,(#6011,#6012),.UNSPECIFIED.,.F.,.F.,
(2,2),(0.,1.),.UNSPECIFIED.);
#83=B_SPLINE_CURVE_WITH_KNOTS('',1,(#6016,#6017),.UNSPECIFIED.,.F.,.F.,
(2,2),(0.,1.),.UNSPECIFIED.);
#84=B_SPLINE_CURVE_WITH_KNOTS('',1,(#6019,#6020),.UNSPECIFIED.,.F.,.F.,
(2,2),(0.,1.),.UNSPECIFIED.);
#85=B_SPLINE_CURVE_WITH_KNOTS('',1,(#6022,#6023),.UNSPECIFIED.,.F.,.F.,
(2,2),(0.,1.),.UNSPECIFIED.);
#86=B_SPLINE_CURVE_WITH_KNOTS('',1,(#6025,#6026),.UNSPECIFIED.,.F.,.F.,
(2,2),(0.,1.),.UNSPECIFIED.);
#87=B_SPLINE_CURVE_WITH_KNOTS('',3,(#6029,#6030,#6031,#6032),
 .UNSPECIFIED.,.F.,.F.,(4,4),(0.,1.),.UNSPECIFIED.);
#88=B_SPLINE_CURVE_WITH_KNOTS('',1,(#6033,#6034),.UNSPECIFIED.,.F.,.F.,
(2,2),(0.,1.),.UNSPECIFIED.);
#89=B_SPLINE_CURVE_WITH_KNOTS('',3,(#6039,#6040,#6041,#6042),
 .UNSPECIFIED.,.F.,.F.,(4,4),(0.,1.),.UNSPECIFIED.);
#90=B_SPLINE_CURVE_WITH_KNOTS('',3,(#6043,#6044,#6045,#6046),
 .UNSPECIFIED.,.F.,.F.,(4,4),(0.,1.),.UNSPECIFIED.);
#91=B_SPLINE_CURVE_WITH_KNOTS('',1,(#6048,#6049),.UNSPECIFIED.,.F.,.F.,
(2,2),(0.,1.),.UNSPECIFIED.);
#92=B_SPLINE_CURVE_WITH_KNOTS('',3,(#6052,#6053,#6054,#6055),
 .UNSPECIFIED.,.F.,.F.,(4,4),(0.,1.),.UNSPECIFIED.);
#93=B_SPLINE_CURVE_WITH_KNOTS('',3,(#6056,#6057,#6058,#6059),
 .UNSPECIFIED.,.F.,.F.,(4,4),(0.,1.),.UNSPECIFIED.);
#94=B_SPLINE_CURVE_WITH_KNOTS('',1,(#6061,#6062),.UNSPECIFIED.,.F.,.F.,
(2,2),(0.,1.),.UNSPECIFIED.);
#95=B_SPLINE_CURVE_WITH_KNOTS('',3,(#6065,#6066,#6067,#6068),
 .UNSPECIFIED.,.F.,.F.,(4,4),(0.,1.),.UNSPECIFIED.);
#96=B_SPLINE_CURVE_WITH_KNOTS('',3,(#6069,#6070,#6071,#6072),
 .UNSPECIFIED.,.F.,.F.,(4,4),(0.,1.),.UNSPECIFIED.);
#97=B_SPLINE_CURVE_WITH_KNOTS('',1,(#6074,#6075),.UNSPECIFIED.,.F.,.F.,
(2,2),(0.,1.),.UNSPECIFIED.);
#98=B_SPLINE_CURVE_WITH_KNOTS('',3,(#6079,#6080,#6081,#6082),
 .UNSPECIFIED.,.F.,.F.,(4,4),(0.,1.),.UNSPECIFIED.);
#99=B_SPLINE_CURVE_WITH_KNOTS('',1,(#6084,#6085),.UNSPECIFIED.,.F.,.F.,
(2,2),(0.,1.),.UNSPECIFIED.);
#100=B_SPLINE_CURVE_WITH_KNOTS('',1,(#6087,#6088),.UNSPECIFIED.,.F.,.F.,
(2,2),(0.,1.),.UNSPECIFIED.);
#101=B_SPLINE_CURVE_WITH_KNOTS('',3,(#6090,#6091,#6092,#6093),
 .UNSPECIFIED.,.F.,.F.,(4,4),(0.,1.),.UNSPECIFIED.);
#102=B_SPLINE_CURVE_WITH_KNOTS('',1,(#6095,#6096),.UNSPECIFIED.,.F.,.F.,
(2,2),(0.,1.),.UNSPECIFIED.);
#103=B_SPLINE_CURVE_WITH_KNOTS('',1,(#6098,#6099),.UNSPECIFIED.,.F.,.F.,
(2,2),(0.,1.),.UNSPECIFIED.);
#104=B_SPLINE_CURVE_WITH_KNOTS('',3,(#6101,#6102,#6103,#6104),
 .UNSPECIFIED.,.F.,.F.,(4,4),(0.,1.),.UNSPECIFIED.);
#105=B_SPLINE_CURVE_WITH_KNOTS('',1,(#6106,#6107),.UNSPECIFIED.,.F.,.F.,
(2,2),(0.,1.),.UNSPECIFIED.);
#106=B_SPLINE_CURVE_WITH_KNOTS('',1,(#6109,#6110),.UNSPECIFIED.,.F.,.F.,
(2,2),(0.,1.),.UNSPECIFIED.);
#107=B_SPLINE_CURVE_WITH_KNOTS('',1,(#6112,#6113),.UNSPECIFIED.,.F.,.F.,
(2,2),(0.,1.),.UNSPECIFIED.);
#108=B_SPLINE_CURVE_WITH_KNOTS('',1,(#6116,#6117),.UNSPECIFIED.,.F.,.F.,
(2,2),(0.,1.),.UNSPECIFIED.);
#109=B_SPLINE_CURVE_WITH_KNOTS('',1,(#6118,#6119),.UNSPECIFIED.,.F.,.F.,
(2,2),(0.,1.),.UNSPECIFIED.);
#110=B_SPLINE_CURVE_WITH_KNOTS('',3,(#6121,#6122,#6123,#6124),
 .UNSPECIFIED.,.F.,.F.,(4,4),(0.,1.),.UNSPECIFIED.);
#111=B_SPLINE_CURVE_WITH_KNOTS('',1,(#6131,#6132),.UNSPECIFIED.,.F.,.F.,
(2,2),(0.,1.),.UNSPECIFIED.);
#112=B_SPLINE_CURVE_WITH_KNOTS('',1,(#6134,#6135),.UNSPECIFIED.,.F.,.F.,
(2,2),(0.,1.),.UNSPECIFIED.);
#113=B_SPLINE_CURVE_WITH_KNOTS('',1,(#6137,#6138),.UNSPECIFIED.,.F.,.F.,
(2,2),(0.,1.),.UNSPECIFIED.);
#114=B_SPLINE_CURVE_WITH_KNOTS('',1,(#6140,#6141),.UNSPECIFIED.,.F.,.F.,
(2,2),(0.,1.),.UNSPECIFIED.);
#115=B_SPLINE_CURVE_WITH_KNOTS('',1,(#6143,#6144),.UNSPECIFIED.,.F.,.F.,
(2,2),(0.,1.),.UNSPECIFIED.);
#116=B_SPLINE_CURVE_WITH_KNOTS('',3,(#6160,#6161,#6162,#6163,#6164,#6165,
#6166,#6167,#6168,#6169,#6170,#6171,#6172,#6173,#6174,#6175,#6176,#6177),
 .UNSPECIFIED.,.F.,.F.,(4,2,2,2,2,2,2,2,4),(0.,0.125,0.25,0.375,0.5,0.625,
0.75,0.875,1.),.UNSPECIFIED.);
#117=B_SPLINE_CURVE_WITH_KNOTS('',1,(#6180,#6181),.UNSPECIFIED.,.F.,.F.,
(2,2),(0.,1.),.UNSPECIFIED.);
#118=B_SPLINE_CURVE_WITH_KNOTS('',3,(#6183,#6184,#6185,#6186,#6187,#6188,
#6189,#6190,#6191,#6192,#6193,#6194,#6195,#6196,#6197,#6198,#6199,#6200),
 .UNSPECIFIED.,.F.,.F.,(4,2,2,2,2,2,2,2,4),(0.,0.125,0.25,0.375,0.5,0.625,
0.75,0.875,1.),.UNSPECIFIED.);
#119=B_SPLINE_CURVE_WITH_KNOTS('',1,(#6202,#6203),.UNSPECIFIED.,.F.,.F.,
(2,2),(0.,1.),.UNSPECIFIED.);
#120=B_SPLINE_CURVE_WITH_KNOTS('',1,(#6206,#6207),.UNSPECIFIED.,.F.,.F.,
(2,2),(0.,1.),.UNSPECIFIED.);
#121=B_SPLINE_CURVE_WITH_KNOTS('',1,(#6210,#6211),.UNSPECIFIED.,.F.,.F.,
(2,2),(0.,1.),.UNSPECIFIED.);
#122=B_SPLINE_CURVE_WITH_KNOTS('',1,(#6213,#6214),.UNSPECIFIED.,.F.,.F.,
(2,2),(0.,1.),.UNSPECIFIED.);
#123=B_SPLINE_CURVE_WITH_KNOTS('',1,(#6216,#6217),.UNSPECIFIED.,.F.,.F.,
(2,2),(0.,1.),.UNSPECIFIED.);
#124=B_SPLINE_CURVE_WITH_KNOTS('',1,(#6219,#6220),.UNSPECIFIED.,.F.,.F.,
(2,2),(0.,1.),.UNSPECIFIED.);
#125=B_SPLINE_CURVE_WITH_KNOTS('',2,(#6223,#6224,#6225,#6226,#6227,#6228,
#6229,#6230,#6231),.UNSPECIFIED.,.F.,.F.,(3,2,2,2,3),(0.,0.285714285714286,
0.5,0.75,1.),.UNSPECIFIED.);
#126=B_SPLINE_CURVE_WITH_KNOTS('',1,(#6233,#6234),.UNSPECIFIED.,.F.,.F.,
(2,2),(0.,1.),.UNSPECIFIED.);
#127=B_SPLINE_CURVE_WITH_KNOTS('',1,(#6236,#6237),.UNSPECIFIED.,.F.,.F.,
(2,2),(0.,1.),.UNSPECIFIED.);
#128=B_SPLINE_CURVE_WITH_KNOTS('',1,(#6239,#6240),.UNSPECIFIED.,.F.,.F.,
(2,2),(0.,1.),.UNSPECIFIED.);
#129=B_SPLINE_CURVE_WITH_KNOTS('',1,(#6243,#6244),.UNSPECIFIED.,.F.,.F.,
(2,2),(0.,1.),.UNSPECIFIED.);
#130=B_SPLINE_CURVE_WITH_KNOTS('',1,(#6246,#6247),.UNSPECIFIED.,.F.,.F.,
(2,2),(0.,1.),.UNSPECIFIED.);
#131=B_SPLINE_CURVE_WITH_KNOTS('',1,(#6249,#6250),.UNSPECIFIED.,.F.,.F.,
(2,2),(0.,1.),.UNSPECIFIED.);
#132=B_SPLINE_CURVE_WITH_KNOTS('',1,(#6252,#6253),.UNSPECIFIED.,.F.,.F.,
(2,2),(0.,1.),.UNSPECIFIED.);
#133=B_SPLINE_CURVE_WITH_KNOTS('',1,(#6255,#6256),.UNSPECIFIED.,.F.,.F.,
(2,2),(0.,1.),.UNSPECIFIED.);
#134=B_SPLINE_CURVE_WITH_KNOTS('',1,(#6258,#6259,#6260),.UNSPECIFIED.,.F.,
 .F.,(2,1,2),(0.,1.,1.01),.PIECEWISE_BEZIER_KNOTS.);
#135=B_SPLINE_CURVE_WITH_KNOTS('',3,(#6262,#6263,#6264,#6265,#6266,#6267,
#6268),.UNSPECIFIED.,.F.,.F.,(4,3,4),(0.,1.,1.01),
 .PIECEWISE_BEZIER_KNOTS.);
#136=B_SPLINE_CURVE_WITH_KNOTS('',1,(#6270,#6271),.UNSPECIFIED.,.F.,.F.,
(2,2),(0.793103448276575,1.),.UNSPECIFIED.);
#137=B_SPLINE_CURVE_WITH_KNOTS('',1,(#6273,#6274),.UNSPECIFIED.,.F.,.F.,
(2,2),(0.206896551723424,0.793103448276575),.UNSPECIFIED.);
#138=B_SPLINE_CURVE_WITH_KNOTS('',1,(#6276,#6277),.UNSPECIFIED.,.F.,.F.,
(2,2),(0.,0.206896551723424),.UNSPECIFIED.);
#139=B_SPLINE_CURVE_WITH_KNOTS('',3,(#6279,#6280,#6281,#6282,#6283,#6284,
#6285),.UNSPECIFIED.,.F.,.F.,(4,3,4),(-0.01,0.,1.),
 .PIECEWISE_BEZIER_KNOTS.);
#140=B_SPLINE_CURVE_WITH_KNOTS('',1,(#6287,#6288),.UNSPECIFIED.,.F.,.F.,
(2,2),(0.,1.),.UNSPECIFIED.);
#141=B_SPLINE_CURVE_WITH_KNOTS('',1,(#6291,#6292),.UNSPECIFIED.,.F.,.F.,
(2,2),(0.,1.),.UNSPECIFIED.);
#142=B_SPLINE_CURVE_WITH_KNOTS('',1,(#6294,#6295),.UNSPECIFIED.,.F.,.F.,
(2,2),(0.,1.),.UNSPECIFIED.);
#143=B_SPLINE_CURVE_WITH_KNOTS('',3,(#6301,#6302,#6303,#6304),
 .UNSPECIFIED.,.F.,.F.,(4,4),(0.,1.),.UNSPECIFIED.);
#144=B_SPLINE_CURVE_WITH_KNOTS('',3,(#6305,#6306,#6307,#6308,#6309,#6310,
#6311),.UNSPECIFIED.,.F.,.F.,(4,3,4),(0.,1.,1.09090863634835),
 .PIECEWISE_BEZIER_KNOTS.);
#145=B_SPLINE_CURVE_WITH_KNOTS('',1,(#6313,#6314,#6315),.UNSPECIFIED.,.F.,
 .F.,(2,1,2),(-0.123015586973051,0.,1.),.PIECEWISE_BEZIER_KNOTS.);
#146=B_SPLINE_CURVE_WITH_KNOTS('',1,(#6316,#6317),.UNSPECIFIED.,.F.,.F.,
(2,2),(0.,1.),.UNSPECIFIED.);
#147=B_SPLINE_CURVE_WITH_KNOTS('',1,(#6319,#6320,#6321),.UNSPECIFIED.,.F.,
 .F.,(2,1,2),(0.,1.,1.08266903390602),.PIECEWISE_BEZIER_KNOTS.);
#148=B_SPLINE_CURVE_WITH_KNOTS('',1,(#6323,#6324),.UNSPECIFIED.,.F.,.F.,
(2,2),(0.,1.),.UNSPECIFIED.);
#149=B_SPLINE_CURVE_WITH_KNOTS('',1,(#6326,#6327),.UNSPECIFIED.,.F.,.F.,
(2,2),(0.,1.),.UNSPECIFIED.);
#150=B_SPLINE_CURVE_WITH_KNOTS('',1,(#6329,#6330),.UNSPECIFIED.,.F.,.F.,
(2,2),(0.,1.),.UNSPECIFIED.);
#151=B_SPLINE_CURVE_WITH_KNOTS('',1,(#6337,#6338),.UNSPECIFIED.,.F.,.F.,
(2,2),(0.,1.),.UNSPECIFIED.);
#152=B_SPLINE_CURVE_WITH_KNOTS('',1,(#6340,#6341),.UNSPECIFIED.,.F.,.F.,
(2,2),(0.,1.),.UNSPECIFIED.);
#153=B_SPLINE_CURVE_WITH_KNOTS('',1,(#6343,#6344),.UNSPECIFIED.,.F.,.F.,
(2,2),(0.,1.),.UNSPECIFIED.);
#154=B_SPLINE_CURVE_WITH_KNOTS('',1,(#6346,#6347),.UNSPECIFIED.,.F.,.F.,
(2,2),(0.,1.),.UNSPECIFIED.);
#155=B_SPLINE_CURVE_WITH_KNOTS('',1,(#6350,#6351),.UNSPECIFIED.,.F.,.F.,
(2,2),(0.,1.),.UNSPECIFIED.);
#156=B_SPLINE_CURVE_WITH_KNOTS('',1,(#6353,#6354),.UNSPECIFIED.,.F.,.F.,
(2,2),(0.,1.),.UNSPECIFIED.);
#157=B_SPLINE_CURVE_WITH_KNOTS('',1,(#6356,#6357),.UNSPECIFIED.,.F.,.F.,
(2,2),(0.,1.),.UNSPECIFIED.);
#158=B_SPLINE_CURVE_WITH_KNOTS('',1,(#6359,#6360),.UNSPECIFIED.,.F.,.F.,
(2,2),(0.,1.),.UNSPECIFIED.);
#159=B_SPLINE_CURVE_WITH_KNOTS('',1,(#6362,#6363),.UNSPECIFIED.,.F.,.F.,
(2,2),(0.,1.),.UNSPECIFIED.);
#160=B_SPLINE_CURVE_WITH_KNOTS('',1,(#6365,#6366),.UNSPECIFIED.,.F.,.F.,
(2,2),(0.,1.),.UNSPECIFIED.);
#161=B_SPLINE_CURVE_WITH_KNOTS('',1,(#6368,#6369),.UNSPECIFIED.,.F.,.F.,
(2,2),(0.,1.),.UNSPECIFIED.);
#162=B_SPLINE_CURVE_WITH_KNOTS('',1,(#6371,#6372),.UNSPECIFIED.,.F.,.F.,
(2,2),(0.,1.),.UNSPECIFIED.);
#163=B_SPLINE_CURVE_WITH_KNOTS('',1,(#6374,#6375),.UNSPECIFIED.,.F.,.F.,
(2,2),(0.,1.),.UNSPECIFIED.);
#164=B_SPLINE_CURVE_WITH_KNOTS('',1,(#6378,#6379),.UNSPECIFIED.,.F.,.F.,
(2,2),(0.,1.),.UNSPECIFIED.);
#165=B_SPLINE_CURVE_WITH_KNOTS('',1,(#6381,#6382),.UNSPECIFIED.,.F.,.F.,
(2,2),(0.,1.),.UNSPECIFIED.);
#166=B_SPLINE_CURVE_WITH_KNOTS('',1,(#6384,#6385),.UNSPECIFIED.,.F.,.F.,
(2,2),(0.,1.),.UNSPECIFIED.);
#167=B_SPLINE_CURVE_WITH_KNOTS('',1,(#6387,#6388),.UNSPECIFIED.,.F.,.F.,
(2,2),(0.,1.),.UNSPECIFIED.);
#168=B_SPLINE_CURVE_WITH_KNOTS('',1,(#6390,#6391),.UNSPECIFIED.,.F.,.F.,
(2,2),(0.,1.),.UNSPECIFIED.);
#169=B_SPLINE_CURVE_WITH_KNOTS('',1,(#6393,#6394),.UNSPECIFIED.,.F.,.F.,
(2,2),(0.,1.),.UNSPECIFIED.);
#170=B_SPLINE_CURVE_WITH_KNOTS('',1,(#6396,#6397),.UNSPECIFIED.,.F.,.F.,
(2,2),(0.,1.),.UNSPECIFIED.);
#171=B_SPLINE_CURVE_WITH_KNOTS('',1,(#6398,#6399),.UNSPECIFIED.,.F.,.F.,
(2,2),(0.,1.),.UNSPECIFIED.);
#172=B_SPLINE_CURVE_WITH_KNOTS('',1,(#6401,#6402),.UNSPECIFIED.,.F.,.F.,
(2,2),(0.,1.),.UNSPECIFIED.);
#173=B_SPLINE_CURVE_WITH_KNOTS('',1,(#6403,#6404),.UNSPECIFIED.,.F.,.F.,
(2,2),(0.388943455844771,1.),.UNSPECIFIED.);
#174=B_SPLINE_CURVE_WITH_KNOTS('',1,(#6406,#6407),.UNSPECIFIED.,.F.,.F.,
(2,2),(0.,0.388943455844771),.UNSPECIFIED.);
#175=B_SPLINE_CURVE_WITH_KNOTS('',1,(#6409,#6410),.UNSPECIFIED.,.F.,.F.,
(2,2),(0.879716735305026,1.),.UNSPECIFIED.);
#176=B_SPLINE_CURVE_WITH_KNOTS('',1,(#6412,#6413),.UNSPECIFIED.,.F.,.F.,
(2,2),(0.120283264695487,0.879716735305026),.UNSPECIFIED.);
#177=B_SPLINE_CURVE_WITH_KNOTS('',1,(#6415,#6416),.UNSPECIFIED.,.F.,.F.,
(2,2),(0.,0.120283264695487),.UNSPECIFIED.);
#178=B_SPLINE_CURVE_WITH_KNOTS('',1,(#6418,#6419),.UNSPECIFIED.,.F.,.F.,
(2,2),(0.611056544159924,1.),.UNSPECIFIED.);
#179=B_SPLINE_CURVE_WITH_KNOTS('',1,(#6421,#6422),.UNSPECIFIED.,.F.,.F.,
(2,2),(0.,0.611056544159924),.UNSPECIFIED.);
#180=B_SPLINE_CURVE_WITH_KNOTS('',1,(#6424,#6425),.UNSPECIFIED.,.F.,.F.,
(2,2),(0.,1.),.UNSPECIFIED.);
#181=B_SPLINE_CURVE_WITH_KNOTS('',1,(#6428,#6429),.UNSPECIFIED.,.F.,.F.,
(2,2),(0.,1.),.UNSPECIFIED.);
#182=B_SPLINE_CURVE_WITH_KNOTS('',1,(#6431,#6432),.UNSPECIFIED.,.F.,.F.,
(2,2),(0.,1.),.UNSPECIFIED.);
#183=B_SPLINE_CURVE_WITH_KNOTS('',1,(#6434,#6435),.UNSPECIFIED.,.F.,.F.,
(2,2),(0.,1.),.UNSPECIFIED.);
#184=B_SPLINE_CURVE_WITH_KNOTS('',1,(#6438,#6439),.UNSPECIFIED.,.F.,.F.,
(2,2),(0.,1.),.UNSPECIFIED.);
#185=B_SPLINE_CURVE_WITH_KNOTS('',1,(#6443,#6444),.UNSPECIFIED.,.F.,.F.,
(2,2),(0.,1.),.UNSPECIFIED.);
#186=B_SPLINE_CURVE_WITH_KNOTS('',1,(#6446,#6447),.UNSPECIFIED.,.F.,.F.,
(2,2),(0.,1.),.UNSPECIFIED.);
#187=B_SPLINE_CURVE_WITH_KNOTS('',1,(#6449,#6450),.UNSPECIFIED.,.F.,.F.,
(2,2),(0.,1.),.UNSPECIFIED.);
#188=B_SPLINE_CURVE_WITH_KNOTS('',1,(#6452,#6453),.UNSPECIFIED.,.F.,.F.,
(2,2),(0.,1.),.UNSPECIFIED.);
#189=B_SPLINE_CURVE_WITH_KNOTS('',1,(#6455,#6456),.UNSPECIFIED.,.F.,.F.,
(2,2),(0.,1.),.UNSPECIFIED.);
#190=B_SPLINE_CURVE_WITH_KNOTS('',1,(#6459,#6460),.UNSPECIFIED.,.F.,.F.,
(2,2),(0.,1.),.UNSPECIFIED.);
#191=B_SPLINE_CURVE_WITH_KNOTS('',1,(#6462,#6463),.UNSPECIFIED.,.F.,.F.,
(2,2),(0.,1.),.UNSPECIFIED.);
#192=B_SPLINE_CURVE_WITH_KNOTS('',1,(#6465,#6466),.UNSPECIFIED.,.F.,.F.,
(2,2),(0.,1.),.UNSPECIFIED.);
#193=B_SPLINE_CURVE_WITH_KNOTS('',1,(#6468,#6469),.UNSPECIFIED.,.F.,.F.,
(2,2),(0.,1.),.UNSPECIFIED.);
#194=B_SPLINE_CURVE_WITH_KNOTS('',1,(#6471,#6472),.UNSPECIFIED.,.F.,.F.,
(2,2),(0.,1.),.UNSPECIFIED.);
#195=B_SPLINE_CURVE_WITH_KNOTS('',1,(#6474,#6475),.UNSPECIFIED.,.F.,.F.,
(2,2),(0.,1.),.UNSPECIFIED.);
#196=B_SPLINE_CURVE_WITH_KNOTS('',1,(#6478,#6479),.UNSPECIFIED.,.F.,.F.,
(2,2),(0.,1.),.UNSPECIFIED.);
#197=B_SPLINE_CURVE_WITH_KNOTS('',1,(#6481,#6482),.UNSPECIFIED.,.F.,.F.,
(2,2),(0.,1.),.UNSPECIFIED.);
#198=B_SPLINE_CURVE_WITH_KNOTS('',1,(#6484,#6485),.UNSPECIFIED.,.F.,.F.,
(2,2),(0.,1.),.UNSPECIFIED.);
#199=B_SPLINE_CURVE_WITH_KNOTS('',1,(#6487,#6488),.UNSPECIFIED.,.F.,.F.,
(2,2),(0.,1.),.UNSPECIFIED.);
#200=B_SPLINE_CURVE_WITH_KNOTS('',1,(#6491,#6492),.UNSPECIFIED.,.F.,.F.,
(2,2),(0.,1.),.UNSPECIFIED.);
#201=B_SPLINE_CURVE_WITH_KNOTS('',1,(#6493,#6494),.UNSPECIFIED.,.F.,.F.,
(2,2),(0.,1.),.UNSPECIFIED.);
#202=B_SPLINE_CURVE_WITH_KNOTS('',1,(#6496,#6497),.UNSPECIFIED.,.F.,.F.,
(2,2),(0.,1.),.UNSPECIFIED.);
#203=B_SPLINE_CURVE_WITH_KNOTS('',1,(#6499,#6500),.UNSPECIFIED.,.F.,.F.,
(2,2),(0.,1.),.UNSPECIFIED.);
#204=B_SPLINE_CURVE_WITH_KNOTS('',1,(#6502,#6503),.UNSPECIFIED.,.F.,.F.,
(2,2),(0.,1.),.UNSPECIFIED.);
#205=B_SPLINE_CURVE_WITH_KNOTS('',1,(#6505,#6506),.UNSPECIFIED.,.F.,.F.,
(2,2),(0.,1.),.UNSPECIFIED.);
#206=B_SPLINE_CURVE_WITH_KNOTS('',1,(#6508,#6509),.UNSPECIFIED.,.F.,.F.,
(2,2),(0.,1.),.UNSPECIFIED.);
#207=B_SPLINE_CURVE_WITH_KNOTS('',1,(#6511,#6512),.UNSPECIFIED.,.F.,.F.,
(2,2),(0.,1.),.UNSPECIFIED.);
#208=B_SPLINE_CURVE_WITH_KNOTS('',1,(#6515,#6516),.UNSPECIFIED.,.F.,.F.,
(2,2),(0.,1.),.UNSPECIFIED.);
#209=B_SPLINE_CURVE_WITH_KNOTS('',1,(#6518,#6519),.UNSPECIFIED.,.F.,.F.,
(2,2),(0.,1.),.UNSPECIFIED.);
#210=B_SPLINE_CURVE_WITH_KNOTS('',1,(#6521,#6522),.UNSPECIFIED.,.F.,.F.,
(2,2),(0.,1.),.UNSPECIFIED.);
#211=B_SPLINE_CURVE_WITH_KNOTS('',2,(#6524,#6525,#6526),.UNSPECIFIED.,.F.,
 .F.,(3,3),(0.,1.),.UNSPECIFIED.);
#212=B_SPLINE_CURVE_WITH_KNOTS('',1,(#6528,#6529),.UNSPECIFIED.,.F.,.F.,
(2,2),(0.,1.),.UNSPECIFIED.);
#213=B_SPLINE_CURVE_WITH_KNOTS('',2,(#6531,#6532,#6533),.UNSPECIFIED.,.F.,
 .F.,(3,3),(0.,1.),.UNSPECIFIED.);
#214=B_SPLINE_CURVE_WITH_KNOTS('',1,(#6535,#6536),.UNSPECIFIED.,.F.,.F.,
(2,2),(0.,1.),.UNSPECIFIED.);
#215=B_SPLINE_CURVE_WITH_KNOTS('',3,(#6539,#6540,#6541,#6542),
 .UNSPECIFIED.,.F.,.F.,(4,4),(0.,1.),.UNSPECIFIED.);
#216=B_SPLINE_CURVE_WITH_KNOTS('',3,(#6544,#6545,#6546,#6547),
 .UNSPECIFIED.,.F.,.F.,(4,4),(0.,1.),.UNSPECIFIED.);
#217=B_SPLINE_CURVE_WITH_KNOTS('',1,(#6549,#6550),.UNSPECIFIED.,.F.,.F.,
(2,2),(0.,1.),.UNSPECIFIED.);
#218=B_SPLINE_CURVE_WITH_KNOTS('',1,(#6551,#6552),.UNSPECIFIED.,.F.,.F.,
(2,2),(0.,1.),.UNSPECIFIED.);
#219=B_SPLINE_CURVE_WITH_KNOTS('',1,(#6554,#6555),.UNSPECIFIED.,.F.,.F.,
(2,2),(0.,1.),.UNSPECIFIED.);
#220=B_SPLINE_CURVE_WITH_KNOTS('',1,(#6556,#6557),.UNSPECIFIED.,.F.,.F.,
(2,2),(0.,1.),.UNSPECIFIED.);
#221=B_SPLINE_CURVE_WITH_KNOTS('',1,(#6559,#6560),.UNSPECIFIED.,.F.,.F.,
(2,2),(0.,1.),.UNSPECIFIED.);
#222=B_SPLINE_CURVE_WITH_KNOTS('',1,(#6562,#6563),.UNSPECIFIED.,.F.,.F.,
(2,2),(0.,1.),.UNSPECIFIED.);
#223=B_SPLINE_CURVE_WITH_KNOTS('',1,(#6565,#6566),.UNSPECIFIED.,.F.,.F.,
(2,2),(0.,1.),.UNSPECIFIED.);
#224=B_SPLINE_CURVE_WITH_KNOTS('',1,(#6568,#6569),.UNSPECIFIED.,.F.,.F.,
(2,2),(0.611056544159924,1.),.UNSPECIFIED.);
#225=B_SPLINE_CURVE_WITH_KNOTS('',1,(#6572,#6573),.UNSPECIFIED.,.F.,.F.,
(2,2),(0.,0.611056544159924),.UNSPECIFIED.);
#226=B_SPLINE_CURVE_WITH_KNOTS('',1,(#6575,#6576),.UNSPECIFIED.,.F.,.F.,
(2,2),(0.,1.),.UNSPECIFIED.);
#227=B_SPLINE_CURVE_WITH_KNOTS('',1,(#6578,#6579),.UNSPECIFIED.,.F.,.F.,
(2,2),(0.388943455840076,1.),.UNSPECIFIED.);
#228=B_SPLINE_CURVE_WITH_KNOTS('',1,(#6581,#6582),.UNSPECIFIED.,.F.,.F.,
(2,2),(0.611056544159924,1.),.UNSPECIFIED.);
#229=B_SPLINE_CURVE_WITH_KNOTS('',1,(#6584,#6585),.UNSPECIFIED.,.F.,.F.,
(2,2),(0.,1.),.UNSPECIFIED.);
#230=B_SPLINE_CURVE_WITH_KNOTS('',1,(#6587,#6588),.UNSPECIFIED.,.F.,.F.,
(2,2),(0.,1.),.UNSPECIFIED.);
#231=B_SPLINE_CURVE_WITH_KNOTS('',1,(#6591,#6592),.UNSPECIFIED.,.F.,.F.,
(2,2),(0.,0.388943455844771),.UNSPECIFIED.);
#232=B_SPLINE_CURVE_WITH_KNOTS('',1,(#6594,#6595),.UNSPECIFIED.,.F.,.F.,
(2,2),(0.388943455844771,1.),.UNSPECIFIED.);
#233=B_SPLINE_CURVE_WITH_KNOTS('',1,(#6597,#6598),.UNSPECIFIED.,.F.,.F.,
(2,2),(0.,1.),.UNSPECIFIED.);
#234=B_SPLINE_CURVE_WITH_KNOTS('',1,(#6600,#6601),.UNSPECIFIED.,.F.,.F.,
(2,2),(0.,0.611056544155229),.UNSPECIFIED.);
#235=B_SPLINE_CURVE_WITH_KNOTS('',1,(#6603,#6604),.UNSPECIFIED.,.F.,.F.,
(2,2),(0.,0.388943455844771),.UNSPECIFIED.);
#236=B_SPLINE_CURVE_WITH_KNOTS('',1,(#6606,#6607),.UNSPECIFIED.,.F.,.F.,
(2,2),(0.879716735305026,1.),.UNSPECIFIED.);
#237=B_SPLINE_CURVE_WITH_KNOTS('',1,(#6609,#6610),.UNSPECIFIED.,.F.,.F.,
(2,2),(0.120283264695487,0.879716735305026),.UNSPECIFIED.);
#238=B_SPLINE_CURVE_WITH_KNOTS('',1,(#6612,#6613),.UNSPECIFIED.,.F.,.F.,
(2,2),(0.,0.120283264695487),.UNSPECIFIED.);
#239=B_SPLINE_CURVE_WITH_KNOTS('',1,(#6614,#6615),.UNSPECIFIED.,.F.,.F.,
(2,2),(0.,0.120283264695487),.UNSPECIFIED.);
#240=B_SPLINE_CURVE_WITH_KNOTS('',1,(#6617,#6618),.UNSPECIFIED.,.F.,.F.,
(2,2),(0.120283264694974,0.879716735304513),.UNSPECIFIED.);
#241=B_SPLINE_CURVE_WITH_KNOTS('',1,(#6620,#6621),.UNSPECIFIED.,.F.,.F.,
(2,2),(0.879716735305026,1.),.UNSPECIFIED.);
#242=B_SPLINE_CURVE_WITH_KNOTS('',1,(#6623,#6624),.UNSPECIFIED.,.F.,.F.,
(2,2),(0.,1.),.UNSPECIFIED.);
#243=B_SPLINE_CURVE_WITH_KNOTS('',1,(#6627,#6628),.UNSPECIFIED.,.F.,.F.,
(2,2),(0.,1.),.UNSPECIFIED.);
#244=B_SPLINE_CURVE_WITH_KNOTS('',1,(#6630,#6631),.UNSPECIFIED.,.F.,.F.,
(2,2),(0.,1.),.UNSPECIFIED.);
#245=B_SPLINE_CURVE_WITH_KNOTS('',1,(#6633,#6634),.UNSPECIFIED.,.F.,.F.,
(2,2),(0.,1.),.UNSPECIFIED.);
#246=B_SPLINE_CURVE_WITH_KNOTS('',1,(#6636,#6637),.UNSPECIFIED.,.F.,.F.,
(2,2),(0.,1.),.UNSPECIFIED.);
#247=B_SPLINE_CURVE_WITH_KNOTS('',1,(#6639,#6640),.UNSPECIFIED.,.F.,.F.,
(2,2),(0.,1.),.UNSPECIFIED.);
#248=B_SPLINE_CURVE_WITH_KNOTS('',1,(#6642,#6643),.UNSPECIFIED.,.F.,.F.,
(2,2),(0.,1.),.UNSPECIFIED.);
#249=B_SPLINE_CURVE_WITH_KNOTS('',1,(#6645,#6646),.UNSPECIFIED.,.F.,.F.,
(2,2),(0.,1.),.UNSPECIFIED.);
#250=B_SPLINE_CURVE_WITH_KNOTS('',1,(#6648,#6649),.UNSPECIFIED.,.F.,.F.,
(2,2),(0.,1.),.UNSPECIFIED.);
#251=B_SPLINE_CURVE_WITH_KNOTS('',1,(#6651,#6652),.UNSPECIFIED.,.F.,.F.,
(2,2),(0.,1.),.UNSPECIFIED.);
#252=B_SPLINE_CURVE_WITH_KNOTS('',1,(#6655,#6656),.UNSPECIFIED.,.F.,.F.,
(2,2),(0.,1.),.UNSPECIFIED.);
#253=B_SPLINE_CURVE_WITH_KNOTS('',3,(#6660,#6661,#6662,#6663),
 .UNSPECIFIED.,.F.,.F.,(4,4),(0.,1.),.UNSPECIFIED.);
#254=B_SPLINE_CURVE_WITH_KNOTS('',1,(#6665,#6666),.UNSPECIFIED.,.F.,.F.,
(2,2),(0.,1.),.UNSPECIFIED.);
#255=B_SPLINE_CURVE_WITH_KNOTS('',1,(#6668,#6669),.UNSPECIFIED.,.F.,.F.,
(2,2),(0.,1.),.UNSPECIFIED.);
#256=B_SPLINE_CURVE_WITH_KNOTS('',1,(#6671,#6672),.UNSPECIFIED.,.F.,.F.,
(2,2),(0.,1.),.UNSPECIFIED.);
#257=B_SPLINE_CURVE_WITH_KNOTS('',1,(#6675,#6676),.UNSPECIFIED.,.F.,.F.,
(2,2),(0.,1.),.UNSPECIFIED.);
#258=B_SPLINE_CURVE_WITH_KNOTS('',1,(#6678,#6679),.UNSPECIFIED.,.F.,.F.,
(2,2),(0.,1.),.UNSPECIFIED.);
#259=B_SPLINE_CURVE_WITH_KNOTS('',1,(#6681,#6682),.UNSPECIFIED.,.F.,.F.,
(2,2),(0.,1.),.UNSPECIFIED.);
#260=B_SPLINE_CURVE_WITH_KNOTS('',1,(#6688,#6689),.UNSPECIFIED.,.F.,.F.,
(2,2),(0.,1.),.UNSPECIFIED.);
#261=B_SPLINE_CURVE_WITH_KNOTS('',1,(#6690,#6691),.UNSPECIFIED.,.F.,.F.,
(2,2),(0.,0.611056544159924),.UNSPECIFIED.);
#262=B_SPLINE_CURVE_WITH_KNOTS('',1,(#6693,#6694),.UNSPECIFIED.,.F.,.F.,
(2,2),(0.,0.388943455840076),.UNSPECIFIED.);
#263=B_SPLINE_CURVE_WITH_KNOTS('',1,(#6700,#6701),.UNSPECIFIED.,.F.,.F.,
(2,2),(0.,1.),.UNSPECIFIED.);
#264=B_SPLINE_CURVE_WITH_KNOTS('',1,(#6702,#6703),.UNSPECIFIED.,.F.,.F.,
(2,2),(0.,1.),.UNSPECIFIED.);
#265=B_SPLINE_CURVE_WITH_KNOTS('',1,(#6705,#6706),.UNSPECIFIED.,.F.,.F.,
(2,2),(0.,1.),.UNSPECIFIED.);
#266=B_SPLINE_CURVE_WITH_KNOTS('',1,(#6708,#6709),.UNSPECIFIED.,.F.,.F.,
(2,2),(0.,1.),.UNSPECIFIED.);
#267=B_SPLINE_CURVE_WITH_KNOTS('',1,(#6712,#6713),.UNSPECIFIED.,.F.,.F.,
(2,2),(0.,1.),.UNSPECIFIED.);
#268=B_SPLINE_CURVE_WITH_KNOTS('',1,(#6715,#6716),.UNSPECIFIED.,.F.,.F.,
(2,2),(0.,1.),.UNSPECIFIED.);
#269=B_SPLINE_CURVE_WITH_KNOTS('',1,(#6720,#6721),.UNSPECIFIED.,.F.,.F.,
(2,2),(0.,1.),.UNSPECIFIED.);
#270=B_SPLINE_CURVE_WITH_KNOTS('',1,(#6725,#6726),.UNSPECIFIED.,.F.,.F.,
(2,2),(0.611056544112975,1.),.UNSPECIFIED.);
#271=B_SPLINE_CURVE_WITH_KNOTS('',1,(#6729,#6730),.UNSPECIFIED.,.F.,.F.,
(2,2),(0.,0.611056544112975),.UNSPECIFIED.);
#272=B_SPLINE_CURVE_WITH_KNOTS('',1,(#6731,#6732),.UNSPECIFIED.,.F.,.F.,
(2,2),(0.,1.),.UNSPECIFIED.);
#273=B_SPLINE_CURVE_WITH_KNOTS('',1,(#6734,#6735),.UNSPECIFIED.,.F.,.F.,
(2,2),(0.879716735304513,1.),.UNSPECIFIED.);
#274=B_SPLINE_CURVE_WITH_KNOTS('',1,(#6738,#6739),.UNSPECIFIED.,.F.,.F.,
(2,2),(0.120283264694974,0.879716735304513),.UNSPECIFIED.);
#275=B_SPLINE_CURVE_WITH_KNOTS('',1,(#6741,#6742),.UNSPECIFIED.,.F.,.F.,
(2,2),(0.,0.120283264694974),.UNSPECIFIED.);
#276=B_SPLINE_CURVE_WITH_KNOTS('',1,(#6743,#6744),.UNSPECIFIED.,.F.,.F.,
(2,2),(0.,1.),.UNSPECIFIED.);
#277=B_SPLINE_CURVE_WITH_KNOTS('',1,(#6746,#6747),.UNSPECIFIED.,.F.,.F.,
(2,2),(0.,1.),.UNSPECIFIED.);
#278=B_SPLINE_CURVE_WITH_KNOTS('',1,(#6750,#6751),.UNSPECIFIED.,.F.,.F.,
(2,2),(0.,1.),.UNSPECIFIED.);
#279=B_SPLINE_CURVE_WITH_KNOTS('',1,(#6753,#6754),.UNSPECIFIED.,.F.,.F.,
(2,2),(0.,1.),.UNSPECIFIED.);
#280=B_SPLINE_CURVE_WITH_KNOTS('',1,(#6756,#6757),.UNSPECIFIED.,.F.,.F.,
(2,2),(0.,1.),.UNSPECIFIED.);
#281=B_SPLINE_CURVE_WITH_KNOTS('',1,(#6759,#6760),.UNSPECIFIED.,.F.,.F.,
(2,2),(0.,1.),.UNSPECIFIED.);
#282=B_SPLINE_CURVE_WITH_KNOTS('',1,(#6762,#6763),.UNSPECIFIED.,.F.,.F.,
(2,2),(0.,1.),.UNSPECIFIED.);
#283=B_SPLINE_CURVE_WITH_KNOTS('',1,(#6765,#6766),.UNSPECIFIED.,.F.,.F.,
(2,2),(0.,1.),.UNSPECIFIED.);
#284=B_SPLINE_CURVE_WITH_KNOTS('',1,(#6768,#6769),.UNSPECIFIED.,.F.,.F.,
(2,2),(0.,1.),.UNSPECIFIED.);
#285=B_SPLINE_CURVE_WITH_KNOTS('',1,(#6771,#6772),.UNSPECIFIED.,.F.,.F.,
(2,2),(0.,1.),.UNSPECIFIED.);
#286=B_SPLINE_CURVE_WITH_KNOTS('',3,(#6777,#6778,#6779,#6780),
 .UNSPECIFIED.,.F.,.F.,(4,4),(0.,1.),.UNSPECIFIED.);
#287=B_SPLINE_CURVE_WITH_KNOTS('',3,(#6782,#6783,#6784,#6785),
 .UNSPECIFIED.,.F.,.F.,(4,4),(0.,1.),.UNSPECIFIED.);
#288=B_SPLINE_CURVE_WITH_KNOTS('',3,(#6787,#6788,#6789,#6790),
 .UNSPECIFIED.,.F.,.F.,(4,4),(0.,1.),.UNSPECIFIED.);
#289=B_SPLINE_CURVE_WITH_KNOTS('',3,(#6792,#6793,#6794,#6795),
 .UNSPECIFIED.,.F.,.F.,(4,4),(6.09413198277868E-5,0.999926307923286),
 .UNSPECIFIED.);
#290=B_SPLINE_CURVE_WITH_KNOTS('',3,(#6797,#6798,#6799,#6800),
 .UNSPECIFIED.,.F.,.F.,(4,4),(0.,1.),.UNSPECIFIED.);
#291=B_SPLINE_CURVE_WITH_KNOTS('',3,(#6802,#6803,#6804,#6805),
 .UNSPECIFIED.,.F.,.F.,(4,4),(0.,1.),.UNSPECIFIED.);
#292=B_SPLINE_CURVE_WITH_KNOTS('',3,(#6807,#6808,#6809,#6810),
 .UNSPECIFIED.,.F.,.F.,(4,4),(0.,1.),.UNSPECIFIED.);
#293=B_SPLINE_CURVE_WITH_KNOTS('',3,(#6812,#6813,#6814,#6815),
 .UNSPECIFIED.,.F.,.F.,(4,4),(6.09422133202421E-5,0.999926307923252),
 .UNSPECIFIED.);
#294=B_SPLINE_CURVE_WITH_KNOTS('',3,(#6817,#6818,#6819,#6820),
 .UNSPECIFIED.,.F.,.F.,(4,4),(0.,1.),.UNSPECIFIED.);
#295=B_SPLINE_CURVE_WITH_KNOTS('',3,(#6822,#6823,#6824,#6825),
 .UNSPECIFIED.,.F.,.F.,(4,4),(0.,1.),.UNSPECIFIED.);
#296=B_SPLINE_CURVE_WITH_KNOTS('',3,(#6827,#6828,#6829,#6830),
 .UNSPECIFIED.,.F.,.F.,(4,4),(0.,1.),.UNSPECIFIED.);
#297=B_SPLINE_CURVE_WITH_KNOTS('',3,(#6832,#6833,#6834,#6835),
 .UNSPECIFIED.,.F.,.F.,(4,4),(6.0942213449157E-5,1.),.UNSPECIFIED.);
#298=B_SPLINE_CURVE_WITH_KNOTS('',1,(#6837,#6838),.UNSPECIFIED.,.F.,.F.,
(2,2),(0.,0.206896551723424),.UNSPECIFIED.);
#299=B_SPLINE_CURVE_WITH_KNOTS('',1,(#6840,#6841),.UNSPECIFIED.,.F.,.F.,
(2,2),(0.206896551723424,0.793103448276575),.UNSPECIFIED.);
#300=B_SPLINE_CURVE_WITH_KNOTS('',1,(#6843,#6844),.UNSPECIFIED.,.F.,.F.,
(2,2),(0.793103448276575,1.),.UNSPECIFIED.);
#301=B_SPLINE_CURVE_WITH_KNOTS('',1,(#6845,#6846),.UNSPECIFIED.,.F.,.F.,
(2,2),(0.611056544159924,1.),.UNSPECIFIED.);
#302=B_SPLINE_CURVE_WITH_KNOTS('',1,(#6849,#6850),.UNSPECIFIED.,.F.,.F.,
(2,2),(0.,0.120283264695487),.UNSPECIFIED.);
#303=B_SPLINE_CURVE_WITH_KNOTS('',1,(#6852,#6853),.UNSPECIFIED.,.F.,.F.,
(2,2),(0.120283264694974,0.879716735304513),.UNSPECIFIED.);
#304=B_SPLINE_CURVE_WITH_KNOTS('',1,(#6855,#6856),.UNSPECIFIED.,.F.,.F.,
(2,2),(0.879716735305026,1.),.UNSPECIFIED.);
#305=B_SPLINE_CURVE_WITH_KNOTS('',1,(#6858,#6859),.UNSPECIFIED.,.F.,.F.,
(2,2),(0.,0.388943455840076),.UNSPECIFIED.);
#306=B_SPLINE_CURVE_WITH_KNOTS('',1,(#6861,#6862),.UNSPECIFIED.,.F.,.F.,
(2,2),(0.388943455840076,1.),.UNSPECIFIED.);
#307=B_SPLINE_CURVE_WITH_KNOTS('',1,(#6863,#6864),.UNSPECIFIED.,.F.,.F.,
(2,2),(0.,1.),.UNSPECIFIED.);
#308=B_SPLINE_CURVE_WITH_KNOTS('',1,(#6866,#6867),.UNSPECIFIED.,.F.,.F.,
(2,2),(0.388943455840076,1.),.UNSPECIFIED.);
#309=B_SPLINE_CURVE_WITH_KNOTS('',1,(#6869,#6870),.UNSPECIFIED.,.F.,.F.,
(2,2),(0.879716735304513,1.),.UNSPECIFIED.);
#310=B_SPLINE_CURVE_WITH_KNOTS('',1,(#6873,#6874),.UNSPECIFIED.,.F.,.F.,
(2,2),(0.,0.388943455793126),.UNSPECIFIED.);
#311=B_SPLINE_CURVE_WITH_KNOTS('',1,(#6876,#6877),.UNSPECIFIED.,.F.,.F.,
(2,2),(0.,0.611056544206874),.UNSPECIFIED.);
#312=B_SPLINE_CURVE_WITH_KNOTS('',1,(#6878,#6879),.UNSPECIFIED.,.F.,.F.,
(2,2),(0.,1.),.UNSPECIFIED.);
#313=B_SPLINE_CURVE_WITH_KNOTS('',1,(#6881,#6882),.UNSPECIFIED.,.F.,.F.,
(2,2),(0.388943455840075,1.),.UNSPECIFIED.);
#314=B_SPLINE_CURVE_WITH_KNOTS('',1,(#6884,#6885),.UNSPECIFIED.,.F.,.F.,
(2,2),(0.611056544159925,1.),.UNSPECIFIED.);
#315=B_SPLINE_CURVE_WITH_KNOTS('',1,(#6887,#6888),.UNSPECIFIED.,.F.,.F.,
(2,2),(0.,0.120283264694974),.UNSPECIFIED.);
#316=B_SPLINE_CURVE_WITH_KNOTS('',1,(#6890,#6891),.UNSPECIFIED.,.F.,.F.,
(2,2),(0.120283264695487,0.879716735305026),.UNSPECIFIED.);
#317=B_SPLINE_CURVE_WITH_KNOTS('',1,(#6892,#6893),.UNSPECIFIED.,.F.,.F.,
(2,2),(0.,0.388943455844771),.UNSPECIFIED.);
#318=B_SPLINE_CURVE_WITH_KNOTS('',1,(#6895,#6896),.UNSPECIFIED.,.F.,.F.,
(2,2),(0.388943455844771,1.),.UNSPECIFIED.);
#319=B_SPLINE_CURVE_WITH_KNOTS('',1,(#6898,#6899),.UNSPECIFIED.,.F.,.F.,
(2,2),(0.,1.),.UNSPECIFIED.);
#320=B_SPLINE_CURVE_WITH_KNOTS('',1,(#6901,#6902),.UNSPECIFIED.,.F.,.F.,
(2,2),(0.,1.),.UNSPECIFIED.);
#321=B_SPLINE_CURVE_WITH_KNOTS('',1,(#6904,#6905),.UNSPECIFIED.,.F.,.F.,
(2,2),(0.,1.),.UNSPECIFIED.);
#322=B_SPLINE_CURVE_WITH_KNOTS('',1,(#6906,#6907),.UNSPECIFIED.,.F.,.F.,
(2,2),(0.,1.),.UNSPECIFIED.);
#323=B_SPLINE_CURVE_WITH_KNOTS('',1,(#6910,#6911),.UNSPECIFIED.,.F.,.F.,
(2,2),(0.,1.),.UNSPECIFIED.);
#324=B_SPLINE_CURVE_WITH_KNOTS('',1,(#6913,#6914),.UNSPECIFIED.,.F.,.F.,
(2,2),(0.,1.),.UNSPECIFIED.);
#325=B_SPLINE_CURVE_WITH_KNOTS('',1,(#6916,#6917),.UNSPECIFIED.,.F.,.F.,
(2,2),(0.,1.),.UNSPECIFIED.);
#326=B_SPLINE_CURVE_WITH_KNOTS('',1,(#6919,#6920),.UNSPECIFIED.,.F.,.F.,
(2,2),(0.,1.),.UNSPECIFIED.);
#327=B_SPLINE_CURVE_WITH_KNOTS('',1,(#6922,#6923),.UNSPECIFIED.,.F.,.F.,
(2,2),(0.,1.),.UNSPECIFIED.);
#328=B_SPLINE_CURVE_WITH_KNOTS('',1,(#6925,#6926),.UNSPECIFIED.,.F.,.F.,
(2,2),(0.,1.),.UNSPECIFIED.);
#329=B_SPLINE_CURVE_WITH_KNOTS('',1,(#6928,#6929),.UNSPECIFIED.,.F.,.F.,
(2,2),(0.,1.),.UNSPECIFIED.);
#330=B_SPLINE_CURVE_WITH_KNOTS('',1,(#6931,#6932),.UNSPECIFIED.,.F.,.F.,
(2,2),(0.,1.),.UNSPECIFIED.);
#331=B_SPLINE_CURVE_WITH_KNOTS('',1,(#6935,#6936),.UNSPECIFIED.,.F.,.F.,
(2,2),(0.,1.),.UNSPECIFIED.);
#332=B_SPLINE_CURVE_WITH_KNOTS('',1,(#6938,#6939),.UNSPECIFIED.,.F.,.F.,
(2,2),(0.,1.),.UNSPECIFIED.);
#333=B_SPLINE_CURVE_WITH_KNOTS('',1,(#6941,#6942),.UNSPECIFIED.,.F.,.F.,
(2,2),(0.,1.),.UNSPECIFIED.);
#334=B_SPLINE_CURVE_WITH_KNOTS('',1,(#6944,#6945),.UNSPECIFIED.,.F.,.F.,
(2,2),(0.,1.),.UNSPECIFIED.);
#335=B_SPLINE_CURVE_WITH_KNOTS('',1,(#6947,#6948),.UNSPECIFIED.,.F.,.F.,
(2,2),(0.,1.),.UNSPECIFIED.);
#336=B_SPLINE_CURVE_WITH_KNOTS('',1,(#6949,#6950),.UNSPECIFIED.,.F.,.F.,
(2,2),(0.,1.),.UNSPECIFIED.);
#337=B_SPLINE_CURVE_WITH_KNOTS('',1,(#6952,#6953),.UNSPECIFIED.,.F.,.F.,
(2,2),(0.388943455840076,1.),.UNSPECIFIED.);
#338=B_SPLINE_CURVE_WITH_KNOTS('',1,(#6955,#6956),.UNSPECIFIED.,.F.,.F.,
(2,2),(0.,0.388943455840076),.UNSPECIFIED.);
#339=B_SPLINE_CURVE_WITH_KNOTS('',1,(#6958,#6959),.UNSPECIFIED.,.F.,.F.,
(2,2),(0.879716735305026,1.),.UNSPECIFIED.);
#340=B_SPLINE_CURVE_WITH_KNOTS('',1,(#6961,#6962),.UNSPECIFIED.,.F.,.F.,
(2,2),(0.120283264695487,0.879716735305026),.UNSPECIFIED.);
#341=B_SPLINE_CURVE_WITH_KNOTS('',1,(#6964,#6965),.UNSPECIFIED.,.F.,.F.,
(2,2),(0.,0.120283264695487),.UNSPECIFIED.);
#342=B_SPLINE_CURVE_WITH_KNOTS('',1,(#6967,#6968),.UNSPECIFIED.,.F.,.F.,
(2,2),(0.611056544159924,1.),.UNSPECIFIED.);
#343=B_SPLINE_CURVE_WITH_KNOTS('',1,(#6970,#6971),.UNSPECIFIED.,.F.,.F.,
(2,2),(0.,0.611056544159924),.UNSPECIFIED.);
#344=B_SPLINE_CURVE_WITH_KNOTS('',1,(#6973,#6974),.UNSPECIFIED.,.F.,.F.,
(2,2),(0.,1.),.UNSPECIFIED.);
#345=B_SPLINE_CURVE_WITH_KNOTS('',1,(#6976,#6977),.UNSPECIFIED.,.F.,.F.,
(2,2),(0.,1.),.UNSPECIFIED.);
#346=B_SPLINE_CURVE_WITH_KNOTS('',1,(#6979,#6980),.UNSPECIFIED.,.F.,.F.,
(2,2),(0.,1.),.UNSPECIFIED.);
#347=B_SPLINE_CURVE_WITH_KNOTS('',1,(#6982,#6983),.UNSPECIFIED.,.F.,.F.,
(2,2),(0.,1.),.UNSPECIFIED.);
#348=B_SPLINE_CURVE_WITH_KNOTS('',1,(#6985,#6986),.UNSPECIFIED.,.F.,.F.,
(2,2),(0.,1.),.UNSPECIFIED.);
#349=B_SPLINE_CURVE_WITH_KNOTS('',1,(#6988,#6989),.UNSPECIFIED.,.F.,.F.,
(2,2),(0.,1.),.UNSPECIFIED.);
#350=B_SPLINE_CURVE_WITH_KNOTS('',1,(#6990,#6991),.UNSPECIFIED.,.F.,.F.,
(2,2),(0.,1.),.UNSPECIFIED.);
#351=B_SPLINE_CURVE_WITH_KNOTS('',1,(#6993,#6994),.UNSPECIFIED.,.F.,.F.,
(2,2),(0.,1.),.UNSPECIFIED.);
#352=B_SPLINE_CURVE_WITH_KNOTS('',1,(#6996,#6997),.UNSPECIFIED.,.F.,.F.,
(2,2),(0.,0.388943455840076),.UNSPECIFIED.);
#353=B_SPLINE_CURVE_WITH_KNOTS('',1,(#6999,#7000),.UNSPECIFIED.,.F.,.F.,
(2,2),(0.,1.),.UNSPECIFIED.);
#354=B_SPLINE_CURVE_WITH_KNOTS('',1,(#7001,#7002),.UNSPECIFIED.,.F.,.F.,
(2,2),(0.,0.388943455840076),.UNSPECIFIED.);
#355=B_SPLINE_CURVE_WITH_KNOTS('',1,(#7004,#7005),.UNSPECIFIED.,.F.,.F.,
(2,2),(0.,0.611056544159924),.UNSPECIFIED.);
#356=B_SPLINE_CURVE_WITH_KNOTS('',1,(#7007,#7008),.UNSPECIFIED.,.F.,.F.,
(2,2),(0.,1.),.UNSPECIFIED.);
#357=B_SPLINE_CURVE_WITH_KNOTS('',1,(#7010,#7011),.UNSPECIFIED.,.F.,.F.,
(2,2),(0.388943455840076,1.),.UNSPECIFIED.);
#358=B_SPLINE_CURVE_WITH_KNOTS('',1,(#7015,#7016),.UNSPECIFIED.,.F.,.F.,
(2,2),(0.,1.),.UNSPECIFIED.);
#359=B_SPLINE_CURVE_WITH_KNOTS('',1,(#7019,#7020),.UNSPECIFIED.,.F.,.F.,
(2,2),(0.,1.),.UNSPECIFIED.);
#360=B_SPLINE_CURVE_WITH_KNOTS('',1,(#7022,#7023),.UNSPECIFIED.,.F.,.F.,
(2,2),(0.,1.),.UNSPECIFIED.);
#361=B_SPLINE_CURVE_WITH_KNOTS('',1,(#7025,#7026),.UNSPECIFIED.,.F.,.F.,
(2,2),(0.,1.),.UNSPECIFIED.);
#362=B_SPLINE_CURVE_WITH_KNOTS('',1,(#7028,#7029),.UNSPECIFIED.,.F.,.F.,
(2,2),(0.,1.),.UNSPECIFIED.);
#363=B_SPLINE_CURVE_WITH_KNOTS('',1,(#7032,#7033),.UNSPECIFIED.,.F.,.F.,
(2,2),(0.,1.),.UNSPECIFIED.);
#364=B_SPLINE_CURVE_WITH_KNOTS('',1,(#7034,#7035),.UNSPECIFIED.,.F.,.F.,
(2,2),(0.,1.),.UNSPECIFIED.);
#365=B_SPLINE_CURVE_WITH_KNOTS('',1,(#7036,#7037),.UNSPECIFIED.,.F.,.F.,
(2,2),(0.,1.),.UNSPECIFIED.);
#366=B_SPLINE_CURVE_WITH_KNOTS('',1,(#7039,#7040),.UNSPECIFIED.,.F.,.F.,
(2,2),(0.388943455793126,1.),.UNSPECIFIED.);
#367=B_SPLINE_CURVE_WITH_KNOTS('',1,(#7042,#7043),.UNSPECIFIED.,.F.,.F.,
(2,2),(0.,0.388943455793126),.UNSPECIFIED.);
#368=B_SPLINE_CURVE_WITH_KNOTS('',1,(#7045,#7046),.UNSPECIFIED.,.F.,.F.,
(2,2),(0.879716735304513,1.),.UNSPECIFIED.);
#369=B_SPLINE_CURVE_WITH_KNOTS('',1,(#7048,#7049),.UNSPECIFIED.,.F.,.F.,
(2,2),(0.120283264694974,0.879716735304513),.UNSPECIFIED.);
#370=B_SPLINE_CURVE_WITH_KNOTS('',1,(#7051,#7052),.UNSPECIFIED.,.F.,.F.,
(2,2),(0.,0.120283264694974),.UNSPECIFIED.);
#371=B_SPLINE_CURVE_WITH_KNOTS('',1,(#7054,#7055),.UNSPECIFIED.,.F.,.F.,
(2,2),(0.611056544159925,1.),.UNSPECIFIED.);
#372=B_SPLINE_CURVE_WITH_KNOTS('',1,(#7057,#7058),.UNSPECIFIED.,.F.,.F.,
(2,2),(0.,0.611056544159925),.UNSPECIFIED.);
#373=B_SPLINE_CURVE_WITH_KNOTS('',1,(#7060,#7061),.UNSPECIFIED.,.F.,.F.,
(2,2),(0.,1.),.UNSPECIFIED.);
#374=B_SPLINE_CURVE_WITH_KNOTS('',1,(#7062,#7063),.UNSPECIFIED.,.F.,.F.,
(2,2),(0.,1.),.UNSPECIFIED.);
#375=B_SPLINE_CURVE_WITH_KNOTS('',1,(#7065,#7066),.UNSPECIFIED.,.F.,.F.,
(2,2),(0.,1.),.UNSPECIFIED.);
#376=B_SPLINE_CURVE_WITH_KNOTS('',1,(#7068,#7069),.UNSPECIFIED.,.F.,.F.,
(2,2),(0.,1.),.UNSPECIFIED.);
#377=B_SPLINE_CURVE_WITH_KNOTS('',1,(#7072,#7073),.UNSPECIFIED.,.F.,.F.,
(2,2),(0.,1.),.UNSPECIFIED.);
#378=B_SPLINE_CURVE_WITH_KNOTS('',1,(#7075,#7076),.UNSPECIFIED.,.F.,.F.,
(2,2),(0.,1.),.UNSPECIFIED.);
#379=B_SPLINE_CURVE_WITH_KNOTS('',1,(#7078,#7079),.UNSPECIFIED.,.F.,.F.,
(2,2),(0.,1.),.UNSPECIFIED.);
#380=B_SPLINE_CURVE_WITH_KNOTS('',1,(#7081,#7082),.UNSPECIFIED.,.F.,.F.,
(2,2),(0.,1.),.UNSPECIFIED.);
#381=B_SPLINE_CURVE_WITH_KNOTS('',1,(#7084,#7085),.UNSPECIFIED.,.F.,.F.,
(2,2),(0.,1.),.UNSPECIFIED.);
#382=B_SPLINE_CURVE_WITH_KNOTS('',1,(#7088,#7089),.UNSPECIFIED.,.F.,.F.,
(2,2),(0.,1.),.UNSPECIFIED.);
#383=B_SPLINE_CURVE_WITH_KNOTS('',1,(#7091,#7092),.UNSPECIFIED.,.F.,.F.,
(2,2),(0.,1.),.UNSPECIFIED.);
#384=B_SPLINE_CURVE_WITH_KNOTS('',3,(#7094,#7095,#7096,#7097),
 .UNSPECIFIED.,.F.,.F.,(4,4),(0.,1.),.UNSPECIFIED.);
#385=B_SPLINE_CURVE_WITH_KNOTS('',3,(#7098,#7099,#7100,#7101),
 .UNSPECIFIED.,.F.,.F.,(4,4),(0.,1.),.UNSPECIFIED.);
#386=B_SPLINE_CURVE_WITH_KNOTS('',1,(#7103,#7104),.UNSPECIFIED.,.F.,.F.,
(2,2),(0.,1.),.UNSPECIFIED.);
#387=B_SPLINE_CURVE_WITH_KNOTS('',1,(#7106,#7107),.UNSPECIFIED.,.F.,.F.,
(2,2),(0.,1.),.UNSPECIFIED.);
#388=B_SPLINE_CURVE_WITH_KNOTS('',1,(#7109,#7110),.UNSPECIFIED.,.F.,.F.,
(2,2),(0.,1.),.UNSPECIFIED.);
#389=B_SPLINE_CURVE_WITH_KNOTS('',1,(#7114,#7115),.UNSPECIFIED.,.F.,.F.,
(2,2),(0.,1.),.UNSPECIFIED.);
#390=B_SPLINE_CURVE_WITH_KNOTS('',3,(#7119,#7120,#7121,#7122,#7123,#7124,
#7125),.UNSPECIFIED.,.F.,.F.,(4,3,4),(0.,1.,1.01),
 .PIECEWISE_BEZIER_KNOTS.);
#391=B_SPLINE_CURVE_WITH_KNOTS('',1,(#7127,#7128),.UNSPECIFIED.,.F.,.F.,
(2,2),(0.,1.),.UNSPECIFIED.);
#392=B_SPLINE_CURVE_WITH_KNOTS('',1,(#7131,#7132),.UNSPECIFIED.,.F.,.F.,
(2,2),(0.,1.),.UNSPECIFIED.);
#393=B_SPLINE_CURVE_WITH_KNOTS('',1,(#7134,#7135),.UNSPECIFIED.,.F.,.F.,
(2,2),(0.,1.),.UNSPECIFIED.);
#394=B_SPLINE_CURVE_WITH_KNOTS('',1,(#7137,#7138),.UNSPECIFIED.,.F.,.F.,
(2,2),(0.,1.),.UNSPECIFIED.);
#395=B_SPLINE_CURVE_WITH_KNOTS('',1,(#7140,#7141),.UNSPECIFIED.,.F.,.F.,
(2,2),(0.,1.),.UNSPECIFIED.);
#396=B_SPLINE_CURVE_WITH_KNOTS('',1,(#7143,#7144),.UNSPECIFIED.,.F.,.F.,
(2,2),(0.,1.),.UNSPECIFIED.);
#397=B_SPLINE_CURVE_WITH_KNOTS('',1,(#7146,#7147),.UNSPECIFIED.,.F.,.F.,
(2,2),(0.,1.),.UNSPECIFIED.);
#398=B_SPLINE_CURVE_WITH_KNOTS('',1,(#7150,#7151),.UNSPECIFIED.,.F.,.F.,
(2,2),(0.,1.),.UNSPECIFIED.);
#399=B_SPLINE_CURVE_WITH_KNOTS('',1,(#7155,#7156),.UNSPECIFIED.,.F.,.F.,
(2,2),(0.,1.),.UNSPECIFIED.);
#400=B_SPLINE_CURVE_WITH_KNOTS('',3,(#7161,#7162,#7163,#7164),
 .UNSPECIFIED.,.F.,.F.,(4,4),(0.,1.),.UNSPECIFIED.);
#401=B_SPLINE_CURVE_WITH_KNOTS('',3,(#7168,#7169,#7170,#7171),
 .UNSPECIFIED.,.F.,.F.,(4,4),(0.,1.),.UNSPECIFIED.);
#402=B_SPLINE_CURVE_WITH_KNOTS('',1,(#7173,#7174),.UNSPECIFIED.,.F.,.F.,
(2,2),(0.,1.),.UNSPECIFIED.);
#403=B_SPLINE_CURVE_WITH_KNOTS('',1,(#7175,#7176),.UNSPECIFIED.,.F.,.F.,
(2,2),(0.,1.),.UNSPECIFIED.);
#404=B_SPLINE_CURVE_WITH_KNOTS('',1,(#7179,#7180),.UNSPECIFIED.,.F.,.F.,
(2,2),(0.,1.),.UNSPECIFIED.);
#405=B_SPLINE_CURVE_WITH_KNOTS('',3,(#7182,#7183,#7184,#7185),
 .UNSPECIFIED.,.F.,.F.,(4,4),(0.,1.),.UNSPECIFIED.);
#406=B_SPLINE_CURVE_WITH_KNOTS('',1,(#7187,#7188),.UNSPECIFIED.,.F.,.F.,
(2,2),(0.,1.),.UNSPECIFIED.);
#407=B_SPLINE_CURVE_WITH_KNOTS('',1,(#7190,#7191),.UNSPECIFIED.,.F.,.F.,
(2,2),(0.,1.),.UNSPECIFIED.);
#408=B_SPLINE_CURVE_WITH_KNOTS('',1,(#7193,#7194),.UNSPECIFIED.,.F.,.F.,
(2,2),(0.,1.),.UNSPECIFIED.);
#409=B_SPLINE_CURVE_WITH_KNOTS('',1,(#7196,#7197,#7198,#7199),
 .UNSPECIFIED.,.F.,.F.,(2,1,1,2),(-0.0393706303767446,-0.0290798320561828,
0.,1.),.PIECEWISE_BEZIER_KNOTS.);
#410=B_SPLINE_CURVE_WITH_KNOTS('',1,(#7200,#7201,#7202,#7203,#7204,#7205,
#7206),.UNSPECIFIED.,.F.,.F.,(2,1,1,1,1,1,2),(0.,1.,1.12301612889797,1.21009397442148,
1.2221949141657,1.24497680158192,1.25742656959774),
 .PIECEWISE_BEZIER_KNOTS.);
#411=B_SPLINE_CURVE_WITH_KNOTS('',3,(#7208,#7209,#7210,#7211),
 .UNSPECIFIED.,.F.,.F.,(4,4),(0.,0.99999998785658),.UNSPECIFIED.);
#412=B_SPLINE_CURVE_WITH_KNOTS('',3,(#7215,#7216,#7217,#7218),
 .UNSPECIFIED.,.F.,.F.,(4,4),(0.,1.),.UNSPECIFIED.);
#413=B_SPLINE_CURVE_WITH_KNOTS('',1,(#7220,#7221,#7222),.UNSPECIFIED.,.F.,
 .F.,(2,1,2),(0.,1.,1.01),.PIECEWISE_BEZIER_KNOTS.);
#414=B_SPLINE_CURVE_WITH_KNOTS('',1,(#7223,#7224),.UNSPECIFIED.,.F.,.F.,
(2,2),(0.,1.),.UNSPECIFIED.);
#415=B_SPLINE_CURVE_WITH_KNOTS('',1,(#7226,#7227),.UNSPECIFIED.,.F.,.F.,
(2,2),(0.,1.),.UNSPECIFIED.);
#416=B_SPLINE_CURVE_WITH_KNOTS('',3,(#7229,#7230,#7231,#7232,#7233,#7234,
#7235),.UNSPECIFIED.,.F.,.F.,(4,3,4),(-0.01,0.,1.),
 .PIECEWISE_BEZIER_KNOTS.);
#417=B_SPLINE_CURVE_WITH_KNOTS('',1,(#7237,#7238),.UNSPECIFIED.,.F.,.F.,
(2,2),(0.,1.),.UNSPECIFIED.);
#418=B_SPLINE_CURVE_WITH_KNOTS('',1,(#7240,#7241),.UNSPECIFIED.,.F.,.F.,
(2,2),(0.,1.),.UNSPECIFIED.);
#419=B_SPLINE_CURVE_WITH_KNOTS('',1,(#7243,#7244,#7245),.UNSPECIFIED.,.F.,
 .F.,(2,1,2),(-0.01,0.,1.),.PIECEWISE_BEZIER_KNOTS.);
#420=B_SPLINE_CURVE_WITH_KNOTS('',3,(#7247,#7248,#7249,#7250),
 .UNSPECIFIED.,.F.,.F.,(4,4),(4.54563636178383E-7,1.),.UNSPECIFIED.);
#421=B_SPLINE_CURVE_WITH_KNOTS('',1,(#7252,#7253,#7254),.UNSPECIFIED.,.F.,
 .F.,(2,1,2),(0.,1.,1.01),.PIECEWISE_BEZIER_KNOTS.);
#422=B_SPLINE_CURVE_WITH_KNOTS('',1,(#7256,#7257),.UNSPECIFIED.,.F.,.F.,
(2,2),(0.,1.),.UNSPECIFIED.);
#423=B_SPLINE_CURVE_WITH_KNOTS('',1,(#7259,#7260),.UNSPECIFIED.,.F.,.F.,
(2,2),(0.,1.),.UNSPECIFIED.);
#424=B_SPLINE_CURVE_WITH_KNOTS('',1,(#7262,#7263),.UNSPECIFIED.,.F.,.F.,
(2,2),(0.,1.),.UNSPECIFIED.);
#425=B_SPLINE_CURVE_WITH_KNOTS('',1,(#7265,#7266),.UNSPECIFIED.,.F.,.F.,
(2,2),(0.,1.),.UNSPECIFIED.);
#426=B_SPLINE_CURVE_WITH_KNOTS('',1,(#7268,#7269),.UNSPECIFIED.,.F.,.F.,
(2,2),(0.,1.),.UNSPECIFIED.);
#427=B_SPLINE_CURVE_WITH_KNOTS('',3,(#7271,#7272,#7273,#7274),
 .UNSPECIFIED.,.F.,.F.,(4,4),(1.0715808802797E-8,0.999999499993252),
 .UNSPECIFIED.);
#428=B_SPLINE_CURVE_WITH_KNOTS('',1,(#7276,#7277,#7278),.UNSPECIFIED.,.F.,
 .F.,(2,1,2),(0.,1.,1.01),.PIECEWISE_BEZIER_KNOTS.);
#429=B_SPLINE_CURVE_WITH_KNOTS('',1,(#7280,#7281),.UNSPECIFIED.,.F.,.F.,
(2,2),(0.,1.),.UNSPECIFIED.);
#430=B_SPLINE_CURVE_WITH_KNOTS('',1,(#7283,#7284),.UNSPECIFIED.,.F.,.F.,
(2,2),(0.,1.),.UNSPECIFIED.);
#431=B_SPLINE_CURVE_WITH_KNOTS('',1,(#7286,#7287),.UNSPECIFIED.,.F.,.F.,
(2,2),(0.,1.),.UNSPECIFIED.);
#432=B_SPLINE_CURVE_WITH_KNOTS('',1,(#7289,#7290),.UNSPECIFIED.,.F.,.F.,
(2,2),(0.,1.),.UNSPECIFIED.);
#433=B_SPLINE_CURVE_WITH_KNOTS('',1,(#7291,#7292),.UNSPECIFIED.,.F.,.F.,
(2,2),(0.,1.),.UNSPECIFIED.);
#434=B_SPLINE_CURVE_WITH_KNOTS('',1,(#7294,#7295),.UNSPECIFIED.,.F.,.F.,
(2,2),(0.,1.),.UNSPECIFIED.);
#435=B_SPLINE_CURVE_WITH_KNOTS('',1,(#7297,#7298),.UNSPECIFIED.,.F.,.F.,
(2,2),(0.,1.),.UNSPECIFIED.);
#436=B_SPLINE_CURVE_WITH_KNOTS('',1,(#7300,#7301),.UNSPECIFIED.,.F.,.F.,
(2,2),(0.,1.),.UNSPECIFIED.);
#437=B_SPLINE_CURVE_WITH_KNOTS('',1,(#7302,#7303),.UNSPECIFIED.,.F.,.F.,
(2,2),(0.,1.),.UNSPECIFIED.);
#438=B_SPLINE_CURVE_WITH_KNOTS('',1,(#7305,#7306),.UNSPECIFIED.,.F.,.F.,
(2,2),(0.,1.),.UNSPECIFIED.);
#439=B_SPLINE_CURVE_WITH_KNOTS('',3,(#7310,#7311,#7312,#7313),
 .UNSPECIFIED.,.F.,.F.,(4,4),(0.,1.),.UNSPECIFIED.);
#440=B_SPLINE_CURVE_WITH_KNOTS('',1,(#7316,#7317),.UNSPECIFIED.,.F.,.F.,
(2,2),(0.,1.),.UNSPECIFIED.);
#441=B_SPLINE_CURVE_WITH_KNOTS('',1,(#7319,#7320),.UNSPECIFIED.,.F.,.F.,
(2,2),(0.,1.),.UNSPECIFIED.);
#442=B_SPLINE_CURVE_WITH_KNOTS('',1,(#7322,#7323),.UNSPECIFIED.,.F.,.F.,
(2,2),(0.,1.),.UNSPECIFIED.);
#443=B_SPLINE_CURVE_WITH_KNOTS('',1,(#7325,#7326),.UNSPECIFIED.,.F.,.F.,
(2,2),(0.,1.),.UNSPECIFIED.);
#444=B_SPLINE_CURVE_WITH_KNOTS('',3,(#7328,#7329,#7330,#7331),
 .UNSPECIFIED.,.F.,.F.,(4,4),(0.,1.),.UNSPECIFIED.);
#445=B_SPLINE_CURVE_WITH_KNOTS('',1,(#7334,#7335),.UNSPECIFIED.,.F.,.F.,
(2,2),(0.,1.),.UNSPECIFIED.);
#446=B_SPLINE_CURVE_WITH_KNOTS('',1,(#7337,#7338),.UNSPECIFIED.,.F.,.F.,
(2,2),(0.,1.),.UNSPECIFIED.);
#447=B_SPLINE_CURVE_WITH_KNOTS('',1,(#7340,#7341),.UNSPECIFIED.,.F.,.F.,
(2,2),(0.,1.),.UNSPECIFIED.);
#448=B_SPLINE_CURVE_WITH_KNOTS('',1,(#7342,#7343),.UNSPECIFIED.,.F.,.F.,
(2,2),(0.,1.),.UNSPECIFIED.);
#449=B_SPLINE_CURVE_WITH_KNOTS('',1,(#7345,#7346),.UNSPECIFIED.,.F.,.F.,
(2,2),(0.,1.),.UNSPECIFIED.);
#450=B_SPLINE_CURVE_WITH_KNOTS('',3,(#7347,#7348,#7349,#7350),
 .UNSPECIFIED.,.F.,.F.,(4,4),(6.20045087884602E-7,1.),.UNSPECIFIED.);
#451=B_SPLINE_CURVE_WITH_KNOTS('',1,(#7352,#7353),.UNSPECIFIED.,.F.,.F.,
(2,2),(0.,1.),.UNSPECIFIED.);
#452=B_SPLINE_CURVE_WITH_KNOTS('',1,(#7355,#7356),.UNSPECIFIED.,.F.,.F.,
(2,2),(0.,1.),.UNSPECIFIED.);
#453=B_SPLINE_CURVE_WITH_KNOTS('',1,(#7357,#7358),.UNSPECIFIED.,.F.,.F.,
(2,2),(0.,1.),.UNSPECIFIED.);
#454=B_SPLINE_CURVE_WITH_KNOTS('',3,(#7360,#7361,#7362,#7363),
 .UNSPECIFIED.,.F.,.F.,(4,4),(1.45716771982052E-16,0.999938017379872),
 .UNSPECIFIED.);
#455=B_SPLINE_CURVE_WITH_KNOTS('',1,(#7368,#7369),.UNSPECIFIED.,.F.,.F.,
(2,2),(0.,1.),.UNSPECIFIED.);
#456=B_SPLINE_CURVE_WITH_KNOTS('',1,(#7375,#7376),.UNSPECIFIED.,.F.,.F.,
(2,2),(0.,1.),.UNSPECIFIED.);
#457=B_SPLINE_CURVE_WITH_KNOTS('',1,(#7377,#7378),.UNSPECIFIED.,.F.,.F.,
(2,2),(0.,1.),.UNSPECIFIED.);
#458=B_SPLINE_CURVE_WITH_KNOTS('',3,(#7382,#7383,#7384,#7385),
 .UNSPECIFIED.,.F.,.F.,(4,4),(0.,1.),.UNSPECIFIED.);
#459=B_SPLINE_CURVE_WITH_KNOTS('',3,(#7386,#7387,#7388,#7389),
 .UNSPECIFIED.,.F.,.F.,(4,4),(0.,1.),.UNSPECIFIED.);
#460=B_SPLINE_CURVE_WITH_KNOTS('',3,(#7390,#7391,#7392,#7393),
 .UNSPECIFIED.,.F.,.F.,(4,4),(0.,1.),.UNSPECIFIED.);
#461=B_SPLINE_CURVE_WITH_KNOTS('',3,(#7396,#7397,#7398,#7399),
 .UNSPECIFIED.,.F.,.F.,(4,4),(0.,1.),.UNSPECIFIED.);
#462=B_SPLINE_CURVE_WITH_KNOTS('',1,(#7401,#7402),.UNSPECIFIED.,.F.,.F.,
(2,2),(0.,1.),.UNSPECIFIED.);
#463=B_SPLINE_CURVE_WITH_KNOTS('',1,(#7404,#7405),.UNSPECIFIED.,.F.,.F.,
(2,2),(0.,1.),.UNSPECIFIED.);
#464=B_SPLINE_CURVE_WITH_KNOTS('',1,(#7408,#7409,#7410),.UNSPECIFIED.,.F.,
 .F.,(2,1,2),(0.,1.,1.12301620701066),.PIECEWISE_BEZIER_KNOTS.);
#465=B_SPLINE_CURVE_WITH_KNOTS('',1,(#7411,#7412,#7413),.UNSPECIFIED.,.F.,
 .F.,(2,1,2),(-0.0222651419753255,0.,1.),.PIECEWISE_BEZIER_KNOTS.);
#466=B_SPLINE_CURVE_WITH_KNOTS('',1,(#7418,#7419),.UNSPECIFIED.,.F.,.F.,
(2,2),(0.,1.),.UNSPECIFIED.);
#467=B_SPLINE_CURVE_WITH_KNOTS('',1,(#7420,#7421),.UNSPECIFIED.,.F.,.F.,
(2,2),(0.,1.),.UNSPECIFIED.);
#468=B_SPLINE_CURVE_WITH_KNOTS('',3,(#7423,#7424,#7425,#7426),
 .UNSPECIFIED.,.F.,.F.,(4,4),(0.,1.),.UNSPECIFIED.);
#469=B_SPLINE_CURVE_WITH_KNOTS('',3,(#7428,#7429,#7430,#7431),
 .UNSPECIFIED.,.F.,.F.,(4,4),(0.,1.),.UNSPECIFIED.);
#470=B_SPLINE_CURVE_WITH_KNOTS('',3,(#7437,#7438,#7439,#7440,#7441,#7442,
#7443,#7444,#7445,#7446),.UNSPECIFIED.,.F.,.F.,(4,2,2,2,4),(0.,0.25,0.5,
0.75,1.),.UNSPECIFIED.);
#471=B_SPLINE_CURVE_WITH_KNOTS('',3,(#7450,#7451,#7452,#7453),
 .UNSPECIFIED.,.F.,.F.,(4,4),(0.,1.),.UNSPECIFIED.);
#472=B_SPLINE_CURVE_WITH_KNOTS('',3,(#7456,#7457,#7458,#7459),
 .UNSPECIFIED.,.F.,.F.,(4,4),(0.,1.),.UNSPECIFIED.);
#473=B_SPLINE_CURVE_WITH_KNOTS('',3,(#7464,#7465,#7466,#7467,#7468),
 .UNSPECIFIED.,.F.,.F.,(4,1,4),(0.,0.499999999999999,1.),.UNSPECIFIED.);
#474=B_SPLINE_CURVE_WITH_KNOTS('',3,(#7472,#7473,#7474,#7475),
 .UNSPECIFIED.,.F.,.F.,(4,4),(0.,1.),.UNSPECIFIED.);
#475=B_SPLINE_CURVE_WITH_KNOTS('',2,(#7477,#7478,#7479),.UNSPECIFIED.,.F.,
 .F.,(3,3),(0.,1.),.UNSPECIFIED.);
#476=B_SPLINE_CURVE_WITH_KNOTS('',3,(#7482,#7483,#7484,#7485),
 .UNSPECIFIED.,.F.,.F.,(4,4),(0.,1.),.UNSPECIFIED.);
#477=B_SPLINE_CURVE_WITH_KNOTS('',2,(#7487,#7488,#7489),.UNSPECIFIED.,.F.,
 .F.,(3,3),(0.,1.),.UNSPECIFIED.);
#478=B_SPLINE_CURVE_WITH_KNOTS('',1,(#7491,#7492),.UNSPECIFIED.,.F.,.F.,
(2,2),(0.,1.),.UNSPECIFIED.);
#479=B_SPLINE_CURVE_WITH_KNOTS('',1,(#7494,#7495),.UNSPECIFIED.,.F.,.F.,
(2,2),(0.,1.),.UNSPECIFIED.);
#480=B_SPLINE_CURVE_WITH_KNOTS('',1,(#7498,#7499),.UNSPECIFIED.,.F.,.F.,
(2,2),(0.,1.),.UNSPECIFIED.);
#481=B_SPLINE_CURVE_WITH_KNOTS('',1,(#7501,#7502),.UNSPECIFIED.,.F.,.F.,
(2,2),(0.,1.),.UNSPECIFIED.);
#482=B_SPLINE_CURVE_WITH_KNOTS('',1,(#7504,#7505),.UNSPECIFIED.,.F.,.F.,
(2,2),(0.,1.),.UNSPECIFIED.);
#483=B_SPLINE_CURVE_WITH_KNOTS('',1,(#7507,#7508),.UNSPECIFIED.,.F.,.F.,
(2,2),(0.,1.),.UNSPECIFIED.);
#484=B_SPLINE_CURVE_WITH_KNOTS('',1,(#7511,#7512),.UNSPECIFIED.,.F.,.F.,
(2,2),(0.,1.),.UNSPECIFIED.);
#485=B_SPLINE_CURVE_WITH_KNOTS('',1,(#7513,#7514),.UNSPECIFIED.,.F.,.F.,
(2,2),(0.,1.),.UNSPECIFIED.);
#486=B_SPLINE_CURVE_WITH_KNOTS('',1,(#7522,#7523),.UNSPECIFIED.,.F.,.F.,
(2,2),(0.,1.),.UNSPECIFIED.);
#487=B_SPLINE_CURVE_WITH_KNOTS('',2,(#7526,#7527,#7528),.UNSPECIFIED.,.F.,
 .F.,(3,3),(0.,1.),.UNSPECIFIED.);
#488=B_SPLINE_CURVE_WITH_KNOTS('',1,(#7530,#7531),.UNSPECIFIED.,.F.,.F.,
(2,2),(0.,1.),.UNSPECIFIED.);
#489=B_SPLINE_CURVE_WITH_KNOTS('',1,(#7533,#7534),.UNSPECIFIED.,.F.,.F.,
(2,2),(0.,1.),.UNSPECIFIED.);
#490=B_SPLINE_CURVE_WITH_KNOTS('',1,(#7536,#7537),.UNSPECIFIED.,.F.,.F.,
(2,2),(0.,1.),.UNSPECIFIED.);
#491=B_SPLINE_CURVE_WITH_KNOTS('',1,(#7538,#7539),.UNSPECIFIED.,.F.,.F.,
(2,2),(0.,1.),.UNSPECIFIED.);
#492=B_SPLINE_CURVE_WITH_KNOTS('',1,(#7540,#7541),.UNSPECIFIED.,.F.,.F.,
(2,2),(0.,1.),.UNSPECIFIED.);
#493=B_SPLINE_CURVE_WITH_KNOTS('',1,(#7543,#7544),.UNSPECIFIED.,.F.,.F.,
(2,2),(0.,1.),.UNSPECIFIED.);
#494=B_SPLINE_CURVE_WITH_KNOTS('',1,(#7547,#7548),.UNSPECIFIED.,.F.,.F.,
(2,2),(0.,1.),.UNSPECIFIED.);
#495=B_SPLINE_CURVE_WITH_KNOTS('',1,(#7549,#7550),.UNSPECIFIED.,.F.,.F.,
(2,2),(0.,1.),.UNSPECIFIED.);
#496=B_SPLINE_CURVE_WITH_KNOTS('',2,(#7552,#7553,#7554),.UNSPECIFIED.,.F.,
 .F.,(3,3),(0.,1.),.UNSPECIFIED.);
#497=B_SPLINE_CURVE_WITH_KNOTS('',1,(#7557,#7558),.UNSPECIFIED.,.F.,.F.,
(2,2),(0.,1.),.UNSPECIFIED.);
#498=B_SPLINE_CURVE_WITH_KNOTS('',2,(#7559,#7560,#7561),.UNSPECIFIED.,.F.,
 .F.,(3,3),(0.,1.),.UNSPECIFIED.);
#499=B_SPLINE_CURVE_WITH_KNOTS('',3,(#7563,#7564,#7565,#7566,#7567),
 .UNSPECIFIED.,.F.,.F.,(4,1,4),(0.,0.5,1.),.UNSPECIFIED.);
#500=B_SPLINE_CURVE_WITH_KNOTS('',1,(#7569,#7570),.UNSPECIFIED.,.F.,.F.,
(2,2),(0.,1.),.UNSPECIFIED.);
#501=B_SPLINE_CURVE_WITH_KNOTS('',1,(#7572,#7573),.UNSPECIFIED.,.F.,.F.,
(2,2),(0.,1.),.UNSPECIFIED.);
#502=B_SPLINE_CURVE_WITH_KNOTS('',1,(#7575,#7576),.UNSPECIFIED.,.F.,.F.,
(2,2),(0.,1.),.UNSPECIFIED.);
#503=B_SPLINE_CURVE_WITH_KNOTS('',1,(#7578,#7579),.UNSPECIFIED.,.F.,.F.,
(2,2),(0.,1.),.UNSPECIFIED.);
#504=B_SPLINE_CURVE_WITH_KNOTS('',1,(#7581,#7582),.UNSPECIFIED.,.F.,.F.,
(2,2),(0.,1.),.UNSPECIFIED.);
#505=B_SPLINE_CURVE_WITH_KNOTS('',3,(#7587,#7588,#7589,#7590),
 .UNSPECIFIED.,.F.,.F.,(4,4),(0.,1.),.UNSPECIFIED.);
#506=B_SPLINE_CURVE_WITH_KNOTS('',3,(#7592,#7593,#7594,#7595),
 .UNSPECIFIED.,.F.,.F.,(4,4),(0.,1.),.UNSPECIFIED.);
#507=B_SPLINE_CURVE_WITH_KNOTS('',3,(#7598,#7599,#7600,#7601,#7602),
 .UNSPECIFIED.,.F.,.F.,(4,1,4),(0.,0.5,1.),.UNSPECIFIED.);
#508=B_SPLINE_CURVE_WITH_KNOTS('',1,(#7604,#7605),.UNSPECIFIED.,.F.,.F.,
(2,2),(0.,1.),.UNSPECIFIED.);
#509=B_SPLINE_CURVE_WITH_KNOTS('',1,(#7606,#7607),.UNSPECIFIED.,.F.,.F.,
(2,2),(0.,1.),.UNSPECIFIED.);
#510=B_SPLINE_CURVE_WITH_KNOTS('',1,(#7609,#7610),.UNSPECIFIED.,.F.,.F.,
(2,2),(0.,1.),.UNSPECIFIED.);
#511=B_SPLINE_CURVE_WITH_KNOTS('',1,(#7612,#7613),.UNSPECIFIED.,.F.,.F.,
(2,2),(0.,1.),.UNSPECIFIED.);
#512=B_SPLINE_CURVE_WITH_KNOTS('',1,(#7615,#7616),.UNSPECIFIED.,.F.,.F.,
(2,2),(0.,1.),.UNSPECIFIED.);
#513=B_SPLINE_CURVE_WITH_KNOTS('',1,(#7618,#7619),.UNSPECIFIED.,.F.,.F.,
(2,2),(0.,1.),.UNSPECIFIED.);
#514=B_SPLINE_CURVE_WITH_KNOTS('',1,(#7621,#7622),.UNSPECIFIED.,.F.,.F.,
(2,2),(0.,1.),.UNSPECIFIED.);
#515=B_SPLINE_CURVE_WITH_KNOTS('',1,(#7624,#7625),.UNSPECIFIED.,.F.,.F.,
(2,2),(0.,1.),.UNSPECIFIED.);
#516=B_SPLINE_CURVE_WITH_KNOTS('',1,(#7627,#7628),.UNSPECIFIED.,.F.,.F.,
(2,2),(0.,1.),.UNSPECIFIED.);
#517=B_SPLINE_CURVE_WITH_KNOTS('',1,(#7630,#7631),.UNSPECIFIED.,.F.,.F.,
(2,2),(0.,1.),.UNSPECIFIED.);
#518=B_SPLINE_CURVE_WITH_KNOTS('',1,(#7632,#7633),.UNSPECIFIED.,.F.,.F.,
(2,2),(0.,1.),.UNSPECIFIED.);
#519=B_SPLINE_CURVE_WITH_KNOTS('',1,(#7635,#7636),.UNSPECIFIED.,.F.,.F.,
(2,2),(0.,1.),.UNSPECIFIED.);
#520=B_SPLINE_CURVE_WITH_KNOTS('',1,(#7638,#7639),.UNSPECIFIED.,.F.,.F.,
(2,2),(0.,1.),.UNSPECIFIED.);
#521=B_SPLINE_CURVE_WITH_KNOTS('',1,(#7641,#7642),.UNSPECIFIED.,.F.,.F.,
(2,2),(0.,1.),.UNSPECIFIED.);
#522=B_SPLINE_CURVE_WITH_KNOTS('',1,(#7645,#7646),.UNSPECIFIED.,.F.,.F.,
(2,2),(0.,1.),.UNSPECIFIED.);
#523=B_SPLINE_CURVE_WITH_KNOTS('',2,(#7648,#7649,#7650,#7651,#7652),
 .UNSPECIFIED.,.F.,.F.,(3,2,3),(0.,0.5,1.),.UNSPECIFIED.);
#524=B_SPLINE_CURVE_WITH_KNOTS('',1,(#7654,#7655),.UNSPECIFIED.,.F.,.F.,
(2,2),(0.,1.),.UNSPECIFIED.);
#525=B_SPLINE_CURVE_WITH_KNOTS('',1,(#7658,#7659),.UNSPECIFIED.,.F.,.F.,
(2,2),(0.,1.),.UNSPECIFIED.);
#526=B_SPLINE_CURVE_WITH_KNOTS('',1,(#7660,#7661),.UNSPECIFIED.,.F.,.F.,
(2,2),(0.,1.),.UNSPECIFIED.);
#527=B_SPLINE_CURVE_WITH_KNOTS('',1,(#7663,#7664),.UNSPECIFIED.,.F.,.F.,
(2,2),(0.,1.),.UNSPECIFIED.);
#528=B_SPLINE_CURVE_WITH_KNOTS('',1,(#7666,#7667),.UNSPECIFIED.,.F.,.F.,
(2,2),(0.,1.),.UNSPECIFIED.);
#529=B_SPLINE_CURVE_WITH_KNOTS('',1,(#7669,#7670),.UNSPECIFIED.,.F.,.F.,
(2,2),(0.,1.),.UNSPECIFIED.);
#530=B_SPLINE_CURVE_WITH_KNOTS('',2,(#7673,#7674,#7675,#7676,#7677),
 .UNSPECIFIED.,.F.,.F.,(3,2,3),(0.,0.5,1.),.UNSPECIFIED.);
#531=B_SPLINE_CURVE_WITH_KNOTS('',1,(#7679,#7680),.UNSPECIFIED.,.F.,.F.,
(2,2),(0.,1.),.UNSPECIFIED.);
#532=B_SPLINE_CURVE_WITH_KNOTS('',1,(#7684,#7685),.UNSPECIFIED.,.F.,.F.,
(2,2),(0.,1.),.UNSPECIFIED.);
#533=B_SPLINE_CURVE_WITH_KNOTS('',3,(#7689,#7690,#7691,#7692,#7693),
 .UNSPECIFIED.,.F.,.F.,(4,1,4),(0.,0.5,1.),.UNSPECIFIED.);
#534=B_SPLINE_CURVE_WITH_KNOTS('',1,(#7695,#7696),.UNSPECIFIED.,.F.,.F.,
(2,2),(0.,1.),.UNSPECIFIED.);
#535=B_SPLINE_CURVE_WITH_KNOTS('',3,(#7698,#7699,#7700,#7701,#7702),
 .UNSPECIFIED.,.F.,.F.,(4,1,4),(0.,0.499999999999999,1.),.UNSPECIFIED.);
#536=B_SPLINE_CURVE_WITH_KNOTS('',1,(#7704,#7705),.UNSPECIFIED.,.F.,.F.,
(2,2),(0.,1.),.UNSPECIFIED.);
#537=B_SPLINE_CURVE_WITH_KNOTS('',1,(#7707,#7708),.UNSPECIFIED.,.F.,.F.,
(2,2),(0.,1.),.UNSPECIFIED.);
#538=B_SPLINE_CURVE_WITH_KNOTS('',1,(#7710,#7711),.UNSPECIFIED.,.F.,.F.,
(2,2),(0.,1.),.UNSPECIFIED.);
#539=B_SPLINE_CURVE_WITH_KNOTS('',1,(#7712,#7713),.UNSPECIFIED.,.F.,.F.,
(2,2),(0.,1.),.UNSPECIFIED.);
#540=B_SPLINE_CURVE_WITH_KNOTS('',1,(#7715,#7716),.UNSPECIFIED.,.F.,.F.,
(2,2),(0.,1.),.UNSPECIFIED.);
#541=B_SPLINE_CURVE_WITH_KNOTS('',1,(#7717,#7718),.UNSPECIFIED.,.F.,.F.,
(2,2),(0.,1.),.UNSPECIFIED.);
#542=B_SPLINE_CURVE_WITH_KNOTS('',1,(#7720,#7721),.UNSPECIFIED.,.F.,.F.,
(2,2),(0.,1.),.UNSPECIFIED.);
#543=B_SPLINE_CURVE_WITH_KNOTS('',1,(#7723,#7724),.UNSPECIFIED.,.F.,.F.,
(2,2),(0.,1.),.UNSPECIFIED.);
#544=B_SPLINE_CURVE_WITH_KNOTS('',1,(#7729,#7730),.UNSPECIFIED.,.F.,.F.,
(2,2),(0.,1.),.UNSPECIFIED.);
#545=B_SPLINE_CURVE_WITH_KNOTS('',1,(#7733,#7734),.UNSPECIFIED.,.F.,.F.,
(2,2),(0.,1.),.UNSPECIFIED.);
#546=B_SPLINE_CURVE_WITH_KNOTS('',1,(#7736,#7737),.UNSPECIFIED.,.F.,.F.,
(2,2),(0.,1.),.UNSPECIFIED.);
#547=B_SPLINE_CURVE_WITH_KNOTS('',1,(#7739,#7740),.UNSPECIFIED.,.F.,.F.,
(2,2),(0.,1.),.UNSPECIFIED.);
#548=B_SPLINE_CURVE_WITH_KNOTS('',1,(#7741,#7742),.UNSPECIFIED.,.F.,.F.,
(2,2),(0.,1.),.UNSPECIFIED.);
#549=B_SPLINE_CURVE_WITH_KNOTS('',1,(#7744,#7745),.UNSPECIFIED.,.F.,.F.,
(2,2),(0.,1.),.UNSPECIFIED.);
#550=B_SPLINE_CURVE_WITH_KNOTS('',1,(#7747,#7748),.UNSPECIFIED.,.F.,.F.,
(2,2),(0.,1.),.UNSPECIFIED.);
#551=B_SPLINE_CURVE_WITH_KNOTS('',1,(#7750,#7751),.UNSPECIFIED.,.F.,.F.,
(2,2),(0.,1.),.UNSPECIFIED.);
#552=B_SPLINE_CURVE_WITH_KNOTS('',1,(#7753,#7754),.UNSPECIFIED.,.F.,.F.,
(2,2),(0.,1.),.UNSPECIFIED.);
#553=B_SPLINE_CURVE_WITH_KNOTS('',1,(#7755,#7756),.UNSPECIFIED.,.F.,.F.,
(2,2),(0.,1.),.UNSPECIFIED.);
#554=B_SPLINE_CURVE_WITH_KNOTS('',1,(#7759,#7760),.UNSPECIFIED.,.F.,.F.,
(2,2),(0.,1.),.UNSPECIFIED.);
#555=B_SPLINE_CURVE_WITH_KNOTS('',1,(#7762,#7763),.UNSPECIFIED.,.F.,.F.,
(2,2),(0.,1.),.UNSPECIFIED.);
#556=B_SPLINE_CURVE_WITH_KNOTS('',1,(#7765,#7766),.UNSPECIFIED.,.F.,.F.,
(2,2),(0.,1.),.UNSPECIFIED.);
#557=B_SPLINE_CURVE_WITH_KNOTS('',1,(#7772,#7773),.UNSPECIFIED.,.F.,.F.,
(2,2),(0.,1.),.UNSPECIFIED.);
#558=B_SPLINE_CURVE_WITH_KNOTS('',1,(#7776,#7777),.UNSPECIFIED.,.F.,.F.,
(2,2),(0.,1.),.UNSPECIFIED.);
#559=B_SPLINE_CURVE_WITH_KNOTS('',2,(#7779,#7780,#7781,#7782,#7783),
 .UNSPECIFIED.,.F.,.F.,(3,2,3),(0.,0.5,1.),.UNSPECIFIED.);
#560=B_SPLINE_CURVE_WITH_KNOTS('',1,(#7785,#7786),.UNSPECIFIED.,.F.,.F.,
(2,2),(0.,1.),.UNSPECIFIED.);
#561=B_SPLINE_CURVE_WITH_KNOTS('',2,(#7788,#7789,#7790,#7791,#7792),
 .UNSPECIFIED.,.F.,.F.,(3,2,3),(0.,0.5,1.),.UNSPECIFIED.);
#562=B_SPLINE_CURVE_WITH_KNOTS('',1,(#7794,#7795),.UNSPECIFIED.,.F.,.F.,
(2,2),(0.,1.),.UNSPECIFIED.);
#563=B_SPLINE_CURVE_WITH_KNOTS('',1,(#7797,#7798),.UNSPECIFIED.,.F.,.F.,
(2,2),(0.,1.),.UNSPECIFIED.);
#564=B_SPLINE_CURVE_WITH_KNOTS('',1,(#7799,#7800),.UNSPECIFIED.,.F.,.F.,
(2,2),(0.,1.),.UNSPECIFIED.);
#565=B_SPLINE_CURVE_WITH_KNOTS('',1,(#7801,#7802),.UNSPECIFIED.,.F.,.F.,
(2,2),(0.,1.),.UNSPECIFIED.);
#566=B_SPLINE_CURVE_WITH_KNOTS('',1,(#7803,#7804),.UNSPECIFIED.,.F.,.F.,
(2,2),(0.,1.),.UNSPECIFIED.);
#567=B_SPLINE_CURVE_WITH_KNOTS('',1,(#7807,#7808),.UNSPECIFIED.,.F.,.F.,
(2,2),(0.,1.),.UNSPECIFIED.);
#568=B_SPLINE_CURVE_WITH_KNOTS('',3,(#7812,#7813,#7814,#7815),
 .UNSPECIFIED.,.F.,.F.,(4,4),(0.,1.),.UNSPECIFIED.);
#569=B_SPLINE_CURVE_WITH_KNOTS('',1,(#7817,#7818),.UNSPECIFIED.,.F.,.F.,
(2,2),(0.,1.),.UNSPECIFIED.);
#570=B_SPLINE_CURVE_WITH_KNOTS('',2,(#7820,#7821,#7822,#7823,#7824,#7825,
#7826,#7827,#7828),.UNSPECIFIED.,.F.,.F.,(3,2,2,2,3),(0.,0.285714285714286,
0.5,0.75,1.),.UNSPECIFIED.);
#571=B_SPLINE_CURVE_WITH_KNOTS('',1,(#7830,#7831),.UNSPECIFIED.,.F.,.F.,
(2,2),(0.,1.),.UNSPECIFIED.);
#572=B_SPLINE_CURVE_WITH_KNOTS('',1,(#7832,#7833),.UNSPECIFIED.,.F.,.F.,
(2,2),(0.,1.),.UNSPECIFIED.);
#573=B_SPLINE_CURVE_WITH_KNOTS('',3,(#7836,#7837,#7838,#7839),
 .UNSPECIFIED.,.F.,.F.,(4,4),(0.,1.),.UNSPECIFIED.);
#574=B_SPLINE_CURVE_WITH_KNOTS('',1,(#7841,#7842),.UNSPECIFIED.,.F.,.F.,
(2,2),(0.,1.),.UNSPECIFIED.);
#575=B_SPLINE_CURVE_WITH_KNOTS('',1,(#7846,#7847),.UNSPECIFIED.,.F.,.F.,
(2,2),(0.,1.),.UNSPECIFIED.);
#576=B_SPLINE_CURVE_WITH_KNOTS('',1,(#7851,#7852),.UNSPECIFIED.,.F.,.F.,
(2,2),(0.,1.),.UNSPECIFIED.);
#577=B_SPLINE_CURVE_WITH_KNOTS('',1,(#7856,#7857),.UNSPECIFIED.,.F.,.F.,
(2,2),(0.,1.),.UNSPECIFIED.);
#578=B_SPLINE_CURVE_WITH_KNOTS('',1,(#7859,#7860),.UNSPECIFIED.,.F.,.F.,
(2,2),(0.,1.),.UNSPECIFIED.);
#579=B_SPLINE_CURVE_WITH_KNOTS('',1,(#7862,#7863),.UNSPECIFIED.,.F.,.F.,
(2,2),(0.,1.),.UNSPECIFIED.);
#580=B_SPLINE_CURVE_WITH_KNOTS('',1,(#7866,#7867),.UNSPECIFIED.,.F.,.F.,
(2,2),(0.,1.),.UNSPECIFIED.);
#581=B_SPLINE_CURVE_WITH_KNOTS('',1,(#7870,#7871),.UNSPECIFIED.,.F.,.F.,
(2,2),(0.,1.),.UNSPECIFIED.);
#582=B_SPLINE_CURVE_WITH_KNOTS('',3,(#7875,#7876,#7877,#7878),
 .UNSPECIFIED.,.F.,.F.,(4,4),(0.,1.),.UNSPECIFIED.);
#583=B_SPLINE_CURVE_WITH_KNOTS('',1,(#7879,#7880),.UNSPECIFIED.,.F.,.F.,
(2,2),(0.,1.),.UNSPECIFIED.);
#584=B_SPLINE_CURVE_WITH_KNOTS('',1,(#7882,#7883),.UNSPECIFIED.,.F.,.F.,
(2,2),(0.,1.),.UNSPECIFIED.);
#585=B_SPLINE_CURVE_WITH_KNOTS('',1,(#7886,#7887),.UNSPECIFIED.,.F.,.F.,
(2,2),(0.,1.),.UNSPECIFIED.);
#586=B_SPLINE_CURVE_WITH_KNOTS('',1,(#7888,#7889),.UNSPECIFIED.,.F.,.F.,
(2,2),(0.,1.),.UNSPECIFIED.);
#587=B_SPLINE_CURVE_WITH_KNOTS('',1,(#7891,#7892),.UNSPECIFIED.,.F.,.F.,
(2,2),(0.,1.),.UNSPECIFIED.);
#588=B_SPLINE_CURVE_WITH_KNOTS('',2,(#7894,#7895,#7896),.UNSPECIFIED.,.F.,
 .F.,(3,3),(0.,1.),.UNSPECIFIED.);
#589=B_SPLINE_CURVE_WITH_KNOTS('',1,(#7897,#7898),.UNSPECIFIED.,.F.,.F.,
(2,2),(0.,1.),.UNSPECIFIED.);
#590=B_SPLINE_CURVE_WITH_KNOTS('',3,(#7900,#7901,#7902,#7903),
 .UNSPECIFIED.,.F.,.F.,(4,4),(0.,1.),.UNSPECIFIED.);
#591=OPEN_SHELL('',(#4247,#4248,#4249,#4250,#4251,#4252,#4253,#4254,#4255,
#4256,#4257,#4258,#4259,#4260,#4261,#4262,#4263,#4264,#4265,#4266,#4267,
#4268,#4269,#4270,#4271,#4272,#4273,#4274,#4275,#4276,#4277,#4278,#4279,
#4280,#4281,#4282,#4283,#4284,#4285,#4286,#4287,#4288,#4289,#4290,#4291,
#4292,#4293,#4294,#4295));
#592=OPEN_SHELL('',(#4296));
#593=OPEN_SHELL('',(#4297));
#594=OPEN_SHELL('',(#4298));
#595=OPEN_SHELL('',(#4299,#4300,#4301,#4302,#4303,#4304,#4305,#4306,#4307));
#596=OPEN_SHELL('',(#4308,#4309,#4310,#4311,#4312,#4313,#4314,#4315));
#597=OPEN_SHELL('',(#4316,#4317,#4318,#4319,#4320,#4321,#4322,#4323,#4324,
#4325,#4326,#4327,#4328,#4329,#4330,#4331,#4332,#4333,#4334,#4335,#4336,
#4337,#4338,#4339,#4340,#4341,#4342,#4343,#4344,#4345,#4346,#4347,#4348,
#4349,#4350,#4351,#4352,#4353,#4354,#4355,#4356,#4357,#4358,#4359,#4360,
#4361,#4362,#4363,#4364,#4365,#4366,#4367,#4368,#4369,#4370,#4371,#4372,
#4373,#4374,#4375,#4376,#4377,#4378,#4379,#4380,#4381,#4382,#4383,#4384,
#4385,#4386,#4387,#4388,#4389,#4390,#4391,#4392,#4393,#4394,#4395,#4396,
#4397,#4398,#4399,#4400,#4401,#4402,#4403,#4404,#4405,#4406,#4407,#4408,
#4409,#4410,#4411,#4412,#4413,#4414,#4415,#4416,#4417,#4418,#4419,#4420,
#4421,#4422,#4423,#4424,#4425,#4426,#4427,#4428,#4429,#4430,#4431,#4432,
#4433,#4434,#4435,#4436,#4437,#4438,#4439,#4440,#4441,#4442,#4443,#4444));
#598=CONTEXT_DEPENDENT_SHAPE_REPRESENTATION(#604,#7920);
#599=CONTEXT_DEPENDENT_SHAPE_REPRESENTATION(#605,#7922);
#600=CONTEXT_DEPENDENT_SHAPE_REPRESENTATION(#606,#7924);
#601=NEXT_ASSEMBLY_USAGE_OCCURRENCE('NAUO1','PTS815SJM250SMTRLFS_PART1',
'PTS815SJM250SMTRLFS_PART1',#7925,#7926,'');
#602=NEXT_ASSEMBLY_USAGE_OCCURRENCE('NAUO2','PTS815SJM250SMTRLFS_PART2',
'PTS815SJM250SMTRLFS_PART2',#7925,#7927,'');
#603=NEXT_ASSEMBLY_USAGE_OCCURRENCE('NAUO3','PTS815SJM250SMTRLFS_PART3',
'PTS815SJM250SMTRLFS_PART3',#7925,#7928,'');
#604=(
REPRESENTATION_RELATIONSHIP(' ',' ',#4459,#4458)
REPRESENTATION_RELATIONSHIP_WITH_TRANSFORMATION(#607)
SHAPE_REPRESENTATION_RELATIONSHIP()
);
#605=(
REPRESENTATION_RELATIONSHIP(' ',' ',#4460,#4458)
REPRESENTATION_RELATIONSHIP_WITH_TRANSFORMATION(#608)
SHAPE_REPRESENTATION_RELATIONSHIP()
);
#606=(
REPRESENTATION_RELATIONSHIP(' ',' ',#4461,#4458)
REPRESENTATION_RELATIONSHIP_WITH_TRANSFORMATION(#609)
SHAPE_REPRESENTATION_RELATIONSHIP()
);
#607=ITEM_DEFINED_TRANSFORMATION(' ',' ',#4462,#4513);
#608=ITEM_DEFINED_TRANSFORMATION(' ',' ',#4462,#4604);
#609=ITEM_DEFINED_TRANSFORMATION(' ',' ',#4462,#4778);
#610=SHAPE_REPRESENTATION_RELATIONSHIP('','',#4459,#613);
#611=SHAPE_REPRESENTATION_RELATIONSHIP('','',#4460,#614);
#612=SHAPE_REPRESENTATION_RELATIONSHIP('','',#4461,#615);
#613=MANIFOLD_SURFACE_SHAPE_REPRESENTATION('',(#4446),#7908);
#614=MANIFOLD_SURFACE_SHAPE_REPRESENTATION('',(#4447,#4448),#7909);
#615=MANIFOLD_SURFACE_SHAPE_REPRESENTATION('',(#4449,#4450,#4451,#4452,
#4453),#7910);
#616=STYLED_ITEM('',(#619),#4231);
#617=STYLED_ITEM('',(#620),#4259);
#618=STYLED_ITEM('',(#621),#4412);
#619=PRESENTATION_STYLE_ASSIGNMENT((#622));
#620=PRESENTATION_STYLE_ASSIGNMENT((#623));
#621=PRESENTATION_STYLE_ASSIGNMENT((#624));
#622=SURFACE_STYLE_USAGE(.BOTH.,#625);
#623=SURFACE_STYLE_USAGE(.BOTH.,#626);
#624=SURFACE_STYLE_USAGE(.BOTH.,#627);
#625=SURFACE_SIDE_STYLE('',(#628));
#626=SURFACE_SIDE_STYLE('',(#629));
#627=SURFACE_SIDE_STYLE('',(#630));
#628=SURFACE_STYLE_FILL_AREA(#631);
#629=SURFACE_STYLE_FILL_AREA(#632);
#630=SURFACE_STYLE_FILL_AREA(#633);
#631=FILL_AREA_STYLE('',(#634));
#632=FILL_AREA_STYLE('',(#635));
#633=FILL_AREA_STYLE('',(#636));
#634=FILL_AREA_STYLE_COLOUR('',#637);
#635=FILL_AREA_STYLE_COLOUR('',#637);
#636=FILL_AREA_STYLE_COLOUR('',#637);
#637=DRAUGHTING_PRE_DEFINED_COLOUR('white');
#638=CIRCLE('',#4465,1.25);
#639=CIRCLE('',#4466,1.25);
#640=CIRCLE('',#4470,1.25);
#641=CIRCLE('',#4471,0.2);
#642=CIRCLE('',#4472,0.2);
#643=CIRCLE('',#4473,0.2);
#644=CIRCLE('',#4474,0.2);
#645=CIRCLE('',#4475,0.2);
#646=CIRCLE('',#4476,0.2);
#647=CIRCLE('',#4477,0.2);
#648=CIRCLE('',#4478,0.2);
#649=CIRCLE('',#4480,0.2);
#650=CIRCLE('',#4482,0.2);
#651=CIRCLE('',#4484,0.2);
#652=CIRCLE('',#4486,0.2);
#653=CIRCLE('',#4495,0.2);
#654=CIRCLE('',#4497,0.2);
#655=CIRCLE('',#4501,0.2);
#656=CIRCLE('',#4502,0.2);
#657=CIRCLE('',#4503,1.25);
#658=CIRCLE('',#4517,1.2);
#659=CIRCLE('',#4518,1.2);
#660=CIRCLE('',#4520,0.3176037);
#661=CIRCLE('',#4521,0.3176037);
#662=CIRCLE('',#4523,0.15);
#663=CIRCLE('',#4524,0.467027764326971);
#664=CIRCLE('',#4525,0.15);
#665=CIRCLE('',#4527,0.15);
#666=CIRCLE('',#4528,0.467027832431208);
#667=CIRCLE('',#4529,0.15);
#668=CIRCLE('',#4531,0.600000005730306);
#669=CIRCLE('',#4533,0.600000021078507);
#670=CIRCLE('',#4535,0.3);
#671=CIRCLE('',#4536,0.3);
#672=CIRCLE('',#4537,0.3);
#673=CIRCLE('',#4538,0.3);
#674=CIRCLE('',#4540,1.2);
#675=CIRCLE('',#4541,1.2);
#676=CIRCLE('',#4543,0.3);
#677=CIRCLE('',#4545,0.3);
#678=CIRCLE('',#4547,0.3);
#679=CIRCLE('',#4550,0.3);
#680=CIRCLE('',#4560,0.13);
#681=CIRCLE('',#4562,1.1);
#682=CIRCLE('',#4563,1.1);
#683=CIRCLE('',#4566,1.1);
#684=CIRCLE('',#4569,1.1);
#685=CIRCLE('',#4581,0.13);
#686=CIRCLE('',#4582,0.13);
#687=CIRCLE('',#4583,0.13);
#688=CIRCLE('',#4584,0.13);
#689=CIRCLE('',#4585,0.13);
#690=CIRCLE('',#4586,0.13);
#691=CIRCLE('',#4591,0.13);
#692=CIRCLE('',#4593,0.13);
#693=CIRCLE('',#4595,0.13);
#694=CIRCLE('',#4597,0.13);
#695=CIRCLE('',#4599,0.13);
#696=CIRCLE('',#4601,0.13);
#697=CIRCLE('',#4602,0.13);
#698=CIRCLE('',#4610,0.1);
#699=CIRCLE('',#4655,0.15);
#700=CIRCLE('',#4677,0.15);
#701=CIRCLE('',#4682,0.1);
#702=CIRCLE('',#4683,0.1);
#703=CIRCLE('',#4686,0.15);
#704=CIRCLE('',#4695,0.1);
#705=CIRCLE('',#4696,0.1);
#706=CIRCLE('',#4699,0.15);
#707=CIRCLE('',#4710,0.15);
#708=CIRCLE('',#4719,0.45);
#709=CIRCLE('',#4721,0.45);
#710=CIRCLE('',#4722,0.45);
#711=CIRCLE('',#4724,0.85);
#712=CIRCLE('',#4725,0.85);
#713=CIRCLE('',#4747,1.475);
#714=CIRCLE('',#4748,1.475);
#715=CIRCLE('',#4752,0.85);
#716=CIRCLE('',#4753,0.85);
#717=CIRCLE('',#4759,0.85);
#718=CIRCLE('',#4760,0.85);
#719=CIRCLE('',#4763,1.475);
#720=CIRCLE('',#4764,1.475);
#721=CIRCLE('',#4770,0.85);
#722=CIRCLE('',#4771,0.85);
#723=CYLINDRICAL_SURFACE('',#4464,1.25);
#724=CYLINDRICAL_SURFACE('',#4479,0.2);
#725=CYLINDRICAL_SURFACE('',#4481,0.2);
#726=CYLINDRICAL_SURFACE('',#4483,0.2);
#727=CYLINDRICAL_SURFACE('',#4485,0.2);
#728=CYLINDRICAL_SURFACE('',#4494,0.2);
#729=CYLINDRICAL_SURFACE('',#4496,0.2);
#730=CYLINDRICAL_SURFACE('',#4505,1.25);
#731=CYLINDRICAL_SURFACE('',#4507,0.2);
#732=CYLINDRICAL_SURFACE('',#4508,0.2);
#733=CYLINDRICAL_SURFACE('',#4516,1.2);
#734=CYLINDRICAL_SURFACE('',#4539,1.2);
#735=CYLINDRICAL_SURFACE('',#4542,0.3);
#736=CYLINDRICAL_SURFACE('',#4544,0.3);
#737=CYLINDRICAL_SURFACE('',#4546,0.3);
#738=CYLINDRICAL_SURFACE('',#4549,0.3);
#739=CYLINDRICAL_SURFACE('',#4559,0.13);
#740=CYLINDRICAL_SURFACE('',#4561,1.1);
#741=CYLINDRICAL_SURFACE('',#4568,1.1);
#742=CYLINDRICAL_SURFACE('',#4589,0.13);
#743=CYLINDRICAL_SURFACE('',#4590,0.13);
#744=CYLINDRICAL_SURFACE('',#4592,0.13);
#745=CYLINDRICAL_SURFACE('',#4594,0.13);
#746=CYLINDRICAL_SURFACE('',#4596,0.13);
#747=CYLINDRICAL_SURFACE('',#4598,0.13);
#748=CYLINDRICAL_SURFACE('',#4600,0.13);
#749=CYLINDRICAL_SURFACE('',#4609,0.1);
#750=CYLINDRICAL_SURFACE('',#4634,1.475);
#751=CYLINDRICAL_SURFACE('',#4678,0.15);
#752=CYLINDRICAL_SURFACE('',#4681,0.1);
#753=CYLINDRICAL_SURFACE('',#4691,0.15);
#754=CYLINDRICAL_SURFACE('',#4694,0.1);
#755=CYLINDRICAL_SURFACE('',#4705,0.15);
#756=CYLINDRICAL_SURFACE('',#4711,0.15);
#757=CYLINDRICAL_SURFACE('',#4712,0.1);
#758=CYLINDRICAL_SURFACE('',#4720,0.45);
#759=CYLINDRICAL_SURFACE('',#4723,0.85);
#760=CYLINDRICAL_SURFACE('',#4726,1.475);
#761=CYLINDRICAL_SURFACE('',#4734,1.475);
#762=CYLINDRICAL_SURFACE('',#4746,1.475);
#763=CYLINDRICAL_SURFACE('',#4751,0.85);
#764=CYLINDRICAL_SURFACE('',#4758,0.85);
#765=CYLINDRICAL_SURFACE('',#4762,1.475);
#766=CYLINDRICAL_SURFACE('',#4769,0.85);
#767=CYLINDRICAL_SURFACE('',#4777,1.475);
#768=ORIENTED_EDGE('',*,*,#2057,.T.);
#769=ORIENTED_EDGE('',*,*,#2058,.F.);
#770=ORIENTED_EDGE('',*,*,#2059,.F.);
#771=ORIENTED_EDGE('',*,*,#2060,.T.);
#772=ORIENTED_EDGE('',*,*,#2061,.F.);
#773=ORIENTED_EDGE('',*,*,#2062,.F.);
#774=ORIENTED_EDGE('',*,*,#2063,.T.);
#775=ORIENTED_EDGE('',*,*,#2059,.T.);
#776=ORIENTED_EDGE('',*,*,#2064,.F.);
#777=ORIENTED_EDGE('',*,*,#2065,.F.);
#778=ORIENTED_EDGE('',*,*,#2066,.F.);
#779=ORIENTED_EDGE('',*,*,#2067,.F.);
#780=ORIENTED_EDGE('',*,*,#2068,.F.);
#781=ORIENTED_EDGE('',*,*,#2069,.F.);
#782=ORIENTED_EDGE('',*,*,#2070,.F.);
#783=ORIENTED_EDGE('',*,*,#2071,.F.);
#784=ORIENTED_EDGE('',*,*,#2072,.T.);
#785=ORIENTED_EDGE('',*,*,#2060,.F.);
#786=ORIENTED_EDGE('',*,*,#2063,.F.);
#787=ORIENTED_EDGE('',*,*,#2073,.F.);
#788=ORIENTED_EDGE('',*,*,#2074,.T.);
#789=ORIENTED_EDGE('',*,*,#2075,.F.);
#790=ORIENTED_EDGE('',*,*,#2076,.F.);
#791=ORIENTED_EDGE('',*,*,#2077,.F.);
#792=ORIENTED_EDGE('',*,*,#2078,.F.);
#793=ORIENTED_EDGE('',*,*,#2079,.F.);
#794=ORIENTED_EDGE('',*,*,#2080,.F.);
#795=ORIENTED_EDGE('',*,*,#2081,.F.);
#796=ORIENTED_EDGE('',*,*,#2082,.T.);
#797=ORIENTED_EDGE('',*,*,#2083,.F.);
#798=ORIENTED_EDGE('',*,*,#2084,.F.);
#799=ORIENTED_EDGE('',*,*,#2085,.F.);
#800=ORIENTED_EDGE('',*,*,#2086,.F.);
#801=ORIENTED_EDGE('',*,*,#2087,.T.);
#802=ORIENTED_EDGE('',*,*,#2088,.T.);
#803=ORIENTED_EDGE('',*,*,#2089,.F.);
#804=ORIENTED_EDGE('',*,*,#2068,.T.);
#805=ORIENTED_EDGE('',*,*,#2090,.T.);
#806=ORIENTED_EDGE('',*,*,#2091,.T.);
#807=ORIENTED_EDGE('',*,*,#2092,.T.);
#808=ORIENTED_EDGE('',*,*,#2093,.F.);
#809=ORIENTED_EDGE('',*,*,#2094,.F.);
#810=ORIENTED_EDGE('',*,*,#2064,.T.);
#811=ORIENTED_EDGE('',*,*,#2095,.T.);
#812=ORIENTED_EDGE('',*,*,#2069,.T.);
#813=ORIENTED_EDGE('',*,*,#2089,.T.);
#814=ORIENTED_EDGE('',*,*,#2096,.F.);
#815=ORIENTED_EDGE('',*,*,#2097,.F.);
#816=ORIENTED_EDGE('',*,*,#2098,.F.);
#817=ORIENTED_EDGE('',*,*,#2090,.F.);
#818=ORIENTED_EDGE('',*,*,#2071,.T.);
#819=ORIENTED_EDGE('',*,*,#2099,.F.);
#820=ORIENTED_EDGE('',*,*,#2065,.T.);
#821=ORIENTED_EDGE('',*,*,#2094,.T.);
#822=ORIENTED_EDGE('',*,*,#2100,.F.);
#823=ORIENTED_EDGE('',*,*,#2101,.F.);
#824=ORIENTED_EDGE('',*,*,#2102,.F.);
#825=ORIENTED_EDGE('',*,*,#2095,.F.);
#826=ORIENTED_EDGE('',*,*,#2067,.T.);
#827=ORIENTED_EDGE('',*,*,#2103,.F.);
#828=ORIENTED_EDGE('',*,*,#2091,.F.);
#829=ORIENTED_EDGE('',*,*,#2098,.T.);
#830=ORIENTED_EDGE('',*,*,#2104,.F.);
#831=ORIENTED_EDGE('',*,*,#2105,.F.);
#832=ORIENTED_EDGE('',*,*,#2096,.T.);
#833=ORIENTED_EDGE('',*,*,#2088,.F.);
#834=ORIENTED_EDGE('',*,*,#2106,.F.);
#835=ORIENTED_EDGE('',*,*,#2107,.F.);
#836=ORIENTED_EDGE('',*,*,#2074,.F.);
#837=ORIENTED_EDGE('',*,*,#2102,.T.);
#838=ORIENTED_EDGE('',*,*,#2108,.F.);
#839=ORIENTED_EDGE('',*,*,#2109,.F.);
#840=ORIENTED_EDGE('',*,*,#2110,.T.);
#841=ORIENTED_EDGE('',*,*,#2111,.F.);
#842=ORIENTED_EDGE('',*,*,#2100,.T.);
#843=ORIENTED_EDGE('',*,*,#2093,.T.);
#844=ORIENTED_EDGE('',*,*,#2092,.F.);
#845=ORIENTED_EDGE('',*,*,#2105,.T.);
#846=ORIENTED_EDGE('',*,*,#2112,.F.);
#847=ORIENTED_EDGE('',*,*,#2110,.F.);
#848=ORIENTED_EDGE('',*,*,#2087,.F.);
#849=ORIENTED_EDGE('',*,*,#2113,.F.);
#850=ORIENTED_EDGE('',*,*,#2114,.F.);
#851=ORIENTED_EDGE('',*,*,#2106,.T.);
#852=ORIENTED_EDGE('',*,*,#2115,.T.);
#853=ORIENTED_EDGE('',*,*,#2116,.T.);
#854=ORIENTED_EDGE('',*,*,#2117,.T.);
#855=ORIENTED_EDGE('',*,*,#2084,.T.);
#856=ORIENTED_EDGE('',*,*,#2115,.F.);
#857=ORIENTED_EDGE('',*,*,#2083,.T.);
#858=ORIENTED_EDGE('',*,*,#2118,.F.);
#859=ORIENTED_EDGE('',*,*,#2119,.F.);
#860=ORIENTED_EDGE('',*,*,#2120,.F.);
#861=ORIENTED_EDGE('',*,*,#2085,.T.);
#862=ORIENTED_EDGE('',*,*,#2117,.F.);
#863=ORIENTED_EDGE('',*,*,#2121,.F.);
#864=ORIENTED_EDGE('',*,*,#2120,.T.);
#865=ORIENTED_EDGE('',*,*,#2122,.F.);
#866=ORIENTED_EDGE('',*,*,#2113,.T.);
#867=ORIENTED_EDGE('',*,*,#2086,.T.);
#868=ORIENTED_EDGE('',*,*,#2118,.T.);
#869=ORIENTED_EDGE('',*,*,#2082,.F.);
#870=ORIENTED_EDGE('',*,*,#2123,.F.);
#871=ORIENTED_EDGE('',*,*,#2124,.F.);
#872=ORIENTED_EDGE('',*,*,#2111,.T.);
#873=ORIENTED_EDGE('',*,*,#2112,.T.);
#874=ORIENTED_EDGE('',*,*,#2104,.T.);
#875=ORIENTED_EDGE('',*,*,#2099,.T.);
#876=ORIENTED_EDGE('',*,*,#2070,.T.);
#877=ORIENTED_EDGE('',*,*,#2097,.T.);
#878=ORIENTED_EDGE('',*,*,#2107,.T.);
#879=ORIENTED_EDGE('',*,*,#2114,.T.);
#880=ORIENTED_EDGE('',*,*,#2122,.T.);
#881=ORIENTED_EDGE('',*,*,#2121,.T.);
#882=ORIENTED_EDGE('',*,*,#2116,.F.);
#883=ORIENTED_EDGE('',*,*,#2119,.T.);
#884=ORIENTED_EDGE('',*,*,#2124,.T.);
#885=ORIENTED_EDGE('',*,*,#2125,.T.);
#886=ORIENTED_EDGE('',*,*,#2126,.T.);
#887=ORIENTED_EDGE('',*,*,#2127,.T.);
#888=ORIENTED_EDGE('',*,*,#2128,.F.);
#889=ORIENTED_EDGE('',*,*,#2129,.T.);
#890=ORIENTED_EDGE('',*,*,#2130,.T.);
#891=ORIENTED_EDGE('',*,*,#2131,.T.);
#892=ORIENTED_EDGE('',*,*,#2108,.T.);
#893=ORIENTED_EDGE('',*,*,#2103,.T.);
#894=ORIENTED_EDGE('',*,*,#2066,.T.);
#895=ORIENTED_EDGE('',*,*,#2101,.T.);
#896=ORIENTED_EDGE('',*,*,#2061,.T.);
#897=ORIENTED_EDGE('',*,*,#2058,.T.);
#898=ORIENTED_EDGE('',*,*,#2132,.T.);
#899=ORIENTED_EDGE('',*,*,#2133,.T.);
#900=ORIENTED_EDGE('',*,*,#2134,.F.);
#901=ORIENTED_EDGE('',*,*,#2125,.F.);
#902=ORIENTED_EDGE('',*,*,#2123,.T.);
#903=ORIENTED_EDGE('',*,*,#2081,.T.);
#904=ORIENTED_EDGE('',*,*,#2132,.F.);
#905=ORIENTED_EDGE('',*,*,#2057,.F.);
#906=ORIENTED_EDGE('',*,*,#2072,.F.);
#907=ORIENTED_EDGE('',*,*,#2135,.F.);
#908=ORIENTED_EDGE('',*,*,#2136,.T.);
#909=ORIENTED_EDGE('',*,*,#2128,.T.);
#910=ORIENTED_EDGE('',*,*,#2137,.T.);
#911=ORIENTED_EDGE('',*,*,#2078,.T.);
#912=ORIENTED_EDGE('',*,*,#2136,.F.);
#913=ORIENTED_EDGE('',*,*,#2077,.T.);
#914=ORIENTED_EDGE('',*,*,#2138,.F.);
#915=ORIENTED_EDGE('',*,*,#2129,.F.);
#916=ORIENTED_EDGE('',*,*,#2139,.F.);
#917=ORIENTED_EDGE('',*,*,#2079,.T.);
#918=ORIENTED_EDGE('',*,*,#2137,.F.);
#919=ORIENTED_EDGE('',*,*,#2127,.F.);
#920=ORIENTED_EDGE('',*,*,#2139,.T.);
#921=ORIENTED_EDGE('',*,*,#2126,.F.);
#922=ORIENTED_EDGE('',*,*,#2134,.T.);
#923=ORIENTED_EDGE('',*,*,#2080,.T.);
#924=ORIENTED_EDGE('',*,*,#2140,.F.);
#925=ORIENTED_EDGE('',*,*,#2130,.F.);
#926=ORIENTED_EDGE('',*,*,#2138,.T.);
#927=ORIENTED_EDGE('',*,*,#2076,.T.);
#928=ORIENTED_EDGE('',*,*,#2109,.T.);
#929=ORIENTED_EDGE('',*,*,#2131,.F.);
#930=ORIENTED_EDGE('',*,*,#2140,.T.);
#931=ORIENTED_EDGE('',*,*,#2075,.T.);
#932=ORIENTED_EDGE('',*,*,#2133,.F.);
#933=ORIENTED_EDGE('',*,*,#2135,.T.);
#934=ORIENTED_EDGE('',*,*,#2073,.T.);
#935=ORIENTED_EDGE('',*,*,#2062,.T.);
#936=ORIENTED_EDGE('',*,*,#2141,.T.);
#937=ORIENTED_EDGE('',*,*,#2142,.T.);
#938=ORIENTED_EDGE('',*,*,#2143,.T.);
#939=ORIENTED_EDGE('',*,*,#2144,.F.);
#940=ORIENTED_EDGE('',*,*,#2142,.F.);
#941=ORIENTED_EDGE('',*,*,#2145,.T.);
#942=ORIENTED_EDGE('',*,*,#2146,.F.);
#943=ORIENTED_EDGE('',*,*,#2147,.F.);
#944=ORIENTED_EDGE('',*,*,#2148,.F.);
#945=ORIENTED_EDGE('',*,*,#2149,.F.);
#946=ORIENTED_EDGE('',*,*,#2150,.F.);
#947=ORIENTED_EDGE('',*,*,#2151,.F.);
#948=ORIENTED_EDGE('',*,*,#2152,.F.);
#949=ORIENTED_EDGE('',*,*,#2153,.F.);
#950=ORIENTED_EDGE('',*,*,#2152,.T.);
#951=ORIENTED_EDGE('',*,*,#2154,.T.);
#952=ORIENTED_EDGE('',*,*,#2155,.F.);
#953=ORIENTED_EDGE('',*,*,#2156,.T.);
#954=ORIENTED_EDGE('',*,*,#2153,.T.);
#955=ORIENTED_EDGE('',*,*,#2157,.F.);
#956=ORIENTED_EDGE('',*,*,#2158,.F.);
#957=ORIENTED_EDGE('',*,*,#2159,.F.);
#958=ORIENTED_EDGE('',*,*,#2158,.T.);
#959=ORIENTED_EDGE('',*,*,#2160,.F.);
#960=ORIENTED_EDGE('',*,*,#2161,.T.);
#961=ORIENTED_EDGE('',*,*,#2162,.F.);
#962=ORIENTED_EDGE('',*,*,#2155,.T.);
#963=ORIENTED_EDGE('',*,*,#2163,.T.);
#964=ORIENTED_EDGE('',*,*,#2164,.T.);
#965=ORIENTED_EDGE('',*,*,#2165,.T.);
#966=ORIENTED_EDGE('',*,*,#2161,.F.);
#967=ORIENTED_EDGE('',*,*,#2164,.F.);
#968=ORIENTED_EDGE('',*,*,#2166,.F.);
#969=ORIENTED_EDGE('',*,*,#2167,.F.);
#970=ORIENTED_EDGE('',*,*,#2168,.F.);
#971=ORIENTED_EDGE('',*,*,#2169,.F.);
#972=ORIENTED_EDGE('',*,*,#2170,.F.);
#973=ORIENTED_EDGE('',*,*,#2171,.F.);
#974=ORIENTED_EDGE('',*,*,#2172,.F.);
#975=ORIENTED_EDGE('',*,*,#2173,.F.);
#976=ORIENTED_EDGE('',*,*,#2174,.F.);
#977=ORIENTED_EDGE('',*,*,#2175,.F.);
#978=ORIENTED_EDGE('',*,*,#2176,.F.);
#979=ORIENTED_EDGE('',*,*,#2177,.F.);
#980=ORIENTED_EDGE('',*,*,#2178,.T.);
#981=ORIENTED_EDGE('',*,*,#2175,.T.);
#982=ORIENTED_EDGE('',*,*,#2171,.T.);
#983=ORIENTED_EDGE('',*,*,#2179,.T.);
#984=ORIENTED_EDGE('',*,*,#2180,.T.);
#985=ORIENTED_EDGE('',*,*,#2181,.T.);
#986=ORIENTED_EDGE('',*,*,#2173,.T.);
#987=ORIENTED_EDGE('',*,*,#2177,.T.);
#988=ORIENTED_EDGE('',*,*,#2182,.T.);
#989=ORIENTED_EDGE('',*,*,#2183,.T.);
#990=ORIENTED_EDGE('',*,*,#2169,.T.);
#991=ORIENTED_EDGE('',*,*,#2151,.T.);
#992=ORIENTED_EDGE('',*,*,#2184,.T.);
#993=ORIENTED_EDGE('',*,*,#2179,.F.);
#994=ORIENTED_EDGE('',*,*,#2170,.T.);
#995=ORIENTED_EDGE('',*,*,#2183,.F.);
#996=ORIENTED_EDGE('',*,*,#2185,.T.);
#997=ORIENTED_EDGE('',*,*,#2149,.T.);
#998=ORIENTED_EDGE('',*,*,#2167,.T.);
#999=ORIENTED_EDGE('',*,*,#2186,.T.);
#1000=ORIENTED_EDGE('',*,*,#2181,.F.);
#1001=ORIENTED_EDGE('',*,*,#2187,.F.);
#1002=ORIENTED_EDGE('',*,*,#2186,.F.);
#1003=ORIENTED_EDGE('',*,*,#2166,.T.);
#1004=ORIENTED_EDGE('',*,*,#2150,.T.);
#1005=ORIENTED_EDGE('',*,*,#2185,.F.);
#1006=ORIENTED_EDGE('',*,*,#2187,.T.);
#1007=ORIENTED_EDGE('',*,*,#2180,.F.);
#1008=ORIENTED_EDGE('',*,*,#2176,.T.);
#1009=ORIENTED_EDGE('',*,*,#2178,.F.);
#1010=ORIENTED_EDGE('',*,*,#2184,.F.);
#1011=ORIENTED_EDGE('',*,*,#2182,.F.);
#1012=ORIENTED_EDGE('',*,*,#2188,.F.);
#1013=ORIENTED_EDGE('',*,*,#2189,.T.);
#1014=ORIENTED_EDGE('',*,*,#2190,.T.);
#1015=ORIENTED_EDGE('',*,*,#2191,.F.);
#1016=ORIENTED_EDGE('',*,*,#2192,.F.);
#1017=ORIENTED_EDGE('',*,*,#2193,.F.);
#1018=ORIENTED_EDGE('',*,*,#2143,.F.);
#1019=ORIENTED_EDGE('',*,*,#2147,.T.);
#1020=ORIENTED_EDGE('',*,*,#2194,.T.);
#1021=ORIENTED_EDGE('',*,*,#2144,.T.);
#1022=ORIENTED_EDGE('',*,*,#2193,.T.);
#1023=ORIENTED_EDGE('',*,*,#2195,.F.);
#1024=ORIENTED_EDGE('',*,*,#2196,.T.);
#1025=ORIENTED_EDGE('',*,*,#2195,.T.);
#1026=ORIENTED_EDGE('',*,*,#2192,.T.);
#1027=ORIENTED_EDGE('',*,*,#2197,.F.);
#1028=ORIENTED_EDGE('',*,*,#2198,.T.);
#1029=ORIENTED_EDGE('',*,*,#2197,.T.);
#1030=ORIENTED_EDGE('',*,*,#2191,.T.);
#1031=ORIENTED_EDGE('',*,*,#2199,.T.);
#1032=ORIENTED_EDGE('',*,*,#2200,.F.);
#1033=ORIENTED_EDGE('',*,*,#2201,.F.);
#1034=ORIENTED_EDGE('',*,*,#2199,.F.);
#1035=ORIENTED_EDGE('',*,*,#2190,.F.);
#1036=ORIENTED_EDGE('',*,*,#2146,.T.);
#1037=ORIENTED_EDGE('',*,*,#2202,.T.);
#1038=ORIENTED_EDGE('',*,*,#2203,.T.);
#1039=ORIENTED_EDGE('',*,*,#2188,.T.);
#1040=ORIENTED_EDGE('',*,*,#2203,.F.);
#1041=ORIENTED_EDGE('',*,*,#2204,.F.);
#1042=ORIENTED_EDGE('',*,*,#2200,.T.);
#1043=ORIENTED_EDGE('',*,*,#2189,.F.);
#1044=ORIENTED_EDGE('',*,*,#2205,.T.);
#1045=ORIENTED_EDGE('',*,*,#2206,.T.);
#1046=ORIENTED_EDGE('',*,*,#2207,.T.);
#1047=ORIENTED_EDGE('',*,*,#2208,.F.);
#1048=ORIENTED_EDGE('',*,*,#2209,.F.);
#1049=ORIENTED_EDGE('',*,*,#2210,.F.);
#1050=ORIENTED_EDGE('',*,*,#2211,.T.);
#1051=ORIENTED_EDGE('',*,*,#2212,.T.);
#1052=ORIENTED_EDGE('',*,*,#2213,.F.);
#1053=ORIENTED_EDGE('',*,*,#2212,.F.);
#1054=ORIENTED_EDGE('',*,*,#2214,.F.);
#1055=ORIENTED_EDGE('',*,*,#2215,.F.);
#1056=ORIENTED_EDGE('',*,*,#2207,.F.);
#1057=ORIENTED_EDGE('',*,*,#2216,.T.);
#1058=ORIENTED_EDGE('',*,*,#2217,.T.);
#1059=ORIENTED_EDGE('',*,*,#2218,.T.);
#1060=ORIENTED_EDGE('',*,*,#2219,.F.);
#1061=ORIENTED_EDGE('',*,*,#2220,.T.);
#1062=ORIENTED_EDGE('',*,*,#2221,.F.);
#1063=ORIENTED_EDGE('',*,*,#2222,.T.);
#1064=ORIENTED_EDGE('',*,*,#2223,.F.);
#1065=ORIENTED_EDGE('',*,*,#2224,.T.);
#1066=ORIENTED_EDGE('',*,*,#2225,.F.);
#1067=ORIENTED_EDGE('',*,*,#2226,.T.);
#1068=ORIENTED_EDGE('',*,*,#2227,.F.);
#1069=ORIENTED_EDGE('',*,*,#2228,.F.);
#1070=ORIENTED_EDGE('',*,*,#2229,.F.);
#1071=ORIENTED_EDGE('',*,*,#2230,.F.);
#1072=ORIENTED_EDGE('',*,*,#2231,.F.);
#1073=ORIENTED_EDGE('',*,*,#2232,.F.);
#1074=ORIENTED_EDGE('',*,*,#2233,.F.);
#1075=ORIENTED_EDGE('',*,*,#2234,.F.);
#1076=ORIENTED_EDGE('',*,*,#2235,.T.);
#1077=ORIENTED_EDGE('',*,*,#2236,.T.);
#1078=ORIENTED_EDGE('',*,*,#2209,.T.);
#1079=ORIENTED_EDGE('',*,*,#2213,.T.);
#1080=ORIENTED_EDGE('',*,*,#2237,.T.);
#1081=ORIENTED_EDGE('',*,*,#2238,.T.);
#1082=ORIENTED_EDGE('',*,*,#2210,.T.);
#1083=ORIENTED_EDGE('',*,*,#2236,.F.);
#1084=ORIENTED_EDGE('',*,*,#2235,.F.);
#1085=ORIENTED_EDGE('',*,*,#2215,.T.);
#1086=ORIENTED_EDGE('',*,*,#2239,.T.);
#1087=ORIENTED_EDGE('',*,*,#2240,.F.);
#1088=ORIENTED_EDGE('',*,*,#2241,.F.);
#1089=ORIENTED_EDGE('',*,*,#2242,.F.);
#1090=ORIENTED_EDGE('',*,*,#2216,.F.);
#1091=ORIENTED_EDGE('',*,*,#2206,.F.);
#1092=ORIENTED_EDGE('',*,*,#2243,.F.);
#1093=ORIENTED_EDGE('',*,*,#2244,.F.);
#1094=ORIENTED_EDGE('',*,*,#2220,.F.);
#1095=ORIENTED_EDGE('',*,*,#2245,.F.);
#1096=ORIENTED_EDGE('',*,*,#2246,.F.);
#1097=ORIENTED_EDGE('',*,*,#2247,.F.);
#1098=ORIENTED_EDGE('',*,*,#2222,.F.);
#1099=ORIENTED_EDGE('',*,*,#2248,.F.);
#1100=ORIENTED_EDGE('',*,*,#2249,.F.);
#1101=ORIENTED_EDGE('',*,*,#2250,.F.);
#1102=ORIENTED_EDGE('',*,*,#2224,.F.);
#1103=ORIENTED_EDGE('',*,*,#2251,.F.);
#1104=ORIENTED_EDGE('',*,*,#2252,.F.);
#1105=ORIENTED_EDGE('',*,*,#2253,.F.);
#1106=ORIENTED_EDGE('',*,*,#2226,.F.);
#1107=ORIENTED_EDGE('',*,*,#2254,.F.);
#1108=ORIENTED_EDGE('',*,*,#2208,.T.);
#1109=ORIENTED_EDGE('',*,*,#2234,.T.);
#1110=ORIENTED_EDGE('',*,*,#2255,.T.);
#1111=ORIENTED_EDGE('',*,*,#2256,.T.);
#1112=ORIENTED_EDGE('',*,*,#2257,.F.);
#1113=ORIENTED_EDGE('',*,*,#2230,.T.);
#1114=ORIENTED_EDGE('',*,*,#2258,.T.);
#1115=ORIENTED_EDGE('',*,*,#2259,.T.);
#1116=ORIENTED_EDGE('',*,*,#2260,.F.);
#1117=ORIENTED_EDGE('',*,*,#2228,.T.);
#1118=ORIENTED_EDGE('',*,*,#2261,.T.);
#1119=ORIENTED_EDGE('',*,*,#2262,.T.);
#1120=ORIENTED_EDGE('',*,*,#2263,.F.);
#1121=ORIENTED_EDGE('',*,*,#2232,.T.);
#1122=ORIENTED_EDGE('',*,*,#2264,.T.);
#1123=ORIENTED_EDGE('',*,*,#2265,.T.);
#1124=ORIENTED_EDGE('',*,*,#2266,.F.);
#1125=ORIENTED_EDGE('',*,*,#2267,.F.);
#1126=ORIENTED_EDGE('',*,*,#2242,.T.);
#1127=ORIENTED_EDGE('',*,*,#2268,.F.);
#1128=ORIENTED_EDGE('',*,*,#2198,.F.);
#1129=ORIENTED_EDGE('',*,*,#2201,.T.);
#1130=ORIENTED_EDGE('',*,*,#2204,.T.);
#1131=ORIENTED_EDGE('',*,*,#2202,.F.);
#1132=ORIENTED_EDGE('',*,*,#2145,.F.);
#1133=ORIENTED_EDGE('',*,*,#2141,.F.);
#1134=ORIENTED_EDGE('',*,*,#2194,.F.);
#1135=ORIENTED_EDGE('',*,*,#2196,.F.);
#1136=ORIENTED_EDGE('',*,*,#2269,.F.);
#1137=ORIENTED_EDGE('',*,*,#2265,.F.);
#1138=ORIENTED_EDGE('',*,*,#2270,.F.);
#1139=ORIENTED_EDGE('',*,*,#2259,.F.);
#1140=ORIENTED_EDGE('',*,*,#2271,.F.);
#1141=ORIENTED_EDGE('',*,*,#2262,.F.);
#1142=ORIENTED_EDGE('',*,*,#2272,.F.);
#1143=ORIENTED_EDGE('',*,*,#2252,.T.);
#1144=ORIENTED_EDGE('',*,*,#2273,.F.);
#1145=ORIENTED_EDGE('',*,*,#2249,.T.);
#1146=ORIENTED_EDGE('',*,*,#2274,.F.);
#1147=ORIENTED_EDGE('',*,*,#2246,.T.);
#1148=ORIENTED_EDGE('',*,*,#2275,.F.);
#1149=ORIENTED_EDGE('',*,*,#2243,.T.);
#1150=ORIENTED_EDGE('',*,*,#2276,.F.);
#1151=ORIENTED_EDGE('',*,*,#2277,.T.);
#1152=ORIENTED_EDGE('',*,*,#2268,.T.);
#1153=ORIENTED_EDGE('',*,*,#2241,.T.);
#1154=ORIENTED_EDGE('',*,*,#2205,.F.);
#1155=ORIENTED_EDGE('',*,*,#2256,.F.);
#1156=ORIENTED_EDGE('',*,*,#2278,.F.);
#1157=ORIENTED_EDGE('',*,*,#2279,.F.);
#1158=ORIENTED_EDGE('',*,*,#2266,.T.);
#1159=ORIENTED_EDGE('',*,*,#2277,.F.);
#1160=ORIENTED_EDGE('',*,*,#2280,.T.);
#1161=ORIENTED_EDGE('',*,*,#2278,.T.);
#1162=ORIENTED_EDGE('',*,*,#2276,.T.);
#1163=ORIENTED_EDGE('',*,*,#2245,.T.);
#1164=ORIENTED_EDGE('',*,*,#2275,.T.);
#1165=ORIENTED_EDGE('',*,*,#2248,.T.);
#1166=ORIENTED_EDGE('',*,*,#2221,.T.);
#1167=ORIENTED_EDGE('',*,*,#2244,.T.);
#1168=ORIENTED_EDGE('',*,*,#2274,.T.);
#1169=ORIENTED_EDGE('',*,*,#2251,.T.);
#1170=ORIENTED_EDGE('',*,*,#2281,.T.);
#1171=ORIENTED_EDGE('',*,*,#2247,.T.);
#1172=ORIENTED_EDGE('',*,*,#2273,.T.);
#1173=ORIENTED_EDGE('',*,*,#2254,.T.);
#1174=ORIENTED_EDGE('',*,*,#2282,.T.);
#1175=ORIENTED_EDGE('',*,*,#2250,.T.);
#1176=ORIENTED_EDGE('',*,*,#2272,.T.);
#1177=ORIENTED_EDGE('',*,*,#2261,.F.);
#1178=ORIENTED_EDGE('',*,*,#2283,.T.);
#1179=ORIENTED_EDGE('',*,*,#2253,.T.);
#1180=ORIENTED_EDGE('',*,*,#2271,.T.);
#1181=ORIENTED_EDGE('',*,*,#2258,.F.);
#1182=ORIENTED_EDGE('',*,*,#2284,.T.);
#1183=ORIENTED_EDGE('',*,*,#2260,.T.);
#1184=ORIENTED_EDGE('',*,*,#2270,.T.);
#1185=ORIENTED_EDGE('',*,*,#2264,.F.);
#1186=ORIENTED_EDGE('',*,*,#2285,.T.);
#1187=ORIENTED_EDGE('',*,*,#2257,.T.);
#1188=ORIENTED_EDGE('',*,*,#2286,.T.);
#1189=ORIENTED_EDGE('',*,*,#2255,.F.);
#1190=ORIENTED_EDGE('',*,*,#2287,.T.);
#1191=ORIENTED_EDGE('',*,*,#2263,.T.);
#1192=ORIENTED_EDGE('',*,*,#2288,.F.);
#1193=ORIENTED_EDGE('',*,*,#2289,.T.);
#1194=ORIENTED_EDGE('',*,*,#2290,.F.);
#1195=ORIENTED_EDGE('',*,*,#2291,.F.);
#1196=ORIENTED_EDGE('',*,*,#2292,.T.);
#1197=ORIENTED_EDGE('',*,*,#2293,.T.);
#1198=ORIENTED_EDGE('',*,*,#2294,.T.);
#1199=ORIENTED_EDGE('',*,*,#2295,.T.);
#1200=ORIENTED_EDGE('',*,*,#2296,.T.);
#1201=ORIENTED_EDGE('',*,*,#2297,.T.);
#1202=ORIENTED_EDGE('',*,*,#2298,.F.);
#1203=ORIENTED_EDGE('',*,*,#2299,.T.);
#1204=ORIENTED_EDGE('',*,*,#2300,.T.);
#1205=ORIENTED_EDGE('',*,*,#2301,.F.);
#1206=ORIENTED_EDGE('',*,*,#2302,.T.);
#1207=ORIENTED_EDGE('',*,*,#2303,.T.);
#1208=ORIENTED_EDGE('',*,*,#2304,.T.);
#1209=ORIENTED_EDGE('',*,*,#2305,.F.);
#1210=ORIENTED_EDGE('',*,*,#2306,.T.);
#1211=ORIENTED_EDGE('',*,*,#2307,.F.);
#1212=ORIENTED_EDGE('',*,*,#2308,.F.);
#1213=ORIENTED_EDGE('',*,*,#2309,.F.);
#1214=ORIENTED_EDGE('',*,*,#2310,.F.);
#1215=ORIENTED_EDGE('',*,*,#2311,.F.);
#1216=ORIENTED_EDGE('',*,*,#2312,.T.);
#1217=ORIENTED_EDGE('',*,*,#2313,.T.);
#1218=ORIENTED_EDGE('',*,*,#2314,.T.);
#1219=ORIENTED_EDGE('',*,*,#2315,.F.);
#1220=ORIENTED_EDGE('',*,*,#2316,.T.);
#1221=ORIENTED_EDGE('',*,*,#2317,.T.);
#1222=ORIENTED_EDGE('',*,*,#2318,.T.);
#1223=ORIENTED_EDGE('',*,*,#2313,.F.);
#1224=ORIENTED_EDGE('',*,*,#2319,.F.);
#1225=ORIENTED_EDGE('',*,*,#2317,.F.);
#1226=ORIENTED_EDGE('',*,*,#2320,.T.);
#1227=ORIENTED_EDGE('',*,*,#2318,.F.);
#1228=ORIENTED_EDGE('',*,*,#2321,.F.);
#1229=ORIENTED_EDGE('',*,*,#2322,.F.);
#1230=ORIENTED_EDGE('',*,*,#2323,.F.);
#1231=ORIENTED_EDGE('',*,*,#2324,.F.);
#1232=ORIENTED_EDGE('',*,*,#2306,.F.);
#1233=ORIENTED_EDGE('',*,*,#2325,.F.);
#1234=ORIENTED_EDGE('',*,*,#2314,.F.);
#1235=ORIENTED_EDGE('',*,*,#2320,.F.);
#1236=ORIENTED_EDGE('',*,*,#2326,.T.);
#1237=ORIENTED_EDGE('',*,*,#2315,.T.);
#1238=ORIENTED_EDGE('',*,*,#2325,.T.);
#1239=ORIENTED_EDGE('',*,*,#2327,.T.);
#1240=ORIENTED_EDGE('',*,*,#2326,.F.);
#1241=ORIENTED_EDGE('',*,*,#2319,.T.);
#1242=ORIENTED_EDGE('',*,*,#2312,.F.);
#1243=ORIENTED_EDGE('',*,*,#2328,.T.);
#1244=ORIENTED_EDGE('',*,*,#2329,.T.);
#1245=ORIENTED_EDGE('',*,*,#2330,.T.);
#1246=ORIENTED_EDGE('',*,*,#2322,.T.);
#1247=ORIENTED_EDGE('',*,*,#2331,.T.);
#1248=ORIENTED_EDGE('',*,*,#2332,.F.);
#1249=ORIENTED_EDGE('',*,*,#2333,.F.);
#1250=ORIENTED_EDGE('',*,*,#2334,.T.);
#1251=ORIENTED_EDGE('',*,*,#2335,.T.);
#1252=ORIENTED_EDGE('',*,*,#2336,.T.);
#1253=ORIENTED_EDGE('',*,*,#2332,.T.);
#1254=ORIENTED_EDGE('',*,*,#2337,.T.);
#1255=ORIENTED_EDGE('',*,*,#2338,.T.);
#1256=ORIENTED_EDGE('',*,*,#2339,.F.);
#1257=ORIENTED_EDGE('',*,*,#2340,.F.);
#1258=ORIENTED_EDGE('',*,*,#2341,.F.);
#1259=ORIENTED_EDGE('',*,*,#2342,.F.);
#1260=ORIENTED_EDGE('',*,*,#2343,.F.);
#1261=ORIENTED_EDGE('',*,*,#2344,.F.);
#1262=ORIENTED_EDGE('',*,*,#2345,.F.);
#1263=ORIENTED_EDGE('',*,*,#2346,.F.);
#1264=ORIENTED_EDGE('',*,*,#2341,.T.);
#1265=ORIENTED_EDGE('',*,*,#2337,.F.);
#1266=ORIENTED_EDGE('',*,*,#2331,.F.);
#1267=ORIENTED_EDGE('',*,*,#2347,.T.);
#1268=ORIENTED_EDGE('',*,*,#2342,.T.);
#1269=ORIENTED_EDGE('',*,*,#2346,.T.);
#1270=ORIENTED_EDGE('',*,*,#2348,.T.);
#1271=ORIENTED_EDGE('',*,*,#2344,.T.);
#1272=ORIENTED_EDGE('',*,*,#2340,.T.);
#1273=ORIENTED_EDGE('',*,*,#2349,.F.);
#1274=ORIENTED_EDGE('',*,*,#2335,.F.);
#1275=ORIENTED_EDGE('',*,*,#2350,.F.);
#1276=ORIENTED_EDGE('',*,*,#2351,.F.);
#1277=ORIENTED_EDGE('',*,*,#2352,.F.);
#1278=ORIENTED_EDGE('',*,*,#2353,.F.);
#1279=ORIENTED_EDGE('',*,*,#2354,.F.);
#1280=ORIENTED_EDGE('',*,*,#2355,.F.);
#1281=ORIENTED_EDGE('',*,*,#2356,.F.);
#1282=ORIENTED_EDGE('',*,*,#2357,.F.);
#1283=ORIENTED_EDGE('',*,*,#2343,.T.);
#1284=ORIENTED_EDGE('',*,*,#2347,.F.);
#1285=ORIENTED_EDGE('',*,*,#2336,.F.);
#1286=ORIENTED_EDGE('',*,*,#2349,.T.);
#1287=ORIENTED_EDGE('',*,*,#2348,.F.);
#1288=ORIENTED_EDGE('',*,*,#2345,.T.);
#1289=ORIENTED_EDGE('',*,*,#2357,.T.);
#1290=ORIENTED_EDGE('',*,*,#2358,.F.);
#1291=ORIENTED_EDGE('',*,*,#2359,.F.);
#1292=ORIENTED_EDGE('',*,*,#2338,.F.);
#1293=ORIENTED_EDGE('',*,*,#2360,.F.);
#1294=ORIENTED_EDGE('',*,*,#2361,.F.);
#1295=ORIENTED_EDGE('',*,*,#2362,.T.);
#1296=ORIENTED_EDGE('',*,*,#2363,.F.);
#1297=ORIENTED_EDGE('',*,*,#2364,.F.);
#1298=ORIENTED_EDGE('',*,*,#2365,.F.);
#1299=ORIENTED_EDGE('',*,*,#2366,.F.);
#1300=ORIENTED_EDGE('',*,*,#2360,.T.);
#1301=ORIENTED_EDGE('',*,*,#2367,.T.);
#1302=ORIENTED_EDGE('',*,*,#2368,.T.);
#1303=ORIENTED_EDGE('',*,*,#2369,.T.);
#1304=ORIENTED_EDGE('',*,*,#2370,.T.);
#1305=ORIENTED_EDGE('',*,*,#2371,.T.);
#1306=ORIENTED_EDGE('',*,*,#2372,.F.);
#1307=ORIENTED_EDGE('',*,*,#2373,.F.);
#1308=ORIENTED_EDGE('',*,*,#2374,.F.);
#1309=ORIENTED_EDGE('',*,*,#2375,.T.);
#1310=ORIENTED_EDGE('',*,*,#2376,.T.);
#1311=ORIENTED_EDGE('',*,*,#2377,.F.);
#1312=ORIENTED_EDGE('',*,*,#2378,.T.);
#1313=ORIENTED_EDGE('',*,*,#2375,.F.);
#1314=ORIENTED_EDGE('',*,*,#2379,.F.);
#1315=ORIENTED_EDGE('',*,*,#2380,.F.);
#1316=ORIENTED_EDGE('',*,*,#2381,.F.);
#1317=ORIENTED_EDGE('',*,*,#2376,.F.);
#1318=ORIENTED_EDGE('',*,*,#2378,.F.);
#1319=ORIENTED_EDGE('',*,*,#2382,.F.);
#1320=ORIENTED_EDGE('',*,*,#2373,.T.);
#1321=ORIENTED_EDGE('',*,*,#2381,.T.);
#1322=ORIENTED_EDGE('',*,*,#2383,.F.);
#1323=ORIENTED_EDGE('',*,*,#2379,.T.);
#1324=ORIENTED_EDGE('',*,*,#2374,.T.);
#1325=ORIENTED_EDGE('',*,*,#2382,.T.);
#1326=ORIENTED_EDGE('',*,*,#2384,.F.);
#1327=ORIENTED_EDGE('',*,*,#2385,.F.);
#1328=ORIENTED_EDGE('',*,*,#2386,.T.);
#1329=ORIENTED_EDGE('',*,*,#2387,.F.);
#1330=ORIENTED_EDGE('',*,*,#2388,.F.);
#1331=ORIENTED_EDGE('',*,*,#2389,.F.);
#1332=ORIENTED_EDGE('',*,*,#2390,.F.);
#1333=ORIENTED_EDGE('',*,*,#2391,.F.);
#1334=ORIENTED_EDGE('',*,*,#2386,.F.);
#1335=ORIENTED_EDGE('',*,*,#2392,.T.);
#1336=ORIENTED_EDGE('',*,*,#2393,.T.);
#1337=ORIENTED_EDGE('',*,*,#2394,.T.);
#1338=ORIENTED_EDGE('',*,*,#2395,.T.);
#1339=ORIENTED_EDGE('',*,*,#2387,.T.);
#1340=ORIENTED_EDGE('',*,*,#2391,.T.);
#1341=ORIENTED_EDGE('',*,*,#2396,.T.);
#1342=ORIENTED_EDGE('',*,*,#2397,.T.);
#1343=ORIENTED_EDGE('',*,*,#2377,.T.);
#1344=ORIENTED_EDGE('',*,*,#2384,.T.);
#1345=ORIENTED_EDGE('',*,*,#2398,.T.);
#1346=ORIENTED_EDGE('',*,*,#2399,.T.);
#1347=ORIENTED_EDGE('',*,*,#2400,.F.);
#1348=ORIENTED_EDGE('',*,*,#2388,.T.);
#1349=ORIENTED_EDGE('',*,*,#2395,.F.);
#1350=ORIENTED_EDGE('',*,*,#2401,.T.);
#1351=ORIENTED_EDGE('',*,*,#2402,.F.);
#1352=ORIENTED_EDGE('',*,*,#2403,.F.);
#1353=ORIENTED_EDGE('',*,*,#2404,.T.);
#1354=ORIENTED_EDGE('',*,*,#2405,.F.);
#1355=ORIENTED_EDGE('',*,*,#2406,.T.);
#1356=ORIENTED_EDGE('',*,*,#2407,.F.);
#1357=ORIENTED_EDGE('',*,*,#2408,.T.);
#1358=ORIENTED_EDGE('',*,*,#2409,.T.);
#1359=ORIENTED_EDGE('',*,*,#2410,.T.);
#1360=ORIENTED_EDGE('',*,*,#2411,.F.);
#1361=ORIENTED_EDGE('',*,*,#2412,.T.);
#1362=ORIENTED_EDGE('',*,*,#2413,.F.);
#1363=ORIENTED_EDGE('',*,*,#2414,.F.);
#1364=ORIENTED_EDGE('',*,*,#2415,.F.);
#1365=ORIENTED_EDGE('',*,*,#2416,.F.);
#1366=ORIENTED_EDGE('',*,*,#2407,.T.);
#1367=ORIENTED_EDGE('',*,*,#2417,.T.);
#1368=ORIENTED_EDGE('',*,*,#2418,.F.);
#1369=ORIENTED_EDGE('',*,*,#2419,.T.);
#1370=ORIENTED_EDGE('',*,*,#2408,.F.);
#1371=ORIENTED_EDGE('',*,*,#2420,.F.);
#1372=ORIENTED_EDGE('',*,*,#2421,.T.);
#1373=ORIENTED_EDGE('',*,*,#2422,.F.);
#1374=ORIENTED_EDGE('',*,*,#2423,.F.);
#1375=ORIENTED_EDGE('',*,*,#2424,.F.);
#1376=ORIENTED_EDGE('',*,*,#2425,.F.);
#1377=ORIENTED_EDGE('',*,*,#2426,.F.);
#1378=ORIENTED_EDGE('',*,*,#2424,.T.);
#1379=ORIENTED_EDGE('',*,*,#2427,.F.);
#1380=ORIENTED_EDGE('',*,*,#2428,.F.);
#1381=ORIENTED_EDGE('',*,*,#2429,.T.);
#1382=ORIENTED_EDGE('',*,*,#2430,.F.);
#1383=ORIENTED_EDGE('',*,*,#2431,.F.);
#1384=ORIENTED_EDGE('',*,*,#2432,.T.);
#1385=ORIENTED_EDGE('',*,*,#2433,.T.);
#1386=ORIENTED_EDGE('',*,*,#2434,.T.);
#1387=ORIENTED_EDGE('',*,*,#2435,.F.);
#1388=ORIENTED_EDGE('',*,*,#2436,.F.);
#1389=ORIENTED_EDGE('',*,*,#2437,.F.);
#1390=ORIENTED_EDGE('',*,*,#2438,.F.);
#1391=ORIENTED_EDGE('',*,*,#2439,.F.);
#1392=ORIENTED_EDGE('',*,*,#2440,.T.);
#1393=ORIENTED_EDGE('',*,*,#2435,.T.);
#1394=ORIENTED_EDGE('',*,*,#2441,.T.);
#1395=ORIENTED_EDGE('',*,*,#2433,.F.);
#1396=ORIENTED_EDGE('',*,*,#2442,.T.);
#1397=ORIENTED_EDGE('',*,*,#2443,.F.);
#1398=ORIENTED_EDGE('',*,*,#2444,.F.);
#1399=ORIENTED_EDGE('',*,*,#2445,.F.);
#1400=ORIENTED_EDGE('',*,*,#2429,.F.);
#1401=ORIENTED_EDGE('',*,*,#2446,.T.);
#1402=ORIENTED_EDGE('',*,*,#2437,.T.);
#1403=ORIENTED_EDGE('',*,*,#2447,.T.);
#1404=ORIENTED_EDGE('',*,*,#2448,.F.);
#1405=ORIENTED_EDGE('',*,*,#2449,.F.);
#1406=ORIENTED_EDGE('',*,*,#2441,.F.);
#1407=ORIENTED_EDGE('',*,*,#2438,.T.);
#1408=ORIENTED_EDGE('',*,*,#2446,.F.);
#1409=ORIENTED_EDGE('',*,*,#2434,.F.);
#1410=ORIENTED_EDGE('',*,*,#2440,.F.);
#1411=ORIENTED_EDGE('',*,*,#2450,.F.);
#1412=ORIENTED_EDGE('',*,*,#2447,.F.);
#1413=ORIENTED_EDGE('',*,*,#2436,.T.);
#1414=ORIENTED_EDGE('',*,*,#2430,.T.);
#1415=ORIENTED_EDGE('',*,*,#2449,.T.);
#1416=ORIENTED_EDGE('',*,*,#2451,.F.);
#1417=ORIENTED_EDGE('',*,*,#2452,.F.);
#1418=ORIENTED_EDGE('',*,*,#2453,.T.);
#1419=ORIENTED_EDGE('',*,*,#2454,.F.);
#1420=ORIENTED_EDGE('',*,*,#2451,.T.);
#1421=ORIENTED_EDGE('',*,*,#2448,.T.);
#1422=ORIENTED_EDGE('',*,*,#2450,.T.);
#1423=ORIENTED_EDGE('',*,*,#2439,.T.);
#1424=ORIENTED_EDGE('',*,*,#2455,.F.);
#1425=ORIENTED_EDGE('',*,*,#2456,.F.);
#1426=ORIENTED_EDGE('',*,*,#2453,.F.);
#1427=ORIENTED_EDGE('',*,*,#2445,.T.);
#1428=ORIENTED_EDGE('',*,*,#2457,.F.);
#1429=ORIENTED_EDGE('',*,*,#2458,.F.);
#1430=ORIENTED_EDGE('',*,*,#2459,.F.);
#1431=ORIENTED_EDGE('',*,*,#2460,.F.);
#1432=ORIENTED_EDGE('',*,*,#2457,.T.);
#1433=ORIENTED_EDGE('',*,*,#2444,.T.);
#1434=ORIENTED_EDGE('',*,*,#2461,.F.);
#1435=ORIENTED_EDGE('',*,*,#2462,.T.);
#1436=ORIENTED_EDGE('',*,*,#2463,.T.);
#1437=ORIENTED_EDGE('',*,*,#2464,.T.);
#1438=ORIENTED_EDGE('',*,*,#2465,.F.);
#1439=ORIENTED_EDGE('',*,*,#2466,.F.);
#1440=ORIENTED_EDGE('',*,*,#2467,.F.);
#1441=ORIENTED_EDGE('',*,*,#2468,.F.);
#1442=ORIENTED_EDGE('',*,*,#2466,.T.);
#1443=ORIENTED_EDGE('',*,*,#2469,.F.);
#1444=ORIENTED_EDGE('',*,*,#2470,.F.);
#1445=ORIENTED_EDGE('',*,*,#2471,.T.);
#1446=ORIENTED_EDGE('',*,*,#2472,.T.);
#1447=ORIENTED_EDGE('',*,*,#2473,.T.);
#1448=ORIENTED_EDGE('',*,*,#2474,.T.);
#1449=ORIENTED_EDGE('',*,*,#2475,.F.);
#1450=ORIENTED_EDGE('',*,*,#2476,.T.);
#1451=ORIENTED_EDGE('',*,*,#2477,.F.);
#1452=ORIENTED_EDGE('',*,*,#2478,.T.);
#1453=ORIENTED_EDGE('',*,*,#2479,.F.);
#1454=ORIENTED_EDGE('',*,*,#2480,.T.);
#1455=ORIENTED_EDGE('',*,*,#2481,.F.);
#1456=ORIENTED_EDGE('',*,*,#2482,.T.);
#1457=ORIENTED_EDGE('',*,*,#2483,.F.);
#1458=ORIENTED_EDGE('',*,*,#2484,.T.);
#1459=ORIENTED_EDGE('',*,*,#2485,.T.);
#1460=ORIENTED_EDGE('',*,*,#2486,.T.);
#1461=ORIENTED_EDGE('',*,*,#2487,.T.);
#1462=ORIENTED_EDGE('',*,*,#2488,.T.);
#1463=ORIENTED_EDGE('',*,*,#2489,.F.);
#1464=ORIENTED_EDGE('',*,*,#2490,.T.);
#1465=ORIENTED_EDGE('',*,*,#2491,.T.);
#1466=ORIENTED_EDGE('',*,*,#2492,.T.);
#1467=ORIENTED_EDGE('',*,*,#2467,.T.);
#1468=ORIENTED_EDGE('',*,*,#2468,.T.);
#1469=ORIENTED_EDGE('',*,*,#2493,.T.);
#1470=ORIENTED_EDGE('',*,*,#2494,.F.);
#1471=ORIENTED_EDGE('',*,*,#2458,.T.);
#1472=ORIENTED_EDGE('',*,*,#2495,.T.);
#1473=ORIENTED_EDGE('',*,*,#2431,.T.);
#1474=ORIENTED_EDGE('',*,*,#2452,.T.);
#1475=ORIENTED_EDGE('',*,*,#2454,.T.);
#1476=ORIENTED_EDGE('',*,*,#2456,.T.);
#1477=ORIENTED_EDGE('',*,*,#2455,.T.);
#1478=ORIENTED_EDGE('',*,*,#2460,.T.);
#1479=ORIENTED_EDGE('',*,*,#2459,.T.);
#1480=ORIENTED_EDGE('',*,*,#2496,.T.);
#1481=ORIENTED_EDGE('',*,*,#2497,.T.);
#1482=ORIENTED_EDGE('',*,*,#2498,.F.);
#1483=ORIENTED_EDGE('',*,*,#2425,.T.);
#1484=ORIENTED_EDGE('',*,*,#2426,.T.);
#1485=ORIENTED_EDGE('',*,*,#2499,.T.);
#1486=ORIENTED_EDGE('',*,*,#2500,.F.);
#1487=ORIENTED_EDGE('',*,*,#2501,.T.);
#1488=ORIENTED_EDGE('',*,*,#2502,.T.);
#1489=ORIENTED_EDGE('',*,*,#2503,.F.);
#1490=ORIENTED_EDGE('',*,*,#2402,.T.);
#1491=ORIENTED_EDGE('',*,*,#2416,.T.);
#1492=ORIENTED_EDGE('',*,*,#2415,.T.);
#1493=ORIENTED_EDGE('',*,*,#2414,.T.);
#1494=ORIENTED_EDGE('',*,*,#2504,.T.);
#1495=ORIENTED_EDGE('',*,*,#2505,.T.);
#1496=ORIENTED_EDGE('',*,*,#2506,.T.);
#1497=ORIENTED_EDGE('',*,*,#2507,.T.);
#1498=ORIENTED_EDGE('',*,*,#2508,.T.);
#1499=ORIENTED_EDGE('',*,*,#2403,.T.);
#1500=ORIENTED_EDGE('',*,*,#2509,.F.);
#1501=ORIENTED_EDGE('',*,*,#2510,.T.);
#1502=ORIENTED_EDGE('',*,*,#2511,.T.);
#1503=ORIENTED_EDGE('',*,*,#2512,.T.);
#1504=ORIENTED_EDGE('',*,*,#2513,.T.);
#1505=ORIENTED_EDGE('',*,*,#2514,.F.);
#1506=ORIENTED_EDGE('',*,*,#2515,.F.);
#1507=ORIENTED_EDGE('',*,*,#2516,.F.);
#1508=ORIENTED_EDGE('',*,*,#2517,.F.);
#1509=ORIENTED_EDGE('',*,*,#2518,.F.);
#1510=ORIENTED_EDGE('',*,*,#2519,.T.);
#1511=ORIENTED_EDGE('',*,*,#2520,.T.);
#1512=ORIENTED_EDGE('',*,*,#2521,.F.);
#1513=ORIENTED_EDGE('',*,*,#2520,.F.);
#1514=ORIENTED_EDGE('',*,*,#2522,.T.);
#1515=ORIENTED_EDGE('',*,*,#2523,.F.);
#1516=ORIENTED_EDGE('',*,*,#2524,.F.);
#1517=ORIENTED_EDGE('',*,*,#2525,.F.);
#1518=ORIENTED_EDGE('',*,*,#2526,.F.);
#1519=ORIENTED_EDGE('',*,*,#2527,.F.);
#1520=ORIENTED_EDGE('',*,*,#2528,.F.);
#1521=ORIENTED_EDGE('',*,*,#2529,.F.);
#1522=ORIENTED_EDGE('',*,*,#2530,.F.);
#1523=ORIENTED_EDGE('',*,*,#2531,.F.);
#1524=ORIENTED_EDGE('',*,*,#2522,.F.);
#1525=ORIENTED_EDGE('',*,*,#2519,.F.);
#1526=ORIENTED_EDGE('',*,*,#2532,.F.);
#1527=ORIENTED_EDGE('',*,*,#2464,.F.);
#1528=ORIENTED_EDGE('',*,*,#2469,.T.);
#1529=ORIENTED_EDGE('',*,*,#2465,.T.);
#1530=ORIENTED_EDGE('',*,*,#2532,.T.);
#1531=ORIENTED_EDGE('',*,*,#2518,.T.);
#1532=ORIENTED_EDGE('',*,*,#2533,.F.);
#1533=ORIENTED_EDGE('',*,*,#2534,.F.);
#1534=ORIENTED_EDGE('',*,*,#2535,.F.);
#1535=ORIENTED_EDGE('',*,*,#2533,.T.);
#1536=ORIENTED_EDGE('',*,*,#2517,.T.);
#1537=ORIENTED_EDGE('',*,*,#2521,.T.);
#1538=ORIENTED_EDGE('',*,*,#2536,.F.);
#1539=ORIENTED_EDGE('',*,*,#2493,.F.);
#1540=ORIENTED_EDGE('',*,*,#2470,.T.);
#1541=ORIENTED_EDGE('',*,*,#2534,.T.);
#1542=ORIENTED_EDGE('',*,*,#2535,.T.);
#1543=ORIENTED_EDGE('',*,*,#2537,.T.);
#1544=ORIENTED_EDGE('',*,*,#2536,.T.);
#1545=ORIENTED_EDGE('',*,*,#2530,.T.);
#1546=ORIENTED_EDGE('',*,*,#2529,.T.);
#1547=ORIENTED_EDGE('',*,*,#2538,.F.);
#1548=ORIENTED_EDGE('',*,*,#2487,.F.);
#1549=ORIENTED_EDGE('',*,*,#2494,.T.);
#1550=ORIENTED_EDGE('',*,*,#2539,.F.);
#1551=ORIENTED_EDGE('',*,*,#2540,.F.);
#1552=ORIENTED_EDGE('',*,*,#2541,.T.);
#1553=ORIENTED_EDGE('',*,*,#2542,.F.);
#1554=ORIENTED_EDGE('',*,*,#2543,.F.);
#1555=ORIENTED_EDGE('',*,*,#2544,.F.);
#1556=ORIENTED_EDGE('',*,*,#2538,.T.);
#1557=ORIENTED_EDGE('',*,*,#2528,.T.);
#1558=ORIENTED_EDGE('',*,*,#2527,.T.);
#1559=ORIENTED_EDGE('',*,*,#2526,.T.);
#1560=ORIENTED_EDGE('',*,*,#2540,.T.);
#1561=ORIENTED_EDGE('',*,*,#2490,.F.);
#1562=ORIENTED_EDGE('',*,*,#2489,.T.);
#1563=ORIENTED_EDGE('',*,*,#2488,.F.);
#1564=ORIENTED_EDGE('',*,*,#2495,.F.);
#1565=ORIENTED_EDGE('',*,*,#2461,.T.);
#1566=ORIENTED_EDGE('',*,*,#2443,.T.);
#1567=ORIENTED_EDGE('',*,*,#2442,.F.);
#1568=ORIENTED_EDGE('',*,*,#2432,.F.);
#1569=ORIENTED_EDGE('',*,*,#2545,.F.);
#1570=ORIENTED_EDGE('',*,*,#2546,.F.);
#1571=ORIENTED_EDGE('',*,*,#2547,.F.);
#1572=ORIENTED_EDGE('',*,*,#2548,.T.);
#1573=ORIENTED_EDGE('',*,*,#2549,.F.);
#1574=ORIENTED_EDGE('',*,*,#2550,.F.);
#1575=ORIENTED_EDGE('',*,*,#2548,.F.);
#1576=ORIENTED_EDGE('',*,*,#2551,.F.);
#1577=ORIENTED_EDGE('',*,*,#2552,.F.);
#1578=ORIENTED_EDGE('',*,*,#2553,.F.);
#1579=ORIENTED_EDGE('',*,*,#2554,.F.);
#1580=ORIENTED_EDGE('',*,*,#2555,.F.);
#1581=ORIENTED_EDGE('',*,*,#2556,.F.);
#1582=ORIENTED_EDGE('',*,*,#2557,.F.);
#1583=ORIENTED_EDGE('',*,*,#2558,.F.);
#1584=ORIENTED_EDGE('',*,*,#2559,.F.);
#1585=ORIENTED_EDGE('',*,*,#2423,.T.);
#1586=ORIENTED_EDGE('',*,*,#2560,.T.);
#1587=ORIENTED_EDGE('',*,*,#2546,.T.);
#1588=ORIENTED_EDGE('',*,*,#2561,.T.);
#1589=ORIENTED_EDGE('',*,*,#2562,.T.);
#1590=ORIENTED_EDGE('',*,*,#2427,.T.);
#1591=ORIENTED_EDGE('',*,*,#2563,.T.);
#1592=ORIENTED_EDGE('',*,*,#2561,.F.);
#1593=ORIENTED_EDGE('',*,*,#2545,.T.);
#1594=ORIENTED_EDGE('',*,*,#2550,.T.);
#1595=ORIENTED_EDGE('',*,*,#2547,.T.);
#1596=ORIENTED_EDGE('',*,*,#2560,.F.);
#1597=ORIENTED_EDGE('',*,*,#2422,.T.);
#1598=ORIENTED_EDGE('',*,*,#2551,.T.);
#1599=ORIENTED_EDGE('',*,*,#2562,.F.);
#1600=ORIENTED_EDGE('',*,*,#2563,.F.);
#1601=ORIENTED_EDGE('',*,*,#2549,.T.);
#1602=ORIENTED_EDGE('',*,*,#2564,.F.);
#1603=ORIENTED_EDGE('',*,*,#2499,.F.);
#1604=ORIENTED_EDGE('',*,*,#2428,.T.);
#1605=ORIENTED_EDGE('',*,*,#2564,.T.);
#1606=ORIENTED_EDGE('',*,*,#2559,.T.);
#1607=ORIENTED_EDGE('',*,*,#2558,.T.);
#1608=ORIENTED_EDGE('',*,*,#2565,.F.);
#1609=ORIENTED_EDGE('',*,*,#2501,.F.);
#1610=ORIENTED_EDGE('',*,*,#2500,.T.);
#1611=ORIENTED_EDGE('',*,*,#2565,.T.);
#1612=ORIENTED_EDGE('',*,*,#2557,.T.);
#1613=ORIENTED_EDGE('',*,*,#2556,.T.);
#1614=ORIENTED_EDGE('',*,*,#2555,.T.);
#1615=ORIENTED_EDGE('',*,*,#2566,.F.);
#1616=ORIENTED_EDGE('',*,*,#2496,.F.);
#1617=ORIENTED_EDGE('',*,*,#2503,.T.);
#1618=ORIENTED_EDGE('',*,*,#2502,.F.);
#1619=ORIENTED_EDGE('',*,*,#2566,.T.);
#1620=ORIENTED_EDGE('',*,*,#2554,.T.);
#1621=ORIENTED_EDGE('',*,*,#2553,.T.);
#1622=ORIENTED_EDGE('',*,*,#2567,.T.);
#1623=ORIENTED_EDGE('',*,*,#2498,.T.);
#1624=ORIENTED_EDGE('',*,*,#2497,.F.);
#1625=ORIENTED_EDGE('',*,*,#2568,.T.);
#1626=ORIENTED_EDGE('',*,*,#2569,.F.);
#1627=ORIENTED_EDGE('',*,*,#2570,.T.);
#1628=ORIENTED_EDGE('',*,*,#2571,.F.);
#1629=ORIENTED_EDGE('',*,*,#2474,.F.);
#1630=ORIENTED_EDGE('',*,*,#2473,.F.);
#1631=ORIENTED_EDGE('',*,*,#2472,.F.);
#1632=ORIENTED_EDGE('',*,*,#2572,.F.);
#1633=ORIENTED_EDGE('',*,*,#2573,.T.);
#1634=ORIENTED_EDGE('',*,*,#2574,.T.);
#1635=ORIENTED_EDGE('',*,*,#2575,.F.);
#1636=ORIENTED_EDGE('',*,*,#2573,.F.);
#1637=ORIENTED_EDGE('',*,*,#2576,.F.);
#1638=ORIENTED_EDGE('',*,*,#2577,.F.);
#1639=ORIENTED_EDGE('',*,*,#2578,.T.);
#1640=ORIENTED_EDGE('',*,*,#2576,.T.);
#1641=ORIENTED_EDGE('',*,*,#2572,.T.);
#1642=ORIENTED_EDGE('',*,*,#2471,.F.);
#1643=ORIENTED_EDGE('',*,*,#2579,.T.);
#1644=ORIENTED_EDGE('',*,*,#2580,.T.);
#1645=ORIENTED_EDGE('',*,*,#2581,.T.);
#1646=ORIENTED_EDGE('',*,*,#2582,.T.);
#1647=ORIENTED_EDGE('',*,*,#2583,.T.);
#1648=ORIENTED_EDGE('',*,*,#2584,.T.);
#1649=ORIENTED_EDGE('',*,*,#2585,.T.);
#1650=ORIENTED_EDGE('',*,*,#2586,.T.);
#1651=ORIENTED_EDGE('',*,*,#2482,.F.);
#1652=ORIENTED_EDGE('',*,*,#2481,.T.);
#1653=ORIENTED_EDGE('',*,*,#2480,.F.);
#1654=ORIENTED_EDGE('',*,*,#2587,.T.);
#1655=ORIENTED_EDGE('',*,*,#2588,.T.);
#1656=ORIENTED_EDGE('',*,*,#2589,.F.);
#1657=ORIENTED_EDGE('',*,*,#2590,.T.);
#1658=ORIENTED_EDGE('',*,*,#2591,.T.);
#1659=ORIENTED_EDGE('',*,*,#2592,.T.);
#1660=ORIENTED_EDGE('',*,*,#2593,.T.);
#1661=ORIENTED_EDGE('',*,*,#2594,.T.);
#1662=ORIENTED_EDGE('',*,*,#2595,.F.);
#1663=ORIENTED_EDGE('',*,*,#2594,.F.);
#1664=ORIENTED_EDGE('',*,*,#2596,.T.);
#1665=ORIENTED_EDGE('',*,*,#2587,.F.);
#1666=ORIENTED_EDGE('',*,*,#2592,.F.);
#1667=ORIENTED_EDGE('',*,*,#2597,.F.);
#1668=ORIENTED_EDGE('',*,*,#2585,.F.);
#1669=ORIENTED_EDGE('',*,*,#2598,.T.);
#1670=ORIENTED_EDGE('',*,*,#2599,.F.);
#1671=ORIENTED_EDGE('',*,*,#2600,.T.);
#1672=ORIENTED_EDGE('',*,*,#2601,.F.);
#1673=ORIENTED_EDGE('',*,*,#2602,.F.);
#1674=ORIENTED_EDGE('',*,*,#2603,.F.);
#1675=ORIENTED_EDGE('',*,*,#2604,.F.);
#1676=ORIENTED_EDGE('',*,*,#2605,.F.);
#1677=ORIENTED_EDGE('',*,*,#2588,.F.);
#1678=ORIENTED_EDGE('',*,*,#2596,.F.);
#1679=ORIENTED_EDGE('',*,*,#2589,.T.);
#1680=ORIENTED_EDGE('',*,*,#2605,.T.);
#1681=ORIENTED_EDGE('',*,*,#2606,.T.);
#1682=ORIENTED_EDGE('',*,*,#2607,.T.);
#1683=ORIENTED_EDGE('',*,*,#2608,.T.);
#1684=ORIENTED_EDGE('',*,*,#2609,.T.);
#1685=ORIENTED_EDGE('',*,*,#2595,.T.);
#1686=ORIENTED_EDGE('',*,*,#2590,.F.);
#1687=ORIENTED_EDGE('',*,*,#2607,.F.);
#1688=ORIENTED_EDGE('',*,*,#2584,.F.);
#1689=ORIENTED_EDGE('',*,*,#2610,.F.);
#1690=ORIENTED_EDGE('',*,*,#2600,.F.);
#1691=ORIENTED_EDGE('',*,*,#2599,.T.);
#1692=ORIENTED_EDGE('',*,*,#2598,.F.);
#1693=ORIENTED_EDGE('',*,*,#2597,.T.);
#1694=ORIENTED_EDGE('',*,*,#2611,.T.);
#1695=ORIENTED_EDGE('',*,*,#2483,.T.);
#1696=ORIENTED_EDGE('',*,*,#2586,.F.);
#1697=ORIENTED_EDGE('',*,*,#2612,.T.);
#1698=ORIENTED_EDGE('',*,*,#2613,.T.);
#1699=ORIENTED_EDGE('',*,*,#2614,.T.);
#1700=ORIENTED_EDGE('',*,*,#2615,.T.);
#1701=ORIENTED_EDGE('',*,*,#2616,.T.);
#1702=ORIENTED_EDGE('',*,*,#2617,.T.);
#1703=ORIENTED_EDGE('',*,*,#2618,.T.);
#1704=ORIENTED_EDGE('',*,*,#2619,.T.);
#1705=ORIENTED_EDGE('',*,*,#2620,.T.);
#1706=ORIENTED_EDGE('',*,*,#2621,.T.);
#1707=ORIENTED_EDGE('',*,*,#2622,.T.);
#1708=ORIENTED_EDGE('',*,*,#2623,.T.);
#1709=ORIENTED_EDGE('',*,*,#2624,.T.);
#1710=ORIENTED_EDGE('',*,*,#2625,.T.);
#1711=ORIENTED_EDGE('',*,*,#2478,.F.);
#1712=ORIENTED_EDGE('',*,*,#2477,.T.);
#1713=ORIENTED_EDGE('',*,*,#2476,.F.);
#1714=ORIENTED_EDGE('',*,*,#2626,.F.);
#1715=ORIENTED_EDGE('',*,*,#2627,.F.);
#1716=ORIENTED_EDGE('',*,*,#2619,.F.);
#1717=ORIENTED_EDGE('',*,*,#2628,.T.);
#1718=ORIENTED_EDGE('',*,*,#2629,.F.);
#1719=ORIENTED_EDGE('',*,*,#2630,.F.);
#1720=ORIENTED_EDGE('',*,*,#2631,.F.);
#1721=ORIENTED_EDGE('',*,*,#2365,.T.);
#1722=ORIENTED_EDGE('',*,*,#2632,.F.);
#1723=ORIENTED_EDGE('',*,*,#2633,.F.);
#1724=ORIENTED_EDGE('',*,*,#2610,.T.);
#1725=ORIENTED_EDGE('',*,*,#2583,.F.);
#1726=ORIENTED_EDGE('',*,*,#2634,.T.);
#1727=ORIENTED_EDGE('',*,*,#2635,.T.);
#1728=ORIENTED_EDGE('',*,*,#2636,.T.);
#1729=ORIENTED_EDGE('',*,*,#2637,.F.);
#1730=ORIENTED_EDGE('',*,*,#2638,.T.);
#1731=ORIENTED_EDGE('',*,*,#2639,.F.);
#1732=ORIENTED_EDGE('',*,*,#2640,.T.);
#1733=ORIENTED_EDGE('',*,*,#2637,.T.);
#1734=ORIENTED_EDGE('',*,*,#2641,.F.);
#1735=ORIENTED_EDGE('',*,*,#2642,.F.);
#1736=ORIENTED_EDGE('',*,*,#2643,.F.);
#1737=ORIENTED_EDGE('',*,*,#2617,.F.);
#1738=ORIENTED_EDGE('',*,*,#2635,.F.);
#1739=ORIENTED_EDGE('',*,*,#2613,.F.);
#1740=ORIENTED_EDGE('',*,*,#2644,.F.);
#1741=ORIENTED_EDGE('',*,*,#2645,.F.);
#1742=ORIENTED_EDGE('',*,*,#2646,.F.);
#1743=ORIENTED_EDGE('',*,*,#2647,.T.);
#1744=ORIENTED_EDGE('',*,*,#2616,.F.);
#1745=ORIENTED_EDGE('',*,*,#2648,.T.);
#1746=ORIENTED_EDGE('',*,*,#2649,.F.);
#1747=ORIENTED_EDGE('',*,*,#2638,.F.);
#1748=ORIENTED_EDGE('',*,*,#2614,.F.);
#1749=ORIENTED_EDGE('',*,*,#2650,.F.);
#1750=ORIENTED_EDGE('',*,*,#2640,.F.);
#1751=ORIENTED_EDGE('',*,*,#2651,.F.);
#1752=ORIENTED_EDGE('',*,*,#2652,.F.);
#1753=ORIENTED_EDGE('',*,*,#2649,.T.);
#1754=ORIENTED_EDGE('',*,*,#2653,.T.);
#1755=ORIENTED_EDGE('',*,*,#2651,.T.);
#1756=ORIENTED_EDGE('',*,*,#2639,.T.);
#1757=ORIENTED_EDGE('',*,*,#2653,.F.);
#1758=ORIENTED_EDGE('',*,*,#2648,.F.);
#1759=ORIENTED_EDGE('',*,*,#2615,.F.);
#1760=ORIENTED_EDGE('',*,*,#2652,.T.);
#1761=ORIENTED_EDGE('',*,*,#2642,.T.);
#1762=ORIENTED_EDGE('',*,*,#2641,.T.);
#1763=ORIENTED_EDGE('',*,*,#2646,.T.);
#1764=ORIENTED_EDGE('',*,*,#2629,.T.);
#1765=ORIENTED_EDGE('',*,*,#2654,.T.);
#1766=ORIENTED_EDGE('',*,*,#2644,.T.);
#1767=ORIENTED_EDGE('',*,*,#2612,.F.);
#1768=ORIENTED_EDGE('',*,*,#2475,.T.);
#1769=ORIENTED_EDGE('',*,*,#2571,.T.);
#1770=ORIENTED_EDGE('',*,*,#2654,.F.);
#1771=ORIENTED_EDGE('',*,*,#2628,.F.);
#1772=ORIENTED_EDGE('',*,*,#2618,.F.);
#1773=ORIENTED_EDGE('',*,*,#2643,.T.);
#1774=ORIENTED_EDGE('',*,*,#2655,.T.);
#1775=ORIENTED_EDGE('',*,*,#2621,.F.);
#1776=ORIENTED_EDGE('',*,*,#2656,.F.);
#1777=ORIENTED_EDGE('',*,*,#2657,.F.);
#1778=ORIENTED_EDGE('',*,*,#2627,.T.);
#1779=ORIENTED_EDGE('',*,*,#2656,.T.);
#1780=ORIENTED_EDGE('',*,*,#2620,.F.);
#1781=ORIENTED_EDGE('',*,*,#2658,.F.);
#1782=ORIENTED_EDGE('',*,*,#2624,.F.);
#1783=ORIENTED_EDGE('',*,*,#2659,.F.);
#1784=ORIENTED_EDGE('',*,*,#2660,.F.);
#1785=ORIENTED_EDGE('',*,*,#2661,.F.);
#1786=ORIENTED_EDGE('',*,*,#2367,.F.);
#1787=ORIENTED_EDGE('',*,*,#2581,.F.);
#1788=ORIENTED_EDGE('',*,*,#2658,.T.);
#1789=ORIENTED_EDGE('',*,*,#2580,.F.);
#1790=ORIENTED_EDGE('',*,*,#2479,.T.);
#1791=ORIENTED_EDGE('',*,*,#2625,.F.);
#1792=ORIENTED_EDGE('',*,*,#2662,.T.);
#1793=ORIENTED_EDGE('',*,*,#2663,.F.);
#1794=ORIENTED_EDGE('',*,*,#2659,.T.);
#1795=ORIENTED_EDGE('',*,*,#2664,.F.);
#1796=ORIENTED_EDGE('',*,*,#2665,.T.);
#1797=ORIENTED_EDGE('',*,*,#2663,.T.);
#1798=ORIENTED_EDGE('',*,*,#2666,.T.);
#1799=ORIENTED_EDGE('',*,*,#2667,.T.);
#1800=ORIENTED_EDGE('',*,*,#2668,.T.);
#1801=ORIENTED_EDGE('',*,*,#2664,.T.);
#1802=ORIENTED_EDGE('',*,*,#2669,.T.);
#1803=ORIENTED_EDGE('',*,*,#2662,.F.);
#1804=ORIENTED_EDGE('',*,*,#2623,.F.);
#1805=ORIENTED_EDGE('',*,*,#2670,.T.);
#1806=ORIENTED_EDGE('',*,*,#2669,.F.);
#1807=ORIENTED_EDGE('',*,*,#2666,.F.);
#1808=ORIENTED_EDGE('',*,*,#2671,.F.);
#1809=ORIENTED_EDGE('',*,*,#2665,.F.);
#1810=ORIENTED_EDGE('',*,*,#2668,.F.);
#1811=ORIENTED_EDGE('',*,*,#2670,.F.);
#1812=ORIENTED_EDGE('',*,*,#2622,.F.);
#1813=ORIENTED_EDGE('',*,*,#2671,.T.);
#1814=ORIENTED_EDGE('',*,*,#2667,.F.);
#1815=ORIENTED_EDGE('',*,*,#2672,.F.);
#1816=ORIENTED_EDGE('',*,*,#2673,.F.);
#1817=ORIENTED_EDGE('',*,*,#2674,.F.);
#1818=ORIENTED_EDGE('',*,*,#2675,.F.);
#1819=ORIENTED_EDGE('',*,*,#2672,.T.);
#1820=ORIENTED_EDGE('',*,*,#2676,.T.);
#1821=ORIENTED_EDGE('',*,*,#2677,.T.);
#1822=ORIENTED_EDGE('',*,*,#2678,.F.);
#1823=ORIENTED_EDGE('',*,*,#2679,.F.);
#1824=ORIENTED_EDGE('',*,*,#2680,.F.);
#1825=ORIENTED_EDGE('',*,*,#2681,.F.);
#1826=ORIENTED_EDGE('',*,*,#2682,.F.);
#1827=ORIENTED_EDGE('',*,*,#2683,.F.);
#1828=ORIENTED_EDGE('',*,*,#2684,.F.);
#1829=ORIENTED_EDGE('',*,*,#2685,.T.);
#1830=ORIENTED_EDGE('',*,*,#2686,.F.);
#1831=ORIENTED_EDGE('',*,*,#2687,.F.);
#1832=ORIENTED_EDGE('',*,*,#2688,.T.);
#1833=ORIENTED_EDGE('',*,*,#2689,.T.);
#1834=ORIENTED_EDGE('',*,*,#2690,.F.);
#1835=ORIENTED_EDGE('',*,*,#2691,.F.);
#1836=ORIENTED_EDGE('',*,*,#2689,.F.);
#1837=ORIENTED_EDGE('',*,*,#2692,.F.);
#1838=ORIENTED_EDGE('',*,*,#2693,.F.);
#1839=ORIENTED_EDGE('',*,*,#2692,.T.);
#1840=ORIENTED_EDGE('',*,*,#2688,.F.);
#1841=ORIENTED_EDGE('',*,*,#2694,.F.);
#1842=ORIENTED_EDGE('',*,*,#2686,.T.);
#1843=ORIENTED_EDGE('',*,*,#2691,.T.);
#1844=ORIENTED_EDGE('',*,*,#2695,.F.);
#1845=ORIENTED_EDGE('',*,*,#2687,.T.);
#1846=ORIENTED_EDGE('',*,*,#2696,.T.);
#1847=ORIENTED_EDGE('',*,*,#2697,.T.);
#1848=ORIENTED_EDGE('',*,*,#2698,.T.);
#1849=ORIENTED_EDGE('',*,*,#2699,.T.);
#1850=ORIENTED_EDGE('',*,*,#2700,.T.);
#1851=ORIENTED_EDGE('',*,*,#2684,.T.);
#1852=ORIENTED_EDGE('',*,*,#2701,.T.);
#1853=ORIENTED_EDGE('',*,*,#2702,.T.);
#1854=ORIENTED_EDGE('',*,*,#2695,.T.);
#1855=ORIENTED_EDGE('',*,*,#2694,.T.);
#1856=ORIENTED_EDGE('',*,*,#2690,.T.);
#1857=ORIENTED_EDGE('',*,*,#2693,.T.);
#1858=ORIENTED_EDGE('',*,*,#2703,.F.);
#1859=ORIENTED_EDGE('',*,*,#2704,.F.);
#1860=ORIENTED_EDGE('',*,*,#2681,.T.);
#1861=ORIENTED_EDGE('',*,*,#2701,.F.);
#1862=ORIENTED_EDGE('',*,*,#2683,.T.);
#1863=ORIENTED_EDGE('',*,*,#2705,.F.);
#1864=ORIENTED_EDGE('',*,*,#2706,.F.);
#1865=ORIENTED_EDGE('',*,*,#2707,.F.);
#1866=ORIENTED_EDGE('',*,*,#2708,.F.);
#1867=ORIENTED_EDGE('',*,*,#2709,.F.);
#1868=ORIENTED_EDGE('',*,*,#2710,.T.);
#1869=ORIENTED_EDGE('',*,*,#2706,.T.);
#1870=ORIENTED_EDGE('',*,*,#2711,.T.);
#1871=ORIENTED_EDGE('',*,*,#2712,.T.);
#1872=ORIENTED_EDGE('',*,*,#2713,.T.);
#1873=ORIENTED_EDGE('',*,*,#2714,.T.);
#1874=ORIENTED_EDGE('',*,*,#2705,.T.);
#1875=ORIENTED_EDGE('',*,*,#2682,.T.);
#1876=ORIENTED_EDGE('',*,*,#2715,.T.);
#1877=ORIENTED_EDGE('',*,*,#2716,.T.);
#1878=ORIENTED_EDGE('',*,*,#2710,.F.);
#1879=ORIENTED_EDGE('',*,*,#2717,.T.);
#1880=ORIENTED_EDGE('',*,*,#2698,.F.);
#1881=ORIENTED_EDGE('',*,*,#2707,.T.);
#1882=ORIENTED_EDGE('',*,*,#2718,.F.);
#1883=ORIENTED_EDGE('',*,*,#2715,.F.);
#1884=ORIENTED_EDGE('',*,*,#2685,.F.);
#1885=ORIENTED_EDGE('',*,*,#2700,.F.);
#1886=ORIENTED_EDGE('',*,*,#2717,.F.);
#1887=ORIENTED_EDGE('',*,*,#2716,.F.);
#1888=ORIENTED_EDGE('',*,*,#2718,.T.);
#1889=ORIENTED_EDGE('',*,*,#2699,.F.);
#1890=ORIENTED_EDGE('',*,*,#2711,.F.);
#1891=ORIENTED_EDGE('',*,*,#2719,.T.);
#1892=ORIENTED_EDGE('',*,*,#2720,.F.);
#1893=ORIENTED_EDGE('',*,*,#2679,.T.);
#1894=ORIENTED_EDGE('',*,*,#2721,.F.);
#1895=ORIENTED_EDGE('',*,*,#2722,.T.);
#1896=ORIENTED_EDGE('',*,*,#2723,.F.);
#1897=ORIENTED_EDGE('',*,*,#2724,.F.);
#1898=ORIENTED_EDGE('',*,*,#2725,.F.);
#1899=ORIENTED_EDGE('',*,*,#2713,.F.);
#1900=ORIENTED_EDGE('',*,*,#2725,.T.);
#1901=ORIENTED_EDGE('',*,*,#2726,.F.);
#1902=ORIENTED_EDGE('',*,*,#2727,.F.);
#1903=ORIENTED_EDGE('',*,*,#2728,.F.);
#1904=ORIENTED_EDGE('',*,*,#2703,.T.);
#1905=ORIENTED_EDGE('',*,*,#2714,.F.);
#1906=ORIENTED_EDGE('',*,*,#2723,.T.);
#1907=ORIENTED_EDGE('',*,*,#2729,.F.);
#1908=ORIENTED_EDGE('',*,*,#2722,.F.);
#1909=ORIENTED_EDGE('',*,*,#2730,.F.);
#1910=ORIENTED_EDGE('',*,*,#2731,.F.);
#1911=ORIENTED_EDGE('',*,*,#2732,.F.);
#1912=ORIENTED_EDGE('',*,*,#2733,.F.);
#1913=ORIENTED_EDGE('',*,*,#2734,.F.);
#1914=ORIENTED_EDGE('',*,*,#2735,.T.);
#1915=ORIENTED_EDGE('',*,*,#2736,.T.);
#1916=ORIENTED_EDGE('',*,*,#2737,.T.);
#1917=ORIENTED_EDGE('',*,*,#2734,.T.);
#1918=ORIENTED_EDGE('',*,*,#2738,.F.);
#1919=ORIENTED_EDGE('',*,*,#2739,.F.);
#1920=ORIENTED_EDGE('',*,*,#2740,.T.);
#1921=ORIENTED_EDGE('',*,*,#2741,.F.);
#1922=ORIENTED_EDGE('',*,*,#2742,.T.);
#1923=ORIENTED_EDGE('',*,*,#2743,.T.);
#1924=ORIENTED_EDGE('',*,*,#2744,.F.);
#1925=ORIENTED_EDGE('',*,*,#2745,.F.);
#1926=ORIENTED_EDGE('',*,*,#2746,.F.);
#1927=ORIENTED_EDGE('',*,*,#2747,.F.);
#1928=ORIENTED_EDGE('',*,*,#2743,.F.);
#1929=ORIENTED_EDGE('',*,*,#2747,.T.);
#1930=ORIENTED_EDGE('',*,*,#2748,.F.);
#1931=ORIENTED_EDGE('',*,*,#2749,.T.);
#1932=ORIENTED_EDGE('',*,*,#2750,.F.);
#1933=ORIENTED_EDGE('',*,*,#2751,.F.);
#1934=ORIENTED_EDGE('',*,*,#2752,.F.);
#1935=ORIENTED_EDGE('',*,*,#2738,.T.);
#1936=ORIENTED_EDGE('',*,*,#2753,.T.);
#1937=ORIENTED_EDGE('',*,*,#2754,.T.);
#1938=ORIENTED_EDGE('',*,*,#2751,.T.);
#1939=ORIENTED_EDGE('',*,*,#2755,.F.);
#1940=ORIENTED_EDGE('',*,*,#2756,.F.);
#1941=ORIENTED_EDGE('',*,*,#2757,.T.);
#1942=ORIENTED_EDGE('',*,*,#2731,.T.);
#1943=ORIENTED_EDGE('',*,*,#2758,.F.);
#1944=ORIENTED_EDGE('',*,*,#2749,.F.);
#1945=ORIENTED_EDGE('',*,*,#2759,.F.);
#1946=ORIENTED_EDGE('',*,*,#2740,.F.);
#1947=ORIENTED_EDGE('',*,*,#2760,.F.);
#1948=ORIENTED_EDGE('',*,*,#2761,.T.);
#1949=ORIENTED_EDGE('',*,*,#2762,.F.);
#1950=ORIENTED_EDGE('',*,*,#2763,.F.);
#1951=ORIENTED_EDGE('',*,*,#2764,.T.);
#1952=ORIENTED_EDGE('',*,*,#2765,.T.);
#1953=ORIENTED_EDGE('',*,*,#2766,.T.);
#1954=ORIENTED_EDGE('',*,*,#2767,.T.);
#1955=ORIENTED_EDGE('',*,*,#2768,.T.);
#1956=ORIENTED_EDGE('',*,*,#2730,.T.);
#1957=ORIENTED_EDGE('',*,*,#2721,.T.);
#1958=ORIENTED_EDGE('',*,*,#2769,.T.);
#1959=ORIENTED_EDGE('',*,*,#2704,.T.);
#1960=ORIENTED_EDGE('',*,*,#2728,.T.);
#1961=ORIENTED_EDGE('',*,*,#2770,.T.);
#1962=ORIENTED_EDGE('',*,*,#2771,.T.);
#1963=ORIENTED_EDGE('',*,*,#2772,.T.);
#1964=ORIENTED_EDGE('',*,*,#2773,.T.);
#1965=ORIENTED_EDGE('',*,*,#2774,.T.);
#1966=ORIENTED_EDGE('',*,*,#2775,.F.);
#1967=ORIENTED_EDGE('',*,*,#2674,.T.);
#1968=ORIENTED_EDGE('',*,*,#2776,.T.);
#1969=ORIENTED_EDGE('',*,*,#2777,.T.);
#1970=ORIENTED_EDGE('',*,*,#2778,.T.);
#1971=ORIENTED_EDGE('',*,*,#2779,.T.);
#1972=ORIENTED_EDGE('',*,*,#2780,.T.);
#1973=ORIENTED_EDGE('',*,*,#2781,.F.);
#1974=ORIENTED_EDGE('',*,*,#2779,.F.);
#1975=ORIENTED_EDGE('',*,*,#2782,.F.);
#1976=ORIENTED_EDGE('',*,*,#2770,.F.);
#1977=ORIENTED_EDGE('',*,*,#2727,.T.);
#1978=ORIENTED_EDGE('',*,*,#2783,.F.);
#1979=ORIENTED_EDGE('',*,*,#2784,.F.);
#1980=ORIENTED_EDGE('',*,*,#2774,.F.);
#1981=ORIENTED_EDGE('',*,*,#2785,.T.);
#1982=ORIENTED_EDGE('',*,*,#2776,.F.);
#1983=ORIENTED_EDGE('',*,*,#2786,.F.);
#1984=ORIENTED_EDGE('',*,*,#2787,.F.);
#1985=ORIENTED_EDGE('',*,*,#2788,.F.);
#1986=ORIENTED_EDGE('',*,*,#2789,.F.);
#1987=ORIENTED_EDGE('',*,*,#2790,.F.);
#1988=ORIENTED_EDGE('',*,*,#2791,.T.);
#1989=ORIENTED_EDGE('',*,*,#2792,.T.);
#1990=ORIENTED_EDGE('',*,*,#2793,.T.);
#1991=ORIENTED_EDGE('',*,*,#2794,.F.);
#1992=ORIENTED_EDGE('',*,*,#2795,.F.);
#1993=ORIENTED_EDGE('',*,*,#2796,.F.);
#1994=ORIENTED_EDGE('',*,*,#2797,.F.);
#1995=ORIENTED_EDGE('',*,*,#2785,.F.);
#1996=ORIENTED_EDGE('',*,*,#2773,.F.);
#1997=ORIENTED_EDGE('',*,*,#2789,.T.);
#1998=ORIENTED_EDGE('',*,*,#2792,.F.);
#1999=ORIENTED_EDGE('',*,*,#2795,.T.);
#2000=ORIENTED_EDGE('',*,*,#2777,.F.);
#2001=ORIENTED_EDGE('',*,*,#2787,.T.);
#2002=ORIENTED_EDGE('',*,*,#2771,.F.);
#2003=ORIENTED_EDGE('',*,*,#2782,.T.);
#2004=ORIENTED_EDGE('',*,*,#2781,.T.);
#2005=ORIENTED_EDGE('',*,*,#2797,.T.);
#2006=ORIENTED_EDGE('',*,*,#2790,.T.);
#2007=ORIENTED_EDGE('',*,*,#2775,.T.);
#2008=ORIENTED_EDGE('',*,*,#2784,.T.);
#2009=ORIENTED_EDGE('',*,*,#2509,.T.);
#2010=ORIENTED_EDGE('',*,*,#2798,.F.);
#2011=ORIENTED_EDGE('',*,*,#2799,.F.);
#2012=ORIENTED_EDGE('',*,*,#2800,.F.);
#2013=ORIENTED_EDGE('',*,*,#2763,.T.);
#2014=ORIENTED_EDGE('',*,*,#2801,.F.);
#2015=ORIENTED_EDGE('',*,*,#2802,.F.);
#2016=ORIENTED_EDGE('',*,*,#2803,.T.);
#2017=ORIENTED_EDGE('',*,*,#2804,.T.);
#2018=ORIENTED_EDGE('',*,*,#2756,.T.);
#2019=ORIENTED_EDGE('',*,*,#2805,.F.);
#2020=ORIENTED_EDGE('',*,*,#2806,.F.);
#2021=ORIENTED_EDGE('',*,*,#2807,.F.);
#2022=ORIENTED_EDGE('',*,*,#2808,.F.);
#2023=ORIENTED_EDGE('',*,*,#2806,.T.);
#2024=ORIENTED_EDGE('',*,*,#2760,.T.);
#2025=ORIENTED_EDGE('',*,*,#2800,.T.);
#2026=ORIENTED_EDGE('',*,*,#2809,.F.);
#2027=ORIENTED_EDGE('',*,*,#2810,.T.);
#2028=ORIENTED_EDGE('',*,*,#2811,.F.);
#2029=ORIENTED_EDGE('',*,*,#2396,.F.);
#2030=ORIENTED_EDGE('',*,*,#2812,.T.);
#2031=ORIENTED_EDGE('',*,*,#2813,.F.);
#2032=ORIENTED_EDGE('',*,*,#2801,.T.);
#2033=ORIENTED_EDGE('',*,*,#2762,.T.);
#2034=ORIENTED_EDGE('',*,*,#2808,.T.);
#2035=ORIENTED_EDGE('',*,*,#2814,.T.);
#2036=ORIENTED_EDGE('',*,*,#2803,.F.);
#2037=ORIENTED_EDGE('',*,*,#2815,.F.);
#2038=ORIENTED_EDGE('',*,*,#2798,.T.);
#2039=ORIENTED_EDGE('',*,*,#2400,.T.);
#2040=ORIENTED_EDGE('',*,*,#2816,.T.);
#2041=ORIENTED_EDGE('',*,*,#2817,.T.);
#2042=ORIENTED_EDGE('',*,*,#2809,.T.);
#2043=ORIENTED_EDGE('',*,*,#2799,.T.);
#2044=ORIENTED_EDGE('',*,*,#2815,.T.);
#2045=ORIENTED_EDGE('',*,*,#2802,.T.);
#2046=ORIENTED_EDGE('',*,*,#2813,.T.);
#2047=ORIENTED_EDGE('',*,*,#2389,.T.);
#2048=ORIENTED_EDGE('',*,*,#2818,.T.);
#2049=ORIENTED_EDGE('',*,*,#2819,.T.);
#2050=ORIENTED_EDGE('',*,*,#2816,.F.);
#2051=ORIENTED_EDGE('',*,*,#2401,.F.);
#2052=ORIENTED_EDGE('',*,*,#2394,.F.);
#2053=ORIENTED_EDGE('',*,*,#2817,.F.);
#2054=ORIENTED_EDGE('',*,*,#2819,.F.);
#2055=ORIENTED_EDGE('',*,*,#2393,.F.);
#2056=ORIENTED_EDGE('',*,*,#2810,.F.);
#2057=EDGE_CURVE('',#2820,#2821,#3336,.T.);
#2058=EDGE_CURVE('',#2822,#2821,#3337,.T.);
#2059=EDGE_CURVE('',#2823,#2822,#3338,.T.);
#2060=EDGE_CURVE('',#2823,#2820,#3339,.T.);
#2061=EDGE_CURVE('',#2824,#2822,#638,.F.);
#2062=EDGE_CURVE('',#2825,#2824,#3340,.F.);
#2063=EDGE_CURVE('',#2825,#2823,#639,.F.);
#2064=EDGE_CURVE('',#2826,#2827,#3341,.T.);
#2065=EDGE_CURVE('',#2828,#2826,#3342,.T.);
#2066=EDGE_CURVE('',#2829,#2828,#3343,.T.);
#2067=EDGE_CURVE('',#2827,#2829,#3344,.T.);
#2068=EDGE_CURVE('',#2830,#2831,#3345,.T.);
#2069=EDGE_CURVE('',#2832,#2830,#3346,.T.);
#2070=EDGE_CURVE('',#2833,#2832,#3347,.T.);
#2071=EDGE_CURVE('',#2831,#2833,#3348,.T.);
#2072=EDGE_CURVE('',#2834,#2820,#640,.F.);
#2073=EDGE_CURVE('',#2834,#2825,#3349,.T.);
#2074=EDGE_CURVE('',#2835,#2836,#3350,.T.);
#2075=EDGE_CURVE('',#2837,#2836,#3351,.T.);
#2076=EDGE_CURVE('',#2838,#2837,#3352,.T.);
#2077=EDGE_CURVE('',#2839,#2838,#641,.T.);
#2078=EDGE_CURVE('',#2840,#2839,#3353,.T.);
#2079=EDGE_CURVE('',#2841,#2840,#642,.T.);
#2080=EDGE_CURVE('',#2842,#2841,#3354,.T.);
#2081=EDGE_CURVE('',#2843,#2842,#3355,.T.);
#2082=EDGE_CURVE('',#2843,#2844,#3356,.F.);
#2083=EDGE_CURVE('',#2845,#2844,#643,.T.);
#2084=EDGE_CURVE('',#2846,#2845,#3357,.T.);
#2085=EDGE_CURVE('',#2847,#2846,#644,.T.);
#2086=EDGE_CURVE('',#2848,#2847,#3358,.T.);
#2087=EDGE_CURVE('',#2848,#2849,#3359,.T.);
#2088=EDGE_CURVE('',#2849,#2850,#3360,.T.);
#2089=EDGE_CURVE('',#2830,#2850,#645,.T.);
#2090=EDGE_CURVE('',#2831,#2851,#646,.T.);
#2091=EDGE_CURVE('',#2851,#2852,#3361,.T.);
#2092=EDGE_CURVE('',#2852,#2853,#3362,.T.);
#2093=EDGE_CURVE('',#2854,#2853,#3363,.F.);
#2094=EDGE_CURVE('',#2826,#2854,#647,.T.);
#2095=EDGE_CURVE('',#2827,#2835,#648,.T.);
#2096=EDGE_CURVE('',#2855,#2850,#3364,.T.);
#2097=EDGE_CURVE('',#2832,#2855,#649,.F.);
#2098=EDGE_CURVE('',#2851,#2856,#3365,.T.);
#2099=EDGE_CURVE('',#2856,#2833,#650,.F.);
#2100=EDGE_CURVE('',#2857,#2854,#3366,.T.);
#2101=EDGE_CURVE('',#2828,#2857,#651,.F.);
#2102=EDGE_CURVE('',#2835,#2858,#3367,.T.);
#2103=EDGE_CURVE('',#2858,#2829,#652,.F.);
#2104=EDGE_CURVE('',#2859,#2856,#3368,.T.);
#2105=EDGE_CURVE('',#2852,#2859,#3369,.T.);
#2106=EDGE_CURVE('',#2860,#2849,#3370,.T.);
#2107=EDGE_CURVE('',#2855,#2860,#3371,.T.);
#2108=EDGE_CURVE('',#2861,#2858,#3372,.F.);
#2109=EDGE_CURVE('',#2836,#2861,#3373,.T.);
#2110=EDGE_CURVE('',#2853,#2862,#3374,.T.);
#2111=EDGE_CURVE('',#2857,#2862,#3375,.F.);
#2112=EDGE_CURVE('',#2862,#2859,#3376,.F.);
#2113=EDGE_CURVE('',#2863,#2848,#3377,.T.);
#2114=EDGE_CURVE('',#2860,#2863,#3378,.T.);
#2115=EDGE_CURVE('',#2845,#2864,#3379,.T.);
#2116=EDGE_CURVE('',#2864,#2865,#3380,.F.);
#2117=EDGE_CURVE('',#2865,#2846,#3381,.T.);
#2118=EDGE_CURVE('',#2866,#2844,#3382,.T.);
#2119=EDGE_CURVE('',#2864,#2866,#653,.F.);
#2120=EDGE_CURVE('',#2847,#2867,#3383,.T.);
#2121=EDGE_CURVE('',#2867,#2865,#654,.F.);
#2122=EDGE_CURVE('',#2863,#2867,#3384,.T.);
#2123=EDGE_CURVE('',#2868,#2843,#3385,.T.);
#2124=EDGE_CURVE('',#2866,#2868,#3386,.T.);
#2125=EDGE_CURVE('',#2868,#2869,#3387,.T.);
#2126=EDGE_CURVE('',#2869,#2870,#3388,.T.);
#2127=EDGE_CURVE('',#2870,#2871,#655,.F.);
#2128=EDGE_CURVE('',#2872,#2871,#3389,.F.);
#2129=EDGE_CURVE('',#2872,#2873,#656,.F.);
#2130=EDGE_CURVE('',#2873,#2874,#3390,.T.);
#2131=EDGE_CURVE('',#2874,#2861,#3391,.T.);
#2132=EDGE_CURVE('',#2821,#2875,#657,.T.);
#2133=EDGE_CURVE('',#2875,#2824,#3392,.T.);
#2134=EDGE_CURVE('',#2869,#2842,#3393,.T.);
#2135=EDGE_CURVE('',#2875,#2834,#3394,.T.);
#2136=EDGE_CURVE('',#2839,#2872,#3395,.T.);
#2137=EDGE_CURVE('',#2871,#2840,#3396,.T.);
#2138=EDGE_CURVE('',#2873,#2838,#3397,.T.);
#2139=EDGE_CURVE('',#2841,#2870,#3398,.T.);
#2140=EDGE_CURVE('',#2874,#2837,#3399,.T.);
#2141=EDGE_CURVE('',#2876,#2877,#3400,.T.);
#2142=EDGE_CURVE('',#2877,#2878,#22,.T.);
#2143=EDGE_CURVE('',#2878,#2879,#23,.T.);
#2144=EDGE_CURVE('',#2876,#2879,#24,.T.);
#2145=EDGE_CURVE('',#2877,#2880,#3401,.T.);
#2146=EDGE_CURVE('',#2881,#2880,#3402,.T.);
#2147=EDGE_CURVE('',#2878,#2881,#25,.T.);
#2148=EDGE_CURVE('',#2882,#2883,#658,.F.);
#2149=EDGE_CURVE('',#2884,#2882,#26,.T.);
#2150=EDGE_CURVE('',#2885,#2884,#659,.T.);
#2151=EDGE_CURVE('',#2883,#2885,#27,.T.);
#2152=EDGE_CURVE('',#2886,#2887,#660,.F.);
#2153=EDGE_CURVE('',#2887,#2886,#661,.F.);
#2154=EDGE_CURVE('',#2887,#2888,#662,.F.);
#2155=EDGE_CURVE('',#2889,#2888,#663,.F.);
#2156=EDGE_CURVE('',#2889,#2886,#664,.T.);
#2157=EDGE_CURVE('',#2890,#2886,#665,.T.);
#2158=EDGE_CURVE('',#2891,#2890,#666,.F.);
#2159=EDGE_CURVE('',#2887,#2891,#667,.F.);
#2160=EDGE_CURVE('',#2892,#2890,#28,.T.);
#2161=EDGE_CURVE('',#2892,#2893,#668,.F.);
#2162=EDGE_CURVE('',#2891,#2893,#29,.T.);
#2163=EDGE_CURVE('',#2888,#2893,#30,.T.);
#2164=EDGE_CURVE('',#2893,#2892,#669,.F.);
#2165=EDGE_CURVE('',#2892,#2889,#31,.T.);
#2166=EDGE_CURVE('',#2894,#2895,#32,.T.);
#2167=EDGE_CURVE('',#2882,#2894,#670,.F.);
#2168=EDGE_CURVE('',#2883,#2882,#33,.T.);
#2169=EDGE_CURVE('',#2896,#2883,#671,.F.);
#2170=EDGE_CURVE('',#2897,#2896,#34,.T.);
#2171=EDGE_CURVE('',#2898,#2897,#672,.F.);
#2172=EDGE_CURVE('',#2899,#2898,#35,.T.);
#2173=EDGE_CURVE('',#2895,#2899,#673,.F.);
#2174=EDGE_CURVE('',#2898,#2899,#674,.F.);
#2175=EDGE_CURVE('',#2900,#2898,#36,.T.);
#2176=EDGE_CURVE('',#2901,#2900,#675,.T.);
#2177=EDGE_CURVE('',#2899,#2901,#37,.T.);
#2178=EDGE_CURVE('',#2902,#2900,#676,.T.);
#2179=EDGE_CURVE('',#2897,#2902,#38,.T.);
#2180=EDGE_CURVE('',#2901,#2903,#677,.T.);
#2181=EDGE_CURVE('',#2903,#2895,#39,.T.);
#2182=EDGE_CURVE('',#2885,#2904,#678,.T.);
#2183=EDGE_CURVE('',#2904,#2896,#40,.T.);
#2184=EDGE_CURVE('',#2904,#2902,#3403,.F.);
#2185=EDGE_CURVE('',#2905,#2884,#679,.T.);
#2186=EDGE_CURVE('',#2894,#2905,#41,.T.);
#2187=EDGE_CURVE('',#2905,#2903,#42,.T.);
#2188=EDGE_CURVE('',#2906,#2881,#43,.T.);
#2189=EDGE_CURVE('',#2906,#2907,#44,.T.);
#2190=EDGE_CURVE('',#2907,#2908,#45,.T.);
#2191=EDGE_CURVE('',#2909,#2908,#46,.T.);
#2192=EDGE_CURVE('',#2910,#2909,#47,.T.);
#2193=EDGE_CURVE('',#2879,#2910,#48,.T.);
#2194=EDGE_CURVE('',#2911,#2876,#3404,.T.);
#2195=EDGE_CURVE('',#2911,#2910,#49,.T.);
#2196=EDGE_CURVE('',#2912,#2911,#3405,.T.);
#2197=EDGE_CURVE('',#2912,#2909,#50,.T.);
#2198=EDGE_CURVE('',#2913,#2912,#51,.T.);
#2199=EDGE_CURVE('',#2908,#2913,#52,.T.);
#2200=EDGE_CURVE('',#2914,#2907,#3406,.T.);
#2201=EDGE_CURVE('',#2913,#2914,#3407,.T.);
#2202=EDGE_CURVE('',#2880,#2915,#53,.T.);
#2203=EDGE_CURVE('',#2915,#2906,#3408,.F.);
#2204=EDGE_CURVE('',#2914,#2915,#54,.T.);
#2205=EDGE_CURVE('',#2916,#2917,#680,.T.);
#2206=EDGE_CURVE('',#2917,#2918,#55,.T.);
#2207=EDGE_CURVE('',#2918,#2919,#56,.F.);
#2208=EDGE_CURVE('',#2916,#2919,#57,.T.);
#2209=EDGE_CURVE('',#2920,#2921,#681,.T.);
#2210=EDGE_CURVE('',#2922,#2920,#58,.T.);
#2211=EDGE_CURVE('',#2922,#2923,#682,.T.);
#2212=EDGE_CURVE('',#2923,#2921,#59,.T.);
#2213=EDGE_CURVE('',#2921,#2924,#3409,.F.);
#2214=EDGE_CURVE('',#2925,#2923,#60,.T.);
#2215=EDGE_CURVE('',#2924,#2925,#61,.T.);
#2216=EDGE_CURVE('',#2918,#2926,#62,.T.);
#2217=EDGE_CURVE('',#2926,#2927,#63,.T.);
#2218=EDGE_CURVE('',#2927,#2928,#64,.T.);
#2219=EDGE_CURVE('',#2929,#2928,#65,.T.);
#2220=EDGE_CURVE('',#2929,#2930,#66,.T.);
#2221=EDGE_CURVE('',#2931,#2930,#67,.F.);
#2222=EDGE_CURVE('',#2931,#2932,#68,.T.);
#2223=EDGE_CURVE('',#2933,#2932,#69,.T.);
#2224=EDGE_CURVE('',#2933,#2934,#70,.T.);
#2225=EDGE_CURVE('',#2935,#2934,#71,.T.);
#2226=EDGE_CURVE('',#2935,#2936,#72,.T.);
#2227=EDGE_CURVE('',#2937,#2936,#73,.T.);
#2228=EDGE_CURVE('',#2938,#2937,#74,.T.);
#2229=EDGE_CURVE('',#2939,#2938,#75,.T.);
#2230=EDGE_CURVE('',#2940,#2939,#76,.T.);
#2231=EDGE_CURVE('',#2941,#2940,#77,.T.);
#2232=EDGE_CURVE('',#2942,#2941,#78,.T.);
#2233=EDGE_CURVE('',#2943,#2942,#79,.T.);
#2234=EDGE_CURVE('',#2919,#2943,#80,.T.);
#2235=EDGE_CURVE('',#2924,#2944,#683,.T.);
#2236=EDGE_CURVE('',#2944,#2920,#3410,.T.);
#2237=EDGE_CURVE('',#2944,#2945,#81,.T.);
#2238=EDGE_CURVE('',#2945,#2922,#82,.T.);
#2239=EDGE_CURVE('',#2925,#2946,#684,.T.);
#2240=EDGE_CURVE('',#2944,#2946,#83,.T.);
#2241=EDGE_CURVE('',#2947,#2917,#84,.T.);
#2242=EDGE_CURVE('',#2926,#2947,#85,.T.);
#2243=EDGE_CURVE('',#2948,#2949,#86,.T.);
#2244=EDGE_CURVE('',#2930,#2948,#87,.T.);
#2245=EDGE_CURVE('',#2949,#2929,#88,.T.);
#2246=EDGE_CURVE('',#2950,#2951,#3411,.T.);
#2247=EDGE_CURVE('',#2932,#2950,#89,.T.);
#2248=EDGE_CURVE('',#2951,#2931,#90,.T.);
#2249=EDGE_CURVE('',#2952,#2953,#91,.T.);
#2250=EDGE_CURVE('',#2934,#2952,#92,.T.);
#2251=EDGE_CURVE('',#2953,#2933,#93,.T.);
#2252=EDGE_CURVE('',#2954,#2955,#94,.T.);
#2253=EDGE_CURVE('',#2936,#2954,#95,.T.);
#2254=EDGE_CURVE('',#2955,#2935,#96,.T.);
#2255=EDGE_CURVE('',#2943,#2956,#97,.T.);
#2256=EDGE_CURVE('',#2956,#2916,#3412,.F.);
#2257=EDGE_CURVE('',#2940,#2957,#98,.T.);
#2258=EDGE_CURVE('',#2939,#2958,#99,.T.);
#2259=EDGE_CURVE('',#2958,#2957,#100,.T.);
#2260=EDGE_CURVE('',#2938,#2959,#101,.T.);
#2261=EDGE_CURVE('',#2937,#2960,#102,.T.);
#2262=EDGE_CURVE('',#2960,#2959,#103,.T.);
#2263=EDGE_CURVE('',#2942,#2961,#104,.T.);
#2264=EDGE_CURVE('',#2941,#2962,#105,.T.);
#2265=EDGE_CURVE('',#2962,#2961,#106,.T.);
#2266=EDGE_CURVE('',#2963,#2964,#107,.T.);
#2267=EDGE_CURVE('',#2926,#2963,#108,.T.);
#2268=EDGE_CURVE('',#2964,#2947,#109,.T.);
#2269=EDGE_CURVE('',#2961,#2956,#110,.T.);
#2270=EDGE_CURVE('',#2957,#2962,#685,.T.);
#2271=EDGE_CURVE('',#2959,#2958,#686,.T.);
#2272=EDGE_CURVE('',#2954,#2960,#687,.T.);
#2273=EDGE_CURVE('',#2952,#2955,#688,.T.);
#2274=EDGE_CURVE('',#2950,#2953,#689,.T.);
#2275=EDGE_CURVE('',#2948,#2951,#690,.T.);
#2276=EDGE_CURVE('',#2965,#2949,#111,.T.);
#2277=EDGE_CURVE('',#2965,#2964,#112,.T.);
#2278=EDGE_CURVE('',#2966,#2965,#113,.T.);
#2279=EDGE_CURVE('',#2963,#2966,#114,.T.);
#2280=EDGE_CURVE('',#2929,#2966,#115,.T.);
#2281=EDGE_CURVE('',#2933,#2932,#691,.F.);
#2282=EDGE_CURVE('',#2935,#2934,#692,.F.);
#2283=EDGE_CURVE('',#2937,#2936,#693,.F.);
#2284=EDGE_CURVE('',#2939,#2938,#694,.F.);
#2285=EDGE_CURVE('',#2941,#2940,#695,.F.);
#2286=EDGE_CURVE('',#2961,#2956,#696,.T.);
#2287=EDGE_CURVE('',#2943,#2942,#697,.F.);
#2288=EDGE_CURVE('',#2967,#2968,#116,.T.);
#2289=EDGE_CURVE('',#2967,#2969,#117,.T.);
#2290=EDGE_CURVE('',#2970,#2969,#118,.T.);
#2291=EDGE_CURVE('',#2968,#2970,#119,.T.);
#2292=EDGE_CURVE('',#2971,#2972,#120,.T.);
#2293=EDGE_CURVE('',#2972,#2973,#121,.T.);
#2294=EDGE_CURVE('',#2973,#2974,#122,.T.);
#2295=EDGE_CURVE('',#2974,#2971,#123,.T.);
#2296=EDGE_CURVE('',#2975,#2976,#124,.T.);
#2297=EDGE_CURVE('',#2976,#2977,#125,.T.);
#2298=EDGE_CURVE('',#2978,#2977,#126,.T.);
#2299=EDGE_CURVE('',#2978,#2975,#127,.T.);
#2300=EDGE_CURVE('',#2979,#2980,#128,.T.);
#2301=EDGE_CURVE('',#2981,#2980,#129,.T.);
#2302=EDGE_CURVE('',#2981,#2982,#130,.T.);
#2303=EDGE_CURVE('',#2982,#2983,#131,.T.);
#2304=EDGE_CURVE('',#2983,#2984,#132,.T.);
#2305=EDGE_CURVE('',#2985,#2984,#133,.T.);
#2306=EDGE_CURVE('',#2985,#2986,#134,.T.);
#2307=EDGE_CURVE('',#2987,#2986,#135,.T.);
#2308=EDGE_CURVE('',#2988,#2987,#136,.T.);
#2309=EDGE_CURVE('',#2989,#2988,#137,.T.);
#2310=EDGE_CURVE('',#2990,#2989,#138,.T.);
#2311=EDGE_CURVE('',#2979,#2990,#139,.T.);
#2312=EDGE_CURVE('',#2991,#2992,#140,.T.);
#2313=EDGE_CURVE('',#2992,#2993,#141,.T.);
#2314=EDGE_CURVE('',#2993,#2994,#142,.T.);
#2315=EDGE_CURVE('',#2991,#2994,#3413,.T.);
#2316=EDGE_CURVE('',#2986,#2995,#698,.T.);
#2317=EDGE_CURVE('',#2995,#2984,#143,.T.);
#2318=EDGE_CURVE('',#2984,#2986,#144,.T.);
#2319=EDGE_CURVE('',#2984,#2992,#145,.T.);
#2320=EDGE_CURVE('',#2995,#2993,#146,.T.);
#2321=EDGE_CURVE('',#2996,#2984,#147,.T.);
#2322=EDGE_CURVE('',#2997,#2996,#148,.T.);
#2323=EDGE_CURVE('',#2986,#2997,#149,.T.);
#2324=EDGE_CURVE('',#2986,#2995,#150,.T.);
#2325=EDGE_CURVE('',#2994,#2985,#3414,.T.);
#2326=EDGE_CURVE('',#2984,#2991,#3415,.F.);
#2327=EDGE_CURVE('',#2985,#2984,#3416,.F.);
#2328=EDGE_CURVE('',#2996,#2998,#151,.T.);
#2329=EDGE_CURVE('',#2998,#2999,#152,.T.);
#2330=EDGE_CURVE('',#2999,#2997,#153,.T.);
#2331=EDGE_CURVE('',#3000,#3001,#154,.T.);
#2332=EDGE_CURVE('',#3002,#3001,#155,.T.);
#2333=EDGE_CURVE('',#3003,#3002,#156,.T.);
#2334=EDGE_CURVE('',#3003,#3004,#157,.T.);
#2335=EDGE_CURVE('',#3004,#3005,#158,.T.);
#2336=EDGE_CURVE('',#3005,#3000,#159,.T.);
#2337=EDGE_CURVE('',#3001,#3006,#160,.T.);
#2338=EDGE_CURVE('',#3006,#3007,#161,.T.);
#2339=EDGE_CURVE('',#3002,#3007,#162,.T.);
#2340=EDGE_CURVE('',#3008,#3009,#163,.T.);
#2341=EDGE_CURVE('',#3010,#3008,#164,.T.);
#2342=EDGE_CURVE('',#3011,#3010,#165,.T.);
#2343=EDGE_CURVE('',#3009,#3011,#166,.T.);
#2344=EDGE_CURVE('',#3012,#3008,#167,.T.);
#2345=EDGE_CURVE('',#3013,#3012,#168,.T.);
#2346=EDGE_CURVE('',#3010,#3013,#169,.T.);
#2347=EDGE_CURVE('',#3000,#3011,#170,.T.);
#2348=EDGE_CURVE('',#3013,#3006,#171,.T.);
#2349=EDGE_CURVE('',#3005,#3009,#172,.T.);
#2350=EDGE_CURVE('',#3014,#3004,#173,.T.);
#2351=EDGE_CURVE('',#3015,#3014,#174,.T.);
#2352=EDGE_CURVE('',#3016,#3015,#175,.T.);
#2353=EDGE_CURVE('',#3017,#3016,#176,.T.);
#2354=EDGE_CURVE('',#3018,#3017,#177,.T.);
#2355=EDGE_CURVE('',#3019,#3018,#178,.T.);
#2356=EDGE_CURVE('',#3020,#3019,#179,.T.);
#2357=EDGE_CURVE('',#3012,#3020,#180,.T.);
#2358=EDGE_CURVE('',#3021,#3020,#181,.T.);
#2359=EDGE_CURVE('',#3007,#3021,#182,.T.);
#2360=EDGE_CURVE('',#3022,#3023,#183,.T.);
#2361=EDGE_CURVE('',#3024,#3022,#184,.T.);
#2362=EDGE_CURVE('',#3024,#3025,#3417,.F.);
#2363=EDGE_CURVE('',#3023,#3025,#185,.T.);
#2364=EDGE_CURVE('',#3026,#3023,#186,.T.);
#2365=EDGE_CURVE('',#3027,#3026,#187,.T.);
#2366=EDGE_CURVE('',#3022,#3027,#188,.T.);
#2367=EDGE_CURVE('',#3028,#3029,#189,.T.);
#2368=EDGE_CURVE('',#3029,#3030,#190,.T.);
#2369=EDGE_CURVE('',#3030,#3031,#191,.T.);
#2370=EDGE_CURVE('',#3031,#3032,#192,.T.);
#2371=EDGE_CURVE('',#3032,#3033,#193,.T.);
#2372=EDGE_CURVE('',#3028,#3033,#194,.T.);
#2373=EDGE_CURVE('',#3034,#3035,#195,.T.);
#2374=EDGE_CURVE('',#3036,#3034,#196,.T.);
#2375=EDGE_CURVE('',#3036,#3037,#197,.T.);
#2376=EDGE_CURVE('',#3037,#3035,#198,.T.);
#2377=EDGE_CURVE('',#3038,#3039,#199,.T.);
#2378=EDGE_CURVE('',#3038,#3037,#200,.T.);
#2379=EDGE_CURVE('',#3039,#3036,#201,.T.);
#2380=EDGE_CURVE('',#3040,#3038,#202,.T.);
#2381=EDGE_CURVE('',#3035,#3040,#203,.T.);
#2382=EDGE_CURVE('',#3034,#3041,#204,.T.);
#2383=EDGE_CURVE('',#3041,#3040,#205,.T.);
#2384=EDGE_CURVE('',#3039,#3041,#206,.T.);
#2385=EDGE_CURVE('',#3042,#3043,#207,.T.);
#2386=EDGE_CURVE('',#3042,#3044,#208,.T.);
#2387=EDGE_CURVE('',#3045,#3044,#209,.T.);
#2388=EDGE_CURVE('',#3043,#3045,#210,.T.);
#2389=EDGE_CURVE('',#3046,#3042,#211,.T.);
#2390=EDGE_CURVE('',#3047,#3046,#212,.T.);
#2391=EDGE_CURVE('',#3044,#3047,#213,.T.);
#2392=EDGE_CURVE('',#3048,#3049,#214,.T.);
#2393=EDGE_CURVE('',#3049,#3050,#215,.T.);
#2394=EDGE_CURVE('',#3050,#3051,#216,.T.);
#2395=EDGE_CURVE('',#3051,#3045,#217,.T.);
#2396=EDGE_CURVE('',#3047,#3052,#218,.T.);
#2397=EDGE_CURVE('',#3052,#3048,#219,.T.);
#2398=EDGE_CURVE('',#3041,#3053,#220,.T.);
#2399=EDGE_CURVE('',#3053,#3038,#221,.T.);
#2400=EDGE_CURVE('',#3043,#3054,#222,.T.);
#2401=EDGE_CURVE('',#3051,#3054,#223,.T.);
#2402=EDGE_CURVE('',#3055,#3056,#224,.T.);
#2403=EDGE_CURVE('',#3057,#3055,#225,.T.);
#2404=EDGE_CURVE('',#3057,#3058,#226,.T.);
#2405=EDGE_CURVE('',#3059,#3058,#227,.T.);
#2406=EDGE_CURVE('',#3059,#3060,#228,.T.);
#2407=EDGE_CURVE('',#3056,#3060,#229,.T.);
#2408=EDGE_CURVE('',#3061,#3062,#230,.T.);
#2409=EDGE_CURVE('',#3062,#3063,#231,.T.);
#2410=EDGE_CURVE('',#3063,#3064,#232,.T.);
#2411=EDGE_CURVE('',#3065,#3064,#233,.T.);
#2412=EDGE_CURVE('',#3065,#3066,#234,.T.);
#2413=EDGE_CURVE('',#3061,#3066,#235,.T.);
#2414=EDGE_CURVE('',#3067,#3061,#236,.T.);
#2415=EDGE_CURVE('',#3068,#3067,#237,.T.);
#2416=EDGE_CURVE('',#3056,#3068,#238,.T.);
#2417=EDGE_CURVE('',#3060,#3069,#239,.T.);
#2418=EDGE_CURVE('',#3070,#3069,#240,.T.);
#2419=EDGE_CURVE('',#3070,#3062,#241,.T.);
#2420=EDGE_CURVE('',#3071,#3072,#242,.T.);
#2421=EDGE_CURVE('',#3071,#3073,#243,.T.);
#2422=EDGE_CURVE('',#3074,#3073,#244,.T.);
#2423=EDGE_CURVE('',#3075,#3074,#245,.T.);
#2424=EDGE_CURVE('',#3076,#3075,#246,.T.);
#2425=EDGE_CURVE('',#3072,#3076,#247,.T.);
#2426=EDGE_CURVE('',#3076,#3077,#248,.T.);
#2427=EDGE_CURVE('',#3078,#3075,#249,.T.);
#2428=EDGE_CURVE('',#3077,#3078,#250,.T.);
#2429=EDGE_CURVE('',#3079,#3080,#251,.T.);
#2430=EDGE_CURVE('',#3081,#3080,#252,.T.);
#2431=EDGE_CURVE('',#3082,#3081,#3418,.T.);
#2432=EDGE_CURVE('',#3082,#3083,#253,.T.);
#2433=EDGE_CURVE('',#3083,#3084,#254,.T.);
#2434=EDGE_CURVE('',#3084,#3079,#255,.T.);
#2435=EDGE_CURVE('',#3085,#3086,#256,.T.);
#2436=EDGE_CURVE('',#3087,#3085,#257,.T.);
#2437=EDGE_CURVE('',#3088,#3087,#258,.T.);
#2438=EDGE_CURVE('',#3086,#3088,#259,.T.);
#2439=EDGE_CURVE('',#3089,#3090,#3419,.T.);
#2440=EDGE_CURVE('',#3089,#3085,#3420,.F.);
#2441=EDGE_CURVE('',#3086,#3084,#260,.T.);
#2442=EDGE_CURVE('',#3083,#3091,#261,.T.);
#2443=EDGE_CURVE('',#3092,#3091,#262,.T.);
#2444=EDGE_CURVE('',#3093,#3092,#3421,.T.);
#2445=EDGE_CURVE('',#3090,#3093,#3422,.F.);
#2446=EDGE_CURVE('',#3079,#3088,#263,.T.);
#2447=EDGE_CURVE('',#3087,#3094,#264,.T.);
#2448=EDGE_CURVE('',#3095,#3094,#265,.T.);
#2449=EDGE_CURVE('',#3080,#3095,#266,.T.);
#2450=EDGE_CURVE('',#3094,#3089,#267,.T.);
#2451=EDGE_CURVE('',#3096,#3095,#268,.T.);
#2452=EDGE_CURVE('',#3081,#3096,#3423,.T.);
#2453=EDGE_CURVE('',#3090,#3097,#269,.T.);
#2454=EDGE_CURVE('',#3096,#3097,#3424,.F.);
#2455=EDGE_CURVE('',#3098,#3099,#270,.T.);
#2456=EDGE_CURVE('',#3097,#3098,#271,.T.);
#2457=EDGE_CURVE('',#3099,#3093,#272,.T.);
#2458=EDGE_CURVE('',#3100,#3101,#273,.T.);
#2459=EDGE_CURVE('',#3102,#3100,#274,.T.);
#2460=EDGE_CURVE('',#3099,#3102,#275,.T.);
#2461=EDGE_CURVE('',#3101,#3092,#276,.T.);
#2462=EDGE_CURVE('',#3103,#3104,#277,.T.);
#2463=EDGE_CURVE('',#3104,#3105,#278,.T.);
#2464=EDGE_CURVE('',#3105,#3106,#279,.T.);
#2465=EDGE_CURVE('',#3107,#3106,#280,.T.);
#2466=EDGE_CURVE('',#3108,#3107,#281,.T.);
#2467=EDGE_CURVE('',#3103,#3108,#282,.T.);
#2468=EDGE_CURVE('',#3108,#3109,#283,.T.);
#2469=EDGE_CURVE('',#3110,#3107,#284,.T.);
#2470=EDGE_CURVE('',#3109,#3110,#285,.T.);
#2471=EDGE_CURVE('',#3111,#3112,#699,.T.);
#2472=EDGE_CURVE('',#3112,#3113,#286,.T.);
#2473=EDGE_CURVE('',#3113,#3114,#287,.T.);
#2474=EDGE_CURVE('',#3114,#3115,#288,.T.);
#2475=EDGE_CURVE('',#3116,#3115,#289,.F.);
#2476=EDGE_CURVE('',#3116,#3117,#290,.T.);
#2477=EDGE_CURVE('',#3118,#3117,#291,.F.);
#2478=EDGE_CURVE('',#3118,#3119,#292,.T.);
#2479=EDGE_CURVE('',#3120,#3119,#293,.F.);
#2480=EDGE_CURVE('',#3120,#3121,#294,.T.);
#2481=EDGE_CURVE('',#3122,#3121,#295,.F.);
#2482=EDGE_CURVE('',#3122,#3123,#296,.T.);
#2483=EDGE_CURVE('',#3124,#3123,#297,.F.);
#2484=EDGE_CURVE('',#3124,#3125,#298,.T.);
#2485=EDGE_CURVE('',#3125,#3126,#299,.T.);
#2486=EDGE_CURVE('',#3126,#3111,#300,.T.);
#2487=EDGE_CURVE('',#3127,#3128,#301,.T.);
#2488=EDGE_CURVE('',#3128,#3129,#302,.T.);
#2489=EDGE_CURVE('',#3130,#3129,#303,.T.);
#2490=EDGE_CURVE('',#3130,#3131,#304,.T.);
#2491=EDGE_CURVE('',#3131,#3132,#305,.T.);
#2492=EDGE_CURVE('',#3132,#3103,#306,.T.);
#2493=EDGE_CURVE('',#3109,#3133,#307,.T.);
#2494=EDGE_CURVE('',#3127,#3133,#308,.T.);
#2495=EDGE_CURVE('',#3101,#3082,#3425,.T.);
#2496=EDGE_CURVE('',#3134,#3135,#309,.T.);
#2497=EDGE_CURVE('',#3135,#3136,#310,.T.);
#2498=EDGE_CURVE('',#3072,#3136,#311,.T.);
#2499=EDGE_CURVE('',#3077,#3137,#312,.T.);
#2500=EDGE_CURVE('',#3138,#3137,#313,.T.);
#2501=EDGE_CURVE('',#3138,#3139,#314,.T.);
#2502=EDGE_CURVE('',#3139,#3140,#315,.T.);
#2503=EDGE_CURVE('',#3134,#3140,#316,.T.);
#2504=EDGE_CURVE('',#3061,#3141,#317,.T.);
#2505=EDGE_CURVE('',#3141,#3142,#318,.T.);
#2506=EDGE_CURVE('',#3142,#3143,#319,.T.);
#2507=EDGE_CURVE('',#3143,#3144,#320,.T.);
#2508=EDGE_CURVE('',#3144,#3057,#321,.T.);
#2509=EDGE_CURVE('',#3145,#3146,#322,.T.);
#2510=EDGE_CURVE('',#3145,#3147,#323,.T.);
#2511=EDGE_CURVE('',#3147,#3148,#324,.T.);
#2512=EDGE_CURVE('',#3148,#3149,#325,.T.);
#2513=EDGE_CURVE('',#3149,#3150,#326,.T.);
#2514=EDGE_CURVE('',#3151,#3150,#327,.T.);
#2515=EDGE_CURVE('',#3152,#3151,#328,.T.);
#2516=EDGE_CURVE('',#3146,#3152,#329,.T.);
#2517=EDGE_CURVE('',#3153,#3154,#330,.T.);
#2518=EDGE_CURVE('',#3155,#3153,#331,.T.);
#2519=EDGE_CURVE('',#3155,#3156,#332,.T.);
#2520=EDGE_CURVE('',#3156,#3154,#333,.T.);
#2521=EDGE_CURVE('',#3154,#3157,#334,.T.);
#2522=EDGE_CURVE('',#3156,#3105,#335,.T.);
#2523=EDGE_CURVE('',#3158,#3105,#336,.T.);
#2524=EDGE_CURVE('',#3159,#3158,#337,.T.);
#2525=EDGE_CURVE('',#3160,#3159,#338,.T.);
#2526=EDGE_CURVE('',#3161,#3160,#339,.T.);
#2527=EDGE_CURVE('',#3162,#3161,#340,.T.);
#2528=EDGE_CURVE('',#3163,#3162,#341,.T.);
#2529=EDGE_CURVE('',#3164,#3163,#342,.T.);
#2530=EDGE_CURVE('',#3165,#3164,#343,.T.);
#2531=EDGE_CURVE('',#3157,#3165,#344,.T.);
#2532=EDGE_CURVE('',#3106,#3155,#345,.T.);
#2533=EDGE_CURVE('',#3166,#3153,#346,.T.);
#2534=EDGE_CURVE('',#3110,#3166,#347,.T.);
#2535=EDGE_CURVE('',#3166,#3157,#348,.T.);
#2536=EDGE_CURVE('',#3133,#3165,#349,.T.);
#2537=EDGE_CURVE('',#3157,#3165,#350,.T.);
#2538=EDGE_CURVE('',#3128,#3163,#351,.T.);
#2539=EDGE_CURVE('',#3131,#3167,#352,.T.);
#2540=EDGE_CURVE('',#3160,#3131,#353,.T.);
#2541=EDGE_CURVE('',#3160,#3168,#354,.T.);
#2542=EDGE_CURVE('',#3169,#3168,#355,.T.);
#2543=EDGE_CURVE('',#3170,#3169,#356,.T.);
#2544=EDGE_CURVE('',#3167,#3170,#357,.T.);
#2545=EDGE_CURVE('',#3171,#3172,#358,.T.);
#2546=EDGE_CURVE('',#3173,#3171,#359,.T.);
#2547=EDGE_CURVE('',#3174,#3173,#360,.T.);
#2548=EDGE_CURVE('',#3174,#3172,#361,.T.);
#2549=EDGE_CURVE('',#3175,#3176,#362,.T.);
#2550=EDGE_CURVE('',#3172,#3175,#363,.T.);
#2551=EDGE_CURVE('',#3073,#3174,#364,.T.);
#2552=EDGE_CURVE('',#3177,#3073,#365,.T.);
#2553=EDGE_CURVE('',#3178,#3177,#366,.T.);
#2554=EDGE_CURVE('',#3179,#3178,#367,.T.);
#2555=EDGE_CURVE('',#3180,#3179,#368,.T.);
#2556=EDGE_CURVE('',#3181,#3180,#369,.T.);
#2557=EDGE_CURVE('',#3182,#3181,#370,.T.);
#2558=EDGE_CURVE('',#3183,#3182,#371,.T.);
#2559=EDGE_CURVE('',#3176,#3183,#372,.T.);
#2560=EDGE_CURVE('',#3074,#3173,#373,.T.);
#2561=EDGE_CURVE('',#3171,#3184,#374,.T.);
#2562=EDGE_CURVE('',#3184,#3078,#375,.T.);
#2563=EDGE_CURVE('',#3175,#3184,#376,.T.);
#2564=EDGE_CURVE('',#3137,#3176,#377,.T.);
#2565=EDGE_CURVE('',#3139,#3182,#378,.T.);
#2566=EDGE_CURVE('',#3135,#3179,#379,.T.);
#2567=EDGE_CURVE('',#3177,#3072,#380,.T.);
#2568=EDGE_CURVE('',#3185,#3186,#381,.T.);
#2569=EDGE_CURVE('',#3187,#3186,#382,.T.);
#2570=EDGE_CURVE('',#3187,#3188,#383,.T.);
#2571=EDGE_CURVE('',#3115,#3188,#384,.T.);
#2572=EDGE_CURVE('',#3189,#3112,#385,.T.);
#2573=EDGE_CURVE('',#3189,#3190,#386,.T.);
#2574=EDGE_CURVE('',#3190,#3185,#387,.T.);
#2575=EDGE_CURVE('',#3190,#3191,#388,.T.);
#2576=EDGE_CURVE('',#3192,#3189,#700,.T.);
#2577=EDGE_CURVE('',#3193,#3192,#389,.T.);
#2578=EDGE_CURVE('',#3193,#3191,#3426,.T.);
#2579=EDGE_CURVE('',#3111,#3192,#390,.T.);
#2580=EDGE_CURVE('',#3120,#3194,#391,.T.);
#2581=EDGE_CURVE('',#3194,#3028,#3427,.F.);
#2582=EDGE_CURVE('',#3028,#3195,#392,.T.);
#2583=EDGE_CURVE('',#3195,#3196,#393,.T.);
#2584=EDGE_CURVE('',#3196,#3197,#394,.T.);
#2585=EDGE_CURVE('',#3197,#3198,#395,.T.);
#2586=EDGE_CURVE('',#3198,#3123,#396,.T.);
#2587=EDGE_CURVE('',#3199,#3200,#397,.T.);
#2588=EDGE_CURVE('',#3200,#3201,#398,.T.);
#2589=EDGE_CURVE('',#3202,#3201,#3428,.T.);
#2590=EDGE_CURVE('',#3202,#3199,#399,.T.);
#2591=EDGE_CURVE('',#3203,#3204,#701,.F.);
#2592=EDGE_CURVE('',#3204,#3205,#400,.F.);
#2593=EDGE_CURVE('',#3205,#3206,#702,.T.);
#2594=EDGE_CURVE('',#3206,#3203,#401,.T.);
#2595=EDGE_CURVE('',#3203,#3199,#402,.T.);
#2596=EDGE_CURVE('',#3206,#3200,#403,.T.);
#2597=EDGE_CURVE('',#3198,#3204,#703,.T.);
#2598=EDGE_CURVE('',#3197,#3207,#404,.T.);
#2599=EDGE_CURVE('',#3208,#3207,#405,.F.);
#2600=EDGE_CURVE('',#3208,#3209,#406,.T.);
#2601=EDGE_CURVE('',#3210,#3209,#407,.T.);
#2602=EDGE_CURVE('',#3205,#3210,#408,.T.);
#2603=EDGE_CURVE('',#3205,#3206,#409,.T.);
#2604=EDGE_CURVE('',#3211,#3205,#410,.T.);
#2605=EDGE_CURVE('',#3201,#3211,#411,.F.);
#2606=EDGE_CURVE('',#3211,#3212,#3429,.F.);
#2607=EDGE_CURVE('',#3212,#3202,#412,.T.);
#2608=EDGE_CURVE('',#3212,#3204,#413,.T.);
#2609=EDGE_CURVE('',#3204,#3203,#414,.T.);
#2610=EDGE_CURVE('',#3209,#3196,#415,.T.);
#2611=EDGE_CURVE('',#3204,#3124,#416,.T.);
#2612=EDGE_CURVE('',#3116,#3213,#417,.T.);
#2613=EDGE_CURVE('',#3213,#3214,#418,.T.);
#2614=EDGE_CURVE('',#3214,#3215,#419,.T.);
#2615=EDGE_CURVE('',#3215,#3216,#420,.T.);
#2616=EDGE_CURVE('',#3216,#3217,#421,.T.);
#2617=EDGE_CURVE('',#3217,#3218,#422,.T.);
#2618=EDGE_CURVE('',#3218,#3219,#423,.T.);
#2619=EDGE_CURVE('',#3219,#3220,#424,.T.);
#2620=EDGE_CURVE('',#3220,#3221,#425,.T.);
#2621=EDGE_CURVE('',#3221,#3222,#426,.T.);
#2622=EDGE_CURVE('',#3222,#3223,#427,.T.);
#2623=EDGE_CURVE('',#3223,#3224,#428,.T.);
#2624=EDGE_CURVE('',#3224,#3225,#429,.T.);
#2625=EDGE_CURVE('',#3225,#3119,#430,.T.);
#2626=EDGE_CURVE('',#3226,#3195,#431,.T.);
#2627=EDGE_CURVE('',#3220,#3226,#432,.T.);
#2628=EDGE_CURVE('',#3219,#3227,#433,.T.);
#2629=EDGE_CURVE('',#3228,#3227,#434,.T.);
#2630=EDGE_CURVE('',#3229,#3228,#435,.T.);
#2631=EDGE_CURVE('',#3027,#3229,#436,.T.);
#2632=EDGE_CURVE('',#3230,#3026,#437,.T.);
#2633=EDGE_CURVE('',#3209,#3230,#438,.T.);
#2634=EDGE_CURVE('',#3231,#3214,#704,.T.);
#2635=EDGE_CURVE('',#3214,#3217,#439,.F.);
#2636=EDGE_CURVE('',#3217,#3232,#705,.F.);
#2637=EDGE_CURVE('',#3231,#3232,#440,.T.);
#2638=EDGE_CURVE('',#3232,#3233,#441,.T.);
#2639=EDGE_CURVE('',#3234,#3233,#442,.T.);
#2640=EDGE_CURVE('',#3234,#3231,#443,.T.);
#2641=EDGE_CURVE('',#3235,#3236,#444,.F.);
#2642=EDGE_CURVE('',#3237,#3235,#445,.T.);
#2643=EDGE_CURVE('',#3218,#3237,#446,.T.);
#2644=EDGE_CURVE('',#3188,#3213,#706,.T.);
#2645=EDGE_CURVE('',#3228,#3188,#447,.T.);
#2646=EDGE_CURVE('',#3236,#3228,#448,.T.);
#2647=EDGE_CURVE('',#3232,#3217,#449,.T.);
#2648=EDGE_CURVE('',#3216,#3238,#450,.T.);
#2649=EDGE_CURVE('',#3233,#3238,#451,.T.);
#2650=EDGE_CURVE('',#3231,#3214,#452,.T.);
#2651=EDGE_CURVE('',#3239,#3234,#453,.T.);
#2652=EDGE_CURVE('',#3215,#3239,#454,.F.);
#2653=EDGE_CURVE('',#3238,#3239,#3430,.T.);
#2654=EDGE_CURVE('',#3227,#3237,#455,.T.);
#2655=EDGE_CURVE('',#3240,#3222,#3431,.T.);
#2656=EDGE_CURVE('',#3226,#3221,#456,.T.);
#2657=EDGE_CURVE('',#3240,#3226,#457,.T.);
#2658=EDGE_CURVE('',#3225,#3194,#707,.T.);
#2659=EDGE_CURVE('',#3222,#3224,#458,.F.);
#2660=EDGE_CURVE('',#3240,#3222,#459,.F.);
#2661=EDGE_CURVE('',#3029,#3240,#460,.F.);
#2662=EDGE_CURVE('',#3224,#3241,#461,.F.);
#2663=EDGE_CURVE('',#3222,#3241,#462,.T.);
#2664=EDGE_CURVE('',#3242,#3243,#463,.T.);
#2665=EDGE_CURVE('',#3242,#3222,#464,.T.);
#2666=EDGE_CURVE('',#3241,#3243,#465,.T.);
#2667=EDGE_CURVE('',#3244,#3245,#3432,.T.);
#2668=EDGE_CURVE('',#3245,#3242,#466,.T.);
#2669=EDGE_CURVE('',#3243,#3244,#467,.T.);
#2670=EDGE_CURVE('',#3223,#3244,#468,.T.);
#2671=EDGE_CURVE('',#3222,#3245,#469,.F.);
#2672=EDGE_CURVE('',#3246,#3247,#708,.T.);
#2673=EDGE_CURVE('',#3247,#3246,#470,.T.);
#2674=EDGE_CURVE('',#3248,#3248,#709,.T.);
#2675=EDGE_CURVE('',#3246,#3248,#471,.T.);
#2676=EDGE_CURVE('',#3247,#3249,#710,.T.);
#2677=EDGE_CURVE('',#3249,#3248,#472,.T.);
#2678=EDGE_CURVE('',#3250,#3251,#711,.F.);
#2679=EDGE_CURVE('',#3252,#3250,#473,.T.);
#2680=EDGE_CURVE('',#3253,#3252,#712,.T.);
#2681=EDGE_CURVE('',#3251,#3253,#474,.T.);
#2682=EDGE_CURVE('',#3254,#3255,#475,.T.);
#2683=EDGE_CURVE('',#3256,#3254,#476,.T.);
#2684=EDGE_CURVE('',#3257,#3256,#477,.T.);
#2685=EDGE_CURVE('',#3257,#3255,#478,.T.);
#2686=EDGE_CURVE('',#3258,#3259,#479,.T.);
#2687=EDGE_CURVE('',#3260,#3258,#480,.T.);
#2688=EDGE_CURVE('',#3260,#3261,#481,.T.);
#2689=EDGE_CURVE('',#3261,#3259,#482,.T.);
#2690=EDGE_CURVE('',#3262,#3263,#483,.T.);
#2691=EDGE_CURVE('',#3259,#3262,#484,.T.);
#2692=EDGE_CURVE('',#3263,#3261,#485,.T.);
#2693=EDGE_CURVE('',#3263,#3260,#3433,.T.);
#2694=EDGE_CURVE('',#3258,#3262,#3434,.F.);
#2695=EDGE_CURVE('',#3260,#3258,#3435,.T.);
#2696=EDGE_CURVE('',#3264,#3265,#486,.T.);
#2697=EDGE_CURVE('',#3265,#3266,#487,.T.);
#2698=EDGE_CURVE('',#3266,#3267,#488,.T.);
#2699=EDGE_CURVE('',#3267,#3268,#489,.T.);
#2700=EDGE_CURVE('',#3268,#3257,#490,.T.);
#2701=EDGE_CURVE('',#3256,#3253,#491,.T.);
#2702=EDGE_CURVE('',#3253,#3264,#492,.T.);
#2703=EDGE_CURVE('',#3269,#3270,#493,.T.);
#2704=EDGE_CURVE('',#3251,#3269,#494,.T.);
#2705=EDGE_CURVE('',#3270,#3254,#495,.T.);
#2706=EDGE_CURVE('',#3271,#3272,#496,.T.);
#2707=EDGE_CURVE('',#3266,#3271,#497,.T.);
#2708=EDGE_CURVE('',#3273,#3266,#498,.T.);
#2709=EDGE_CURVE('',#3272,#3273,#499,.T.);
#2710=EDGE_CURVE('',#3274,#3271,#500,.T.);
#2711=EDGE_CURVE('',#3272,#3275,#501,.T.);
#2712=EDGE_CURVE('',#3275,#3276,#502,.T.);
#2713=EDGE_CURVE('',#3276,#3277,#503,.T.);
#2714=EDGE_CURVE('',#3277,#3270,#504,.T.);
#2715=EDGE_CURVE('',#3255,#3278,#3436,.T.);
#2716=EDGE_CURVE('',#3278,#3274,#3437,.F.);
#2717=EDGE_CURVE('',#3274,#3267,#505,.T.);
#2718=EDGE_CURVE('',#3278,#3268,#506,.F.);
#2719=EDGE_CURVE('',#3272,#3279,#507,.T.);
#2720=EDGE_CURVE('',#3252,#3279,#508,.T.);
#2721=EDGE_CURVE('',#3280,#3250,#509,.T.);
#2722=EDGE_CURVE('',#3280,#3275,#510,.T.);
#2723=EDGE_CURVE('',#3281,#3276,#511,.T.);
#2724=EDGE_CURVE('',#3282,#3281,#512,.T.);
#2725=EDGE_CURVE('',#3277,#3282,#513,.T.);
#2726=EDGE_CURVE('',#3283,#3282,#514,.T.);
#2727=EDGE_CURVE('',#3284,#3283,#515,.T.);
#2728=EDGE_CURVE('',#3269,#3284,#516,.T.);
#2729=EDGE_CURVE('',#3275,#3276,#517,.T.);
#2730=EDGE_CURVE('',#3285,#3280,#518,.T.);
#2731=EDGE_CURVE('',#3286,#3285,#519,.T.);
#2732=EDGE_CURVE('',#3281,#3286,#520,.T.);
#2733=EDGE_CURVE('',#3287,#3288,#521,.T.);
#2734=EDGE_CURVE('',#3289,#3287,#522,.T.);
#2735=EDGE_CURVE('',#3289,#3288,#523,.T.);
#2736=EDGE_CURVE('',#3290,#3291,#524,.T.);
#2737=EDGE_CURVE('',#3291,#3289,#525,.T.);
#2738=EDGE_CURVE('',#3292,#3287,#526,.T.);
#2739=EDGE_CURVE('',#3293,#3292,#527,.T.);
#2740=EDGE_CURVE('',#3293,#3290,#528,.T.);
#2741=EDGE_CURVE('',#3294,#3295,#529,.T.);
#2742=EDGE_CURVE('',#3294,#3296,#530,.T.);
#2743=EDGE_CURVE('',#3296,#3295,#531,.T.);
#2744=EDGE_CURVE('',#3297,#3296,#713,.T.);
#2745=EDGE_CURVE('',#3298,#3297,#532,.T.);
#2746=EDGE_CURVE('',#3299,#3298,#714,.F.);
#2747=EDGE_CURVE('',#3296,#3299,#533,.T.);
#2748=EDGE_CURVE('',#3300,#3299,#534,.T.);
#2749=EDGE_CURVE('',#3300,#3301,#535,.T.);
#2750=EDGE_CURVE('',#3302,#3301,#536,.T.);
#2751=EDGE_CURVE('',#3295,#3302,#537,.T.);
#2752=EDGE_CURVE('',#3292,#3285,#538,.T.);
#2753=EDGE_CURVE('',#3287,#3303,#539,.T.);
#2754=EDGE_CURVE('',#3303,#3295,#540,.T.);
#2755=EDGE_CURVE('',#3304,#3302,#541,.T.);
#2756=EDGE_CURVE('',#3305,#3304,#542,.T.);
#2757=EDGE_CURVE('',#3305,#3286,#543,.T.);
#2758=EDGE_CURVE('',#3301,#3293,#715,.F.);
#2759=EDGE_CURVE('',#3290,#3300,#716,.T.);
#2760=EDGE_CURVE('',#3306,#3307,#544,.T.);
#2761=EDGE_CURVE('',#3306,#3308,#545,.T.);
#2762=EDGE_CURVE('',#3309,#3308,#546,.T.);
#2763=EDGE_CURVE('',#3304,#3309,#547,.T.);
#2764=EDGE_CURVE('',#3304,#3310,#548,.T.);
#2765=EDGE_CURVE('',#3310,#3311,#549,.T.);
#2766=EDGE_CURVE('',#3311,#3312,#550,.T.);
#2767=EDGE_CURVE('',#3312,#3313,#551,.T.);
#2768=EDGE_CURVE('',#3313,#3285,#552,.T.);
#2769=EDGE_CURVE('',#3250,#3251,#553,.T.);
#2770=EDGE_CURVE('',#3284,#3314,#3438,.F.);
#2771=EDGE_CURVE('',#3314,#3315,#554,.T.);
#2772=EDGE_CURVE('',#3315,#3316,#555,.T.);
#2773=EDGE_CURVE('',#3316,#3317,#556,.T.);
#2774=EDGE_CURVE('',#3317,#3318,#3439,.F.);
#2775=EDGE_CURVE('',#3307,#3318,#3440,.T.);
#2776=EDGE_CURVE('',#3319,#3320,#557,.T.);
#2777=EDGE_CURVE('',#3320,#3321,#558,.T.);
#2778=EDGE_CURVE('',#3321,#3319,#559,.T.);
#2779=EDGE_CURVE('',#3322,#3319,#560,.T.);
#2780=EDGE_CURVE('',#3319,#3323,#561,.T.);
#2781=EDGE_CURVE('',#3322,#3323,#562,.T.);
#2782=EDGE_CURVE('',#3314,#3322,#563,.T.);
#2783=EDGE_CURVE('',#3145,#3283,#564,.T.);
#2784=EDGE_CURVE('',#3318,#3145,#565,.T.);
#2785=EDGE_CURVE('',#3317,#3320,#566,.T.);
#2786=EDGE_CURVE('',#3315,#3316,#717,.F.);
#2787=EDGE_CURVE('',#3324,#3315,#567,.T.);
#2788=EDGE_CURVE('',#3325,#3324,#718,.T.);
#2789=EDGE_CURVE('',#3316,#3325,#568,.T.);
#2790=EDGE_CURVE('',#3326,#3324,#569,.T.);
#2791=EDGE_CURVE('',#3326,#3327,#570,.T.);
#2792=EDGE_CURVE('',#3327,#3325,#571,.T.);
#2793=EDGE_CURVE('',#3325,#3324,#572,.T.);
#2794=EDGE_CURVE('',#3321,#3323,#719,.T.);
#2795=EDGE_CURVE('',#3327,#3321,#573,.T.);
#2796=EDGE_CURVE('',#3326,#3327,#720,.F.);
#2797=EDGE_CURVE('',#3323,#3326,#574,.T.);
#2798=EDGE_CURVE('',#3328,#3146,#575,.T.);
#2799=EDGE_CURVE('',#3329,#3328,#3441,.T.);
#2800=EDGE_CURVE('',#3307,#3329,#576,.T.);
#2801=EDGE_CURVE('',#3330,#3309,#3442,.T.);
#2802=EDGE_CURVE('',#3331,#3330,#577,.T.);
#2803=EDGE_CURVE('',#3331,#3332,#578,.T.);
#2804=EDGE_CURVE('',#3332,#3305,#579,.T.);
#2805=EDGE_CURVE('',#3306,#3308,#721,.F.);
#2806=EDGE_CURVE('',#3333,#3306,#580,.T.);
#2807=EDGE_CURVE('',#3052,#3333,#722,.T.);
#2808=EDGE_CURVE('',#3308,#3052,#581,.T.);
#2809=EDGE_CURVE('',#3334,#3329,#3443,.T.);
#2810=EDGE_CURVE('',#3334,#3049,#582,.T.);
#2811=EDGE_CURVE('',#3333,#3049,#583,.T.);
#2812=EDGE_CURVE('',#3047,#3046,#584,.T.);
#2813=EDGE_CURVE('',#3330,#3046,#3444,.T.);
#2814=EDGE_CURVE('',#3146,#3332,#585,.T.);
#2815=EDGE_CURVE('',#3328,#3331,#586,.T.);
#2816=EDGE_CURVE('',#3054,#3335,#587,.T.);
#2817=EDGE_CURVE('',#3335,#3334,#588,.T.);
#2818=EDGE_CURVE('',#3042,#3043,#589,.T.);
#2819=EDGE_CURVE('',#3050,#3335,#590,.T.);
#2820=VERTEX_POINT('',#5525);
#2821=VERTEX_POINT('',#5526);
#2822=VERTEX_POINT('',#5528);
#2823=VERTEX_POINT('',#5530);
#2824=VERTEX_POINT('',#5534);
#2825=VERTEX_POINT('',#5536);
#2826=VERTEX_POINT('',#5540);
#2827=VERTEX_POINT('',#5541);
#2828=VERTEX_POINT('',#5543);
#2829=VERTEX_POINT('',#5545);
#2830=VERTEX_POINT('',#5549);
#2831=VERTEX_POINT('',#5550);
#2832=VERTEX_POINT('',#5552);
#2833=VERTEX_POINT('',#5554);
#2834=VERTEX_POINT('',#5558);
#2835=VERTEX_POINT('',#5561);
#2836=VERTEX_POINT('',#5562);
#2837=VERTEX_POINT('',#5564);
#2838=VERTEX_POINT('',#5566);
#2839=VERTEX_POINT('',#5568);
#2840=VERTEX_POINT('',#5570);
#2841=VERTEX_POINT('',#5572);
#2842=VERTEX_POINT('',#5574);
#2843=VERTEX_POINT('',#5576);
#2844=VERTEX_POINT('',#5578);
#2845=VERTEX_POINT('',#5580);
#2846=VERTEX_POINT('',#5582);
#2847=VERTEX_POINT('',#5584);
#2848=VERTEX_POINT('',#5586);
#2849=VERTEX_POINT('',#5588);
#2850=VERTEX_POINT('',#5590);
#2851=VERTEX_POINT('',#5593);
#2852=VERTEX_POINT('',#5595);
#2853=VERTEX_POINT('',#5597);
#2854=VERTEX_POINT('',#5599);
#2855=VERTEX_POINT('',#5604);
#2856=VERTEX_POINT('',#5608);
#2857=VERTEX_POINT('',#5612);
#2858=VERTEX_POINT('',#5616);
#2859=VERTEX_POINT('',#5620);
#2860=VERTEX_POINT('',#5624);
#2861=VERTEX_POINT('',#5628);
#2862=VERTEX_POINT('',#5632);
#2863=VERTEX_POINT('',#5638);
#2864=VERTEX_POINT('',#5642);
#2865=VERTEX_POINT('',#5644);
#2866=VERTEX_POINT('',#5648);
#2867=VERTEX_POINT('',#5652);
#2868=VERTEX_POINT('',#5658);
#2869=VERTEX_POINT('',#5662);
#2870=VERTEX_POINT('',#5664);
#2871=VERTEX_POINT('',#5666);
#2872=VERTEX_POINT('',#5668);
#2873=VERTEX_POINT('',#5670);
#2874=VERTEX_POINT('',#5672);
#2875=VERTEX_POINT('',#5675);
#2876=VERTEX_POINT('',#5696);
#2877=VERTEX_POINT('',#5697);
#2878=VERTEX_POINT('',#5700);
#2879=VERTEX_POINT('',#5703);
#2880=VERTEX_POINT('',#5708);
#2881=VERTEX_POINT('',#5710);
#2882=VERTEX_POINT('',#5715);
#2883=VERTEX_POINT('',#5716);
#2884=VERTEX_POINT('',#5721);
#2885=VERTEX_POINT('',#5723);
#2886=VERTEX_POINT('',#5730);
#2887=VERTEX_POINT('',#5731);
#2888=VERTEX_POINT('',#5735);
#2889=VERTEX_POINT('',#5737);
#2890=VERTEX_POINT('',#5741);
#2891=VERTEX_POINT('',#5743);
#2892=VERTEX_POINT('',#5750);
#2893=VERTEX_POINT('',#5752);
#2894=VERTEX_POINT('',#5772);
#2895=VERTEX_POINT('',#5773);
#2896=VERTEX_POINT('',#5785);
#2897=VERTEX_POINT('',#5788);
#2898=VERTEX_POINT('',#5790);
#2899=VERTEX_POINT('',#5800);
#2900=VERTEX_POINT('',#5808);
#2901=VERTEX_POINT('',#5810);
#2902=VERTEX_POINT('',#5817);
#2903=VERTEX_POINT('',#5824);
#2904=VERTEX_POINT('',#5831);
#2905=VERTEX_POINT('',#5840);
#2906=VERTEX_POINT('',#5851);
#2907=VERTEX_POINT('',#5854);
#2908=VERTEX_POINT('',#5857);
#2909=VERTEX_POINT('',#5860);
#2910=VERTEX_POINT('',#5863);
#2911=VERTEX_POINT('',#5868);
#2912=VERTEX_POINT('',#5873);
#2913=VERTEX_POINT('',#5879);
#2914=VERTEX_POINT('',#5884);
#2915=VERTEX_POINT('',#5889);
#2916=VERTEX_POINT('',#5896);
#2917=VERTEX_POINT('',#5897);
#2918=VERTEX_POINT('',#5902);
#2919=VERTEX_POINT('',#5907);
#2920=VERTEX_POINT('',#5912);
#2921=VERTEX_POINT('',#5913);
#2922=VERTEX_POINT('',#5916);
#2923=VERTEX_POINT('',#5918);
#2924=VERTEX_POINT('',#5925);
#2925=VERTEX_POINT('',#5928);
#2926=VERTEX_POINT('',#5936);
#2927=VERTEX_POINT('',#5939);
#2928=VERTEX_POINT('',#5942);
#2929=VERTEX_POINT('',#5945);
#2930=VERTEX_POINT('',#5948);
#2931=VERTEX_POINT('',#5953);
#2932=VERTEX_POINT('',#5956);
#2933=VERTEX_POINT('',#5961);
#2934=VERTEX_POINT('',#5964);
#2935=VERTEX_POINT('',#5969);
#2936=VERTEX_POINT('',#5972);
#2937=VERTEX_POINT('',#5977);
#2938=VERTEX_POINT('',#5980);
#2939=VERTEX_POINT('',#5985);
#2940=VERTEX_POINT('',#5988);
#2941=VERTEX_POINT('',#5993);
#2942=VERTEX_POINT('',#5996);
#2943=VERTEX_POINT('',#6001);
#2944=VERTEX_POINT('',#6005);
#2945=VERTEX_POINT('',#6010);
#2946=VERTEX_POINT('',#6015);
#2947=VERTEX_POINT('',#6021);
#2948=VERTEX_POINT('',#6027);
#2949=VERTEX_POINT('',#6028);
#2950=VERTEX_POINT('',#6037);
#2951=VERTEX_POINT('',#6038);
#2952=VERTEX_POINT('',#6050);
#2953=VERTEX_POINT('',#6051);
#2954=VERTEX_POINT('',#6063);
#2955=VERTEX_POINT('',#6064);
#2956=VERTEX_POINT('',#6076);
#2957=VERTEX_POINT('',#6083);
#2958=VERTEX_POINT('',#6086);
#2959=VERTEX_POINT('',#6094);
#2960=VERTEX_POINT('',#6097);
#2961=VERTEX_POINT('',#6105);
#2962=VERTEX_POINT('',#6108);
#2963=VERTEX_POINT('',#6114);
#2964=VERTEX_POINT('',#6115);
#2965=VERTEX_POINT('',#6133);
#2966=VERTEX_POINT('',#6139);
#2967=VERTEX_POINT('',#6178);
#2968=VERTEX_POINT('',#6179);
#2969=VERTEX_POINT('',#6182);
#2970=VERTEX_POINT('',#6201);
#2971=VERTEX_POINT('',#6208);
#2972=VERTEX_POINT('',#6209);
#2973=VERTEX_POINT('',#6212);
#2974=VERTEX_POINT('',#6215);
#2975=VERTEX_POINT('',#6221);
#2976=VERTEX_POINT('',#6222);
#2977=VERTEX_POINT('',#6232);
#2978=VERTEX_POINT('',#6235);
#2979=VERTEX_POINT('',#6241);
#2980=VERTEX_POINT('',#6242);
#2981=VERTEX_POINT('',#6245);
#2982=VERTEX_POINT('',#6248);
#2983=VERTEX_POINT('',#6251);
#2984=VERTEX_POINT('',#6254);
#2985=VERTEX_POINT('',#6257);
#2986=VERTEX_POINT('',#6261);
#2987=VERTEX_POINT('',#6269);
#2988=VERTEX_POINT('',#6272);
#2989=VERTEX_POINT('',#6275);
#2990=VERTEX_POINT('',#6278);
#2991=VERTEX_POINT('',#6289);
#2992=VERTEX_POINT('',#6290);
#2993=VERTEX_POINT('',#6293);
#2994=VERTEX_POINT('',#6296);
#2995=VERTEX_POINT('',#6300);
#2996=VERTEX_POINT('',#6322);
#2997=VERTEX_POINT('',#6325);
#2998=VERTEX_POINT('',#6339);
#2999=VERTEX_POINT('',#6342);
#3000=VERTEX_POINT('',#6348);
#3001=VERTEX_POINT('',#6349);
#3002=VERTEX_POINT('',#6352);
#3003=VERTEX_POINT('',#6355);
#3004=VERTEX_POINT('',#6358);
#3005=VERTEX_POINT('',#6361);
#3006=VERTEX_POINT('',#6367);
#3007=VERTEX_POINT('',#6370);
#3008=VERTEX_POINT('',#6376);
#3009=VERTEX_POINT('',#6377);
#3010=VERTEX_POINT('',#6380);
#3011=VERTEX_POINT('',#6383);
#3012=VERTEX_POINT('',#6389);
#3013=VERTEX_POINT('',#6392);
#3014=VERTEX_POINT('',#6405);
#3015=VERTEX_POINT('',#6408);
#3016=VERTEX_POINT('',#6411);
#3017=VERTEX_POINT('',#6414);
#3018=VERTEX_POINT('',#6417);
#3019=VERTEX_POINT('',#6420);
#3020=VERTEX_POINT('',#6423);
#3021=VERTEX_POINT('',#6430);
#3022=VERTEX_POINT('',#6436);
#3023=VERTEX_POINT('',#6437);
#3024=VERTEX_POINT('',#6440);
#3025=VERTEX_POINT('',#6442);
#3026=VERTEX_POINT('',#6448);
#3027=VERTEX_POINT('',#6451);
#3028=VERTEX_POINT('',#6457);
#3029=VERTEX_POINT('',#6458);
#3030=VERTEX_POINT('',#6461);
#3031=VERTEX_POINT('',#6464);
#3032=VERTEX_POINT('',#6467);
#3033=VERTEX_POINT('',#6470);
#3034=VERTEX_POINT('',#6476);
#3035=VERTEX_POINT('',#6477);
#3036=VERTEX_POINT('',#6480);
#3037=VERTEX_POINT('',#6483);
#3038=VERTEX_POINT('',#6489);
#3039=VERTEX_POINT('',#6490);
#3040=VERTEX_POINT('',#6498);
#3041=VERTEX_POINT('',#6504);
#3042=VERTEX_POINT('',#6513);
#3043=VERTEX_POINT('',#6514);
#3044=VERTEX_POINT('',#6517);
#3045=VERTEX_POINT('',#6520);
#3046=VERTEX_POINT('',#6527);
#3047=VERTEX_POINT('',#6530);
#3048=VERTEX_POINT('',#6537);
#3049=VERTEX_POINT('',#6538);
#3050=VERTEX_POINT('',#6543);
#3051=VERTEX_POINT('',#6548);
#3052=VERTEX_POINT('',#6553);
#3053=VERTEX_POINT('',#6558);
#3054=VERTEX_POINT('',#6564);
#3055=VERTEX_POINT('',#6570);
#3056=VERTEX_POINT('',#6571);
#3057=VERTEX_POINT('',#6574);
#3058=VERTEX_POINT('',#6577);
#3059=VERTEX_POINT('',#6580);
#3060=VERTEX_POINT('',#6583);
#3061=VERTEX_POINT('',#6589);
#3062=VERTEX_POINT('',#6590);
#3063=VERTEX_POINT('',#6593);
#3064=VERTEX_POINT('',#6596);
#3065=VERTEX_POINT('',#6599);
#3066=VERTEX_POINT('',#6602);
#3067=VERTEX_POINT('',#6608);
#3068=VERTEX_POINT('',#6611);
#3069=VERTEX_POINT('',#6616);
#3070=VERTEX_POINT('',#6619);
#3071=VERTEX_POINT('',#6625);
#3072=VERTEX_POINT('',#6626);
#3073=VERTEX_POINT('',#6629);
#3074=VERTEX_POINT('',#6632);
#3075=VERTEX_POINT('',#6635);
#3076=VERTEX_POINT('',#6638);
#3077=VERTEX_POINT('',#6644);
#3078=VERTEX_POINT('',#6647);
#3079=VERTEX_POINT('',#6653);
#3080=VERTEX_POINT('',#6654);
#3081=VERTEX_POINT('',#6657);
#3082=VERTEX_POINT('',#6659);
#3083=VERTEX_POINT('',#6664);
#3084=VERTEX_POINT('',#6667);
#3085=VERTEX_POINT('',#6673);
#3086=VERTEX_POINT('',#6674);
#3087=VERTEX_POINT('',#6677);
#3088=VERTEX_POINT('',#6680);
#3089=VERTEX_POINT('',#6685);
#3090=VERTEX_POINT('',#6686);
#3091=VERTEX_POINT('',#6692);
#3092=VERTEX_POINT('',#6695);
#3093=VERTEX_POINT('',#6697);
#3094=VERTEX_POINT('',#6704);
#3095=VERTEX_POINT('',#6707);
#3096=VERTEX_POINT('',#6717);
#3097=VERTEX_POINT('',#6722);
#3098=VERTEX_POINT('',#6727);
#3099=VERTEX_POINT('',#6728);
#3100=VERTEX_POINT('',#6736);
#3101=VERTEX_POINT('',#6737);
#3102=VERTEX_POINT('',#6740);
#3103=VERTEX_POINT('',#6748);
#3104=VERTEX_POINT('',#6749);
#3105=VERTEX_POINT('',#6752);
#3106=VERTEX_POINT('',#6755);
#3107=VERTEX_POINT('',#6758);
#3108=VERTEX_POINT('',#6761);
#3109=VERTEX_POINT('',#6767);
#3110=VERTEX_POINT('',#6770);
#3111=VERTEX_POINT('',#6775);
#3112=VERTEX_POINT('',#6776);
#3113=VERTEX_POINT('',#6781);
#3114=VERTEX_POINT('',#6786);
#3115=VERTEX_POINT('',#6791);
#3116=VERTEX_POINT('',#6796);
#3117=VERTEX_POINT('',#6801);
#3118=VERTEX_POINT('',#6806);
#3119=VERTEX_POINT('',#6811);
#3120=VERTEX_POINT('',#6816);
#3121=VERTEX_POINT('',#6821);
#3122=VERTEX_POINT('',#6826);
#3123=VERTEX_POINT('',#6831);
#3124=VERTEX_POINT('',#6836);
#3125=VERTEX_POINT('',#6839);
#3126=VERTEX_POINT('',#6842);
#3127=VERTEX_POINT('',#6847);
#3128=VERTEX_POINT('',#6848);
#3129=VERTEX_POINT('',#6851);
#3130=VERTEX_POINT('',#6854);
#3131=VERTEX_POINT('',#6857);
#3132=VERTEX_POINT('',#6860);
#3133=VERTEX_POINT('',#6865);
#3134=VERTEX_POINT('',#6871);
#3135=VERTEX_POINT('',#6872);
#3136=VERTEX_POINT('',#6875);
#3137=VERTEX_POINT('',#6880);
#3138=VERTEX_POINT('',#6883);
#3139=VERTEX_POINT('',#6886);
#3140=VERTEX_POINT('',#6889);
#3141=VERTEX_POINT('',#6894);
#3142=VERTEX_POINT('',#6897);
#3143=VERTEX_POINT('',#6900);
#3144=VERTEX_POINT('',#6903);
#3145=VERTEX_POINT('',#6908);
#3146=VERTEX_POINT('',#6909);
#3147=VERTEX_POINT('',#6912);
#3148=VERTEX_POINT('',#6915);
#3149=VERTEX_POINT('',#6918);
#3150=VERTEX_POINT('',#6921);
#3151=VERTEX_POINT('',#6924);
#3152=VERTEX_POINT('',#6927);
#3153=VERTEX_POINT('',#6933);
#3154=VERTEX_POINT('',#6934);
#3155=VERTEX_POINT('',#6937);
#3156=VERTEX_POINT('',#6940);
#3157=VERTEX_POINT('',#6946);
#3158=VERTEX_POINT('',#6951);
#3159=VERTEX_POINT('',#6954);
#3160=VERTEX_POINT('',#6957);
#3161=VERTEX_POINT('',#6960);
#3162=VERTEX_POINT('',#6963);
#3163=VERTEX_POINT('',#6966);
#3164=VERTEX_POINT('',#6969);
#3165=VERTEX_POINT('',#6972);
#3166=VERTEX_POINT('',#6981);
#3167=VERTEX_POINT('',#6998);
#3168=VERTEX_POINT('',#7003);
#3169=VERTEX_POINT('',#7006);
#3170=VERTEX_POINT('',#7009);
#3171=VERTEX_POINT('',#7017);
#3172=VERTEX_POINT('',#7018);
#3173=VERTEX_POINT('',#7021);
#3174=VERTEX_POINT('',#7024);
#3175=VERTEX_POINT('',#7030);
#3176=VERTEX_POINT('',#7031);
#3177=VERTEX_POINT('',#7038);
#3178=VERTEX_POINT('',#7041);
#3179=VERTEX_POINT('',#7044);
#3180=VERTEX_POINT('',#7047);
#3181=VERTEX_POINT('',#7050);
#3182=VERTEX_POINT('',#7053);
#3183=VERTEX_POINT('',#7056);
#3184=VERTEX_POINT('',#7064);
#3185=VERTEX_POINT('',#7086);
#3186=VERTEX_POINT('',#7087);
#3187=VERTEX_POINT('',#7090);
#3188=VERTEX_POINT('',#7093);
#3189=VERTEX_POINT('',#7102);
#3190=VERTEX_POINT('',#7105);
#3191=VERTEX_POINT('',#7111);
#3192=VERTEX_POINT('',#7113);
#3193=VERTEX_POINT('',#7116);
#3194=VERTEX_POINT('',#7129);
#3195=VERTEX_POINT('',#7133);
#3196=VERTEX_POINT('',#7136);
#3197=VERTEX_POINT('',#7139);
#3198=VERTEX_POINT('',#7142);
#3199=VERTEX_POINT('',#7148);
#3200=VERTEX_POINT('',#7149);
#3201=VERTEX_POINT('',#7152);
#3202=VERTEX_POINT('',#7154);
#3203=VERTEX_POINT('',#7159);
#3204=VERTEX_POINT('',#7160);
#3205=VERTEX_POINT('',#7165);
#3206=VERTEX_POINT('',#7167);
#3207=VERTEX_POINT('',#7181);
#3208=VERTEX_POINT('',#7186);
#3209=VERTEX_POINT('',#7189);
#3210=VERTEX_POINT('',#7192);
#3211=VERTEX_POINT('',#7207);
#3212=VERTEX_POINT('',#7214);
#3213=VERTEX_POINT('',#7239);
#3214=VERTEX_POINT('',#7242);
#3215=VERTEX_POINT('',#7246);
#3216=VERTEX_POINT('',#7251);
#3217=VERTEX_POINT('',#7255);
#3218=VERTEX_POINT('',#7258);
#3219=VERTEX_POINT('',#7261);
#3220=VERTEX_POINT('',#7264);
#3221=VERTEX_POINT('',#7267);
#3222=VERTEX_POINT('',#7270);
#3223=VERTEX_POINT('',#7275);
#3224=VERTEX_POINT('',#7279);
#3225=VERTEX_POINT('',#7282);
#3226=VERTEX_POINT('',#7288);
#3227=VERTEX_POINT('',#7293);
#3228=VERTEX_POINT('',#7296);
#3229=VERTEX_POINT('',#7299);
#3230=VERTEX_POINT('',#7304);
#3231=VERTEX_POINT('',#7309);
#3232=VERTEX_POINT('',#7315);
#3233=VERTEX_POINT('',#7321);
#3234=VERTEX_POINT('',#7324);
#3235=VERTEX_POINT('',#7332);
#3236=VERTEX_POINT('',#7333);
#3237=VERTEX_POINT('',#7336);
#3238=VERTEX_POINT('',#7351);
#3239=VERTEX_POINT('',#7359);
#3240=VERTEX_POINT('',#7374);
#3241=VERTEX_POINT('',#7400);
#3242=VERTEX_POINT('',#7406);
#3243=VERTEX_POINT('',#7407);
#3244=VERTEX_POINT('',#7416);
#3245=VERTEX_POINT('',#7417);
#3246=VERTEX_POINT('',#7435);
#3247=VERTEX_POINT('',#7436);
#3248=VERTEX_POINT('',#7449);
#3249=VERTEX_POINT('',#7455);
#3250=VERTEX_POINT('',#7462);
#3251=VERTEX_POINT('',#7463);
#3252=VERTEX_POINT('',#7469);
#3253=VERTEX_POINT('',#7471);
#3254=VERTEX_POINT('',#7480);
#3255=VERTEX_POINT('',#7481);
#3256=VERTEX_POINT('',#7486);
#3257=VERTEX_POINT('',#7490);
#3258=VERTEX_POINT('',#7496);
#3259=VERTEX_POINT('',#7497);
#3260=VERTEX_POINT('',#7500);
#3261=VERTEX_POINT('',#7503);
#3262=VERTEX_POINT('',#7509);
#3263=VERTEX_POINT('',#7510);
#3264=VERTEX_POINT('',#7524);
#3265=VERTEX_POINT('',#7525);
#3266=VERTEX_POINT('',#7529);
#3267=VERTEX_POINT('',#7532);
#3268=VERTEX_POINT('',#7535);
#3269=VERTEX_POINT('',#7545);
#3270=VERTEX_POINT('',#7546);
#3271=VERTEX_POINT('',#7555);
#3272=VERTEX_POINT('',#7556);
#3273=VERTEX_POINT('',#7562);
#3274=VERTEX_POINT('',#7571);
#3275=VERTEX_POINT('',#7574);
#3276=VERTEX_POINT('',#7577);
#3277=VERTEX_POINT('',#7580);
#3278=VERTEX_POINT('',#7584);
#3279=VERTEX_POINT('',#7603);
#3280=VERTEX_POINT('',#7608);
#3281=VERTEX_POINT('',#7614);
#3282=VERTEX_POINT('',#7617);
#3283=VERTEX_POINT('',#7623);
#3284=VERTEX_POINT('',#7626);
#3285=VERTEX_POINT('',#7634);
#3286=VERTEX_POINT('',#7637);
#3287=VERTEX_POINT('',#7643);
#3288=VERTEX_POINT('',#7644);
#3289=VERTEX_POINT('',#7647);
#3290=VERTEX_POINT('',#7656);
#3291=VERTEX_POINT('',#7657);
#3292=VERTEX_POINT('',#7662);
#3293=VERTEX_POINT('',#7665);
#3294=VERTEX_POINT('',#7671);
#3295=VERTEX_POINT('',#7672);
#3296=VERTEX_POINT('',#7678);
#3297=VERTEX_POINT('',#7683);
#3298=VERTEX_POINT('',#7686);
#3299=VERTEX_POINT('',#7688);
#3300=VERTEX_POINT('',#7697);
#3301=VERTEX_POINT('',#7703);
#3302=VERTEX_POINT('',#7706);
#3303=VERTEX_POINT('',#7714);
#3304=VERTEX_POINT('',#7719);
#3305=VERTEX_POINT('',#7722);
#3306=VERTEX_POINT('',#7731);
#3307=VERTEX_POINT('',#7732);
#3308=VERTEX_POINT('',#7735);
#3309=VERTEX_POINT('',#7738);
#3310=VERTEX_POINT('',#7743);
#3311=VERTEX_POINT('',#7746);
#3312=VERTEX_POINT('',#7749);
#3313=VERTEX_POINT('',#7752);
#3314=VERTEX_POINT('',#7758);
#3315=VERTEX_POINT('',#7761);
#3316=VERTEX_POINT('',#7764);
#3317=VERTEX_POINT('',#7767);
#3318=VERTEX_POINT('',#7769);
#3319=VERTEX_POINT('',#7774);
#3320=VERTEX_POINT('',#7775);
#3321=VERTEX_POINT('',#7778);
#3322=VERTEX_POINT('',#7787);
#3323=VERTEX_POINT('',#7793);
#3324=VERTEX_POINT('',#7809);
#3325=VERTEX_POINT('',#7811);
#3326=VERTEX_POINT('',#7819);
#3327=VERTEX_POINT('',#7829);
#3328=VERTEX_POINT('',#7848);
#3329=VERTEX_POINT('',#7850);
#3330=VERTEX_POINT('',#7855);
#3331=VERTEX_POINT('',#7858);
#3332=VERTEX_POINT('',#7861);
#3333=VERTEX_POINT('',#7868);
#3334=VERTEX_POINT('',#7874);
#3335=VERTEX_POINT('',#7893);
#3336=LINE('',#5524,#3445);
#3337=LINE('',#5527,#3446);
#3338=LINE('',#5529,#3447);
#3339=LINE('',#5531,#3448);
#3340=LINE('',#5535,#3449);
#3341=LINE('',#5539,#3450);
#3342=LINE('',#5542,#3451);
#3343=LINE('',#5544,#3452);
#3344=LINE('',#5546,#3453);
#3345=LINE('',#5548,#3454);
#3346=LINE('',#5551,#3455);
#3347=LINE('',#5553,#3456);
#3348=LINE('',#5555,#3457);
#3349=LINE('',#5559,#3458);
#3350=LINE('',#5560,#3459);
#3351=LINE('',#5563,#3460);
#3352=LINE('',#5565,#3461);
#3353=LINE('',#5569,#3462);
#3354=LINE('',#5573,#3463);
#3355=LINE('',#5575,#3464);
#3356=LINE('',#5577,#3465);
#3357=LINE('',#5581,#3466);
#3358=LINE('',#5585,#3467);
#3359=LINE('',#5587,#3468);
#3360=LINE('',#5589,#3469);
#3361=LINE('',#5594,#3470);
#3362=LINE('',#5596,#3471);
#3363=LINE('',#5598,#3472);
#3364=LINE('',#5603,#3473);
#3365=LINE('',#5607,#3474);
#3366=LINE('',#5611,#3475);
#3367=LINE('',#5615,#3476);
#3368=LINE('',#5619,#3477);
#3369=LINE('',#5621,#3478);
#3370=LINE('',#5623,#3479);
#3371=LINE('',#5625,#3480);
#3372=LINE('',#5627,#3481);
#3373=LINE('',#5629,#3482);
#3374=LINE('',#5631,#3483);
#3375=LINE('',#5633,#3484);
#3376=LINE('',#5635,#3485);
#3377=LINE('',#5637,#3486);
#3378=LINE('',#5639,#3487);
#3379=LINE('',#5641,#3488);
#3380=LINE('',#5643,#3489);
#3381=LINE('',#5645,#3490);
#3382=LINE('',#5647,#3491);
#3383=LINE('',#5651,#3492);
#3384=LINE('',#5655,#3493);
#3385=LINE('',#5657,#3494);
#3386=LINE('',#5659,#3495);
#3387=LINE('',#5661,#3496);
#3388=LINE('',#5663,#3497);
#3389=LINE('',#5667,#3498);
#3390=LINE('',#5671,#3499);
#3391=LINE('',#5673,#3500);
#3392=LINE('',#5676,#3501);
#3393=LINE('',#5678,#3502);
#3394=LINE('',#5680,#3503);
#3395=LINE('',#5682,#3504);
#3396=LINE('',#5683,#3505);
#3397=LINE('',#5685,#3506);
#3398=LINE('',#5687,#3507);
#3399=LINE('',#5690,#3508);
#3400=LINE('',#5695,#3509);
#3401=LINE('',#5707,#3510);
#3402=LINE('',#5709,#3511);
#3403=LINE('',#5837,#3512);
#3404=LINE('',#5867,#3513);
#3405=LINE('',#5872,#3514);
#3406=LINE('',#5883,#3515);
#3407=LINE('',#5885,#3516);
#3408=LINE('',#5890,#3517);
#3409=LINE('',#5924,#3518);
#3410=LINE('',#6006,#3519);
#3411=LINE('',#6036,#3520);
#3412=LINE('',#6077,#3521);
#3413=LINE('',#6297,#3522);
#3414=LINE('',#6331,#3523);
#3415=LINE('',#6333,#3524);
#3416=LINE('',#6334,#3525);
#3417=LINE('',#6441,#3526);
#3418=LINE('',#6658,#3527);
#3419=LINE('',#6684,#3528);
#3420=LINE('',#6687,#3529);
#3421=LINE('',#6696,#3530);
#3422=LINE('',#6698,#3531);
#3423=LINE('',#6718,#3532);
#3424=LINE('',#6723,#3533);
#3425=LINE('',#6868,#3534);
#3426=LINE('',#7117,#3535);
#3427=LINE('',#7130,#3536);
#3428=LINE('',#7153,#3537);
#3429=LINE('',#7213,#3538);
#3430=LINE('',#7365,#3539);
#3431=LINE('',#7373,#3540);
#3432=LINE('',#7415,#3541);
#3433=LINE('',#7516,#3542);
#3434=LINE('',#7518,#3543);
#3435=LINE('',#7520,#3544);
#3436=LINE('',#7583,#3545);
#3437=LINE('',#7585,#3546);
#3438=LINE('',#7757,#3547);
#3439=LINE('',#7768,#3548);
#3440=LINE('',#7770,#3549);
#3441=LINE('',#7849,#3550);
#3442=LINE('',#7854,#3551);
#3443=LINE('',#7873,#3552);
#3444=LINE('',#7884,#3553);
#3445=VECTOR('',#4783,1000.);
#3446=VECTOR('',#4784,1000.);
#3447=VECTOR('',#4785,1000.);
#3448=VECTOR('',#4786,1000.);
#3449=VECTOR('',#4791,1000.);
#3450=VECTOR('',#4796,1000.);
#3451=VECTOR('',#4797,1000.);
#3452=VECTOR('',#4798,1000.);
#3453=VECTOR('',#4799,1000.);
#3454=VECTOR('',#4802,1000.);
#3455=VECTOR('',#4803,1000.);
#3456=VECTOR('',#4804,1000.);
#3457=VECTOR('',#4805,1000.);
#3458=VECTOR('',#4810,1000.);
#3459=VECTOR('',#4811,1000.);
#3460=VECTOR('',#4812,1000.);
#3461=VECTOR('',#4813,1000.);
#3462=VECTOR('',#4816,1000.);
#3463=VECTOR('',#4819,1000.);
#3464=VECTOR('',#4820,1000.);
#3465=VECTOR('',#4821,1000.);
#3466=VECTOR('',#4824,1000.);
#3467=VECTOR('',#4827,1000.);
#3468=VECTOR('',#4828,1000.);
#3469=VECTOR('',#4829,1000.);
#3470=VECTOR('',#4834,1000.);
#3471=VECTOR('',#4835,1000.);
#3472=VECTOR('',#4836,1000.);
#3473=VECTOR('',#4843,1000.);
#3474=VECTOR('',#4848,1000.);
#3475=VECTOR('',#4853,1000.);
#3476=VECTOR('',#4858,1000.);
#3477=VECTOR('',#4863,1000.);
#3478=VECTOR('',#4864,1000.);
#3479=VECTOR('',#4867,1000.);
#3480=VECTOR('',#4868,1000.);
#3481=VECTOR('',#4871,1000.);
#3482=VECTOR('',#4872,1000.);
#3483=VECTOR('',#4875,1000.);
#3484=VECTOR('',#4876,1000.);
#3485=VECTOR('',#4879,1000.);
#3486=VECTOR('',#4882,1000.);
#3487=VECTOR('',#4883,1000.);
#3488=VECTOR('',#4886,1000.);
#3489=VECTOR('',#4887,1000.);
#3490=VECTOR('',#4888,1000.);
#3491=VECTOR('',#4891,1000.);
#3492=VECTOR('',#4896,1000.);
#3493=VECTOR('',#4901,1000.);
#3494=VECTOR('',#4904,1000.);
#3495=VECTOR('',#4905,1000.);
#3496=VECTOR('',#4908,1000.);
#3497=VECTOR('',#4909,1000.);
#3498=VECTOR('',#4912,1000.);
#3499=VECTOR('',#4915,1000.);
#3500=VECTOR('',#4916,1000.);
#3501=VECTOR('',#4919,1000.);
#3502=VECTOR('',#4922,1000.);
#3503=VECTOR('',#4925,1000.);
#3504=VECTOR('',#4928,1000.);
#3505=VECTOR('',#4929,1000.);
#3506=VECTOR('',#4932,1000.);
#3507=VECTOR('',#4935,1000.);
#3508=VECTOR('',#4940,1000.);
#3509=VECTOR('',#4949,1000.);
#3510=VECTOR('',#4952,1000.);
#3511=VECTOR('',#4953,1000.);
#3512=VECTOR('',#5020,1000.);
#3513=VECTOR('',#5031,1000.);
#3514=VECTOR('',#5034,1000.);
#3515=VECTOR('',#5039,1000.);
#3516=VECTOR('',#5040,1000.);
#3517=VECTOR('',#5043,1000.);
#3518=VECTOR('',#5058,1000.);
#3519=VECTOR('',#5063,1000.);
#3520=VECTOR('',#5076,1000.);
#3521=VECTOR('',#5083,1000.);
#3522=VECTOR('',#5150,1000.);
#3523=VECTOR('',#5161,1000.);
#3524=VECTOR('',#5164,1000.);
#3525=VECTOR('',#5165,1000.);
#3526=VECTOR('',#5188,1000.);
#3527=VECTOR('',#5223,1000.);
#3528=VECTOR('',#5228,1000.);
#3529=VECTOR('',#5229,1000.);
#3530=VECTOR('',#5230,1000.);
#3531=VECTOR('',#5231,1000.);
#3532=VECTOR('',#5240,1000.);
#3533=VECTOR('',#5243,1000.);
#3534=VECTOR('',#5256,1000.);
#3535=VECTOR('',#5301,1000.);
#3536=VECTOR('',#5306,1000.);
#3537=VECTOR('',#5309,1000.);
#3538=VECTOR('',#5326,1000.);
#3539=VECTOR('',#5355,1000.);
#3540=VECTOR('',#5366,1000.);
#3541=VECTOR('',#5381,1000.);
#3542=VECTOR('',#5412,1000.);
#3543=VECTOR('',#5415,1000.);
#3544=VECTOR('',#5418,1000.);
#3545=VECTOR('',#5427,1000.);
#3546=VECTOR('',#5428,1000.);
#3547=VECTOR('',#5467,1000.);
#3548=VECTOR('',#5468,1000.);
#3549=VECTOR('',#5469,1000.);
#3550=VECTOR('',#5496,1000.);
#3551=VECTOR('',#5499,1000.);
#3552=VECTOR('',#5508,1000.);
#3553=VECTOR('',#5511,1000.);
#3554=EDGE_LOOP('',(#768,#769,#770,#771));
#3555=EDGE_LOOP('',(#772,#773,#774,#775));
#3556=EDGE_LOOP('',(#776,#777,#778,#779));
#3557=EDGE_LOOP('',(#780,#781,#782,#783));
#3558=EDGE_LOOP('',(#784,#785,#786,#787));
#3559=EDGE_LOOP('',(#788,#789,#790,#791,#792,#793,#794,#795,#796,#797,#798,
#799,#800,#801,#802,#803,#804,#805,#806,#807,#808,#809,#810,#811));
#3560=EDGE_LOOP('',(#812,#813,#814,#815));
#3561=EDGE_LOOP('',(#816,#817,#818,#819));
#3562=EDGE_LOOP('',(#820,#821,#822,#823));
#3563=EDGE_LOOP('',(#824,#825,#826,#827));
#3564=EDGE_LOOP('',(#828,#829,#830,#831));
#3565=EDGE_LOOP('',(#832,#833,#834,#835));
#3566=EDGE_LOOP('',(#836,#837,#838,#839));
#3567=EDGE_LOOP('',(#840,#841,#842,#843));
#3568=EDGE_LOOP('',(#844,#845,#846,#847));
#3569=EDGE_LOOP('',(#848,#849,#850,#851));
#3570=EDGE_LOOP('',(#852,#853,#854,#855));
#3571=EDGE_LOOP('',(#856,#857,#858,#859));
#3572=EDGE_LOOP('',(#860,#861,#862,#863));
#3573=EDGE_LOOP('',(#864,#865,#866,#867));
#3574=EDGE_LOOP('',(#868,#869,#870,#871));
#3575=EDGE_LOOP('',(#872,#873,#874,#875,#876,#877,#878,#879,#880,#881,#882,
#883,#884,#885,#886,#887,#888,#889,#890,#891,#892,#893,#894,#895));
#3576=EDGE_LOOP('',(#896,#897,#898,#899));
#3577=EDGE_LOOP('',(#900,#901,#902,#903));
#3578=EDGE_LOOP('',(#904,#905,#906,#907));
#3579=EDGE_LOOP('',(#908,#909,#910,#911));
#3580=EDGE_LOOP('',(#912,#913,#914,#915));
#3581=EDGE_LOOP('',(#916,#917,#918,#919));
#3582=EDGE_LOOP('',(#920,#921,#922,#923));
#3583=EDGE_LOOP('',(#924,#925,#926,#927));
#3584=EDGE_LOOP('',(#928,#929,#930,#931));
#3585=EDGE_LOOP('',(#932,#933,#934,#935));
#3586=EDGE_LOOP('',(#936,#937,#938,#939));
#3587=EDGE_LOOP('',(#940,#941,#942,#943));
#3588=EDGE_LOOP('',(#944,#945,#946,#947));
#3589=EDGE_LOOP('',(#948,#949));
#3590=EDGE_LOOP('',(#950,#951,#952,#953));
#3591=EDGE_LOOP('',(#954,#955,#956,#957));
#3592=EDGE_LOOP('',(#958,#959,#960,#961));
#3593=EDGE_LOOP('',(#962,#963,#964,#965));
#3594=EDGE_LOOP('',(#966,#967));
#3595=EDGE_LOOP('',(#968,#969,#970,#971,#972,#973,#974,#975));
#3596=EDGE_LOOP('',(#976,#977,#978,#979));
#3597=EDGE_LOOP('',(#980,#981,#982,#983));
#3598=EDGE_LOOP('',(#984,#985,#986,#987));
#3599=EDGE_LOOP('',(#988,#989,#990,#991));
#3600=EDGE_LOOP('',(#992,#993,#994,#995));
#3601=EDGE_LOOP('',(#996,#997,#998,#999));
#3602=EDGE_LOOP('',(#1000,#1001,#1002,#1003));
#3603=EDGE_LOOP('',(#1004,#1005,#1006,#1007,#1008,#1009,#1010,#1011));
#3604=EDGE_LOOP('',(#1012,#1013,#1014,#1015,#1016,#1017,#1018,#1019));
#3605=EDGE_LOOP('',(#1020,#1021,#1022,#1023));
#3606=EDGE_LOOP('',(#1024,#1025,#1026,#1027));
#3607=EDGE_LOOP('',(#1028,#1029,#1030,#1031));
#3608=EDGE_LOOP('',(#1032,#1033,#1034,#1035));
#3609=EDGE_LOOP('',(#1036,#1037,#1038,#1039));
#3610=EDGE_LOOP('',(#1040,#1041,#1042,#1043));
#3611=EDGE_LOOP('',(#1044,#1045,#1046,#1047));
#3612=EDGE_LOOP('',(#1048,#1049,#1050,#1051));
#3613=EDGE_LOOP('',(#1052,#1053,#1054,#1055));
#3614=EDGE_LOOP('',(#1056,#1057,#1058,#1059,#1060,#1061,#1062,#1063,#1064,
#1065,#1066,#1067,#1068,#1069,#1070,#1071,#1072,#1073,#1074,#1075));
#3615=EDGE_LOOP('',(#1076,#1077,#1078,#1079));
#3616=EDGE_LOOP('',(#1080,#1081,#1082,#1083));
#3617=EDGE_LOOP('',(#1084,#1085,#1086,#1087));
#3618=EDGE_LOOP('',(#1088,#1089,#1090,#1091));
#3619=EDGE_LOOP('',(#1092,#1093,#1094,#1095));
#3620=EDGE_LOOP('',(#1096,#1097,#1098,#1099));
#3621=EDGE_LOOP('',(#1100,#1101,#1102,#1103));
#3622=EDGE_LOOP('',(#1104,#1105,#1106,#1107));
#3623=EDGE_LOOP('',(#1108,#1109,#1110,#1111));
#3624=EDGE_LOOP('',(#1112,#1113,#1114,#1115));
#3625=EDGE_LOOP('',(#1116,#1117,#1118,#1119));
#3626=EDGE_LOOP('',(#1120,#1121,#1122,#1123));
#3627=EDGE_LOOP('',(#1124,#1125,#1126,#1127));
#3628=EDGE_LOOP('',(#1128,#1129,#1130,#1131,#1132,#1133,#1134,#1135));
#3629=EDGE_LOOP('',(#1136,#1137,#1138,#1139,#1140,#1141,#1142,#1143,#1144,
#1145,#1146,#1147,#1148,#1149,#1150,#1151,#1152,#1153,#1154,#1155));
#3630=EDGE_LOOP('',(#1156,#1157,#1158,#1159));
#3631=EDGE_LOOP('',(#1160,#1161,#1162,#1163));
#3632=EDGE_LOOP('',(#1164,#1165,#1166,#1167));
#3633=EDGE_LOOP('',(#1168,#1169,#1170,#1171));
#3634=EDGE_LOOP('',(#1172,#1173,#1174,#1175));
#3635=EDGE_LOOP('',(#1176,#1177,#1178,#1179));
#3636=EDGE_LOOP('',(#1180,#1181,#1182,#1183));
#3637=EDGE_LOOP('',(#1184,#1185,#1186,#1187));
#3638=EDGE_LOOP('',(#1188,#1189,#1190,#1191));
#3639=EDGE_LOOP('',(#1192,#1193,#1194,#1195));
#3640=EDGE_LOOP('',(#1196,#1197,#1198,#1199));
#3641=EDGE_LOOP('',(#1200,#1201,#1202,#1203));
#3642=EDGE_LOOP('',(#1204,#1205,#1206,#1207,#1208,#1209,#1210,#1211,#1212,
#1213,#1214,#1215));
#3643=EDGE_LOOP('',(#1216,#1217,#1218,#1219));
#3644=EDGE_LOOP('',(#1220,#1221,#1222));
#3645=EDGE_LOOP('',(#1223,#1224,#1225,#1226));
#3646=EDGE_LOOP('',(#1227,#1228,#1229,#1230));
#3647=EDGE_LOOP('',(#1231,#1232,#1233,#1234,#1235));
#3648=EDGE_LOOP('',(#1236,#1237,#1238,#1239));
#3649=EDGE_LOOP('',(#1240,#1241,#1242));
#3650=EDGE_LOOP('',(#1243,#1244,#1245,#1246));
#3651=EDGE_LOOP('',(#1247,#1248,#1249,#1250,#1251,#1252));
#3652=EDGE_LOOP('',(#1253,#1254,#1255,#1256));
#3653=EDGE_LOOP('',(#1257,#1258,#1259,#1260));
#3654=EDGE_LOOP('',(#1261,#1262,#1263,#1264));
#3655=EDGE_LOOP('',(#1265,#1266,#1267,#1268,#1269,#1270));
#3656=EDGE_LOOP('',(#1271,#1272,#1273,#1274,#1275,#1276,#1277,#1278,#1279,
#1280,#1281,#1282));
#3657=EDGE_LOOP('',(#1283,#1284,#1285,#1286));
#3658=EDGE_LOOP('',(#1287,#1288,#1289,#1290,#1291,#1292));
#3659=EDGE_LOOP('',(#1293,#1294,#1295,#1296));
#3660=EDGE_LOOP('',(#1297,#1298,#1299,#1300));
#3661=EDGE_LOOP('',(#1301,#1302,#1303,#1304,#1305,#1306));
#3662=EDGE_LOOP('',(#1307,#1308,#1309,#1310));
#3663=EDGE_LOOP('',(#1311,#1312,#1313,#1314));
#3664=EDGE_LOOP('',(#1315,#1316,#1317,#1318));
#3665=EDGE_LOOP('',(#1319,#1320,#1321,#1322));
#3666=EDGE_LOOP('',(#1323,#1324,#1325,#1326));
#3667=EDGE_LOOP('',(#1327,#1328,#1329,#1330));
#3668=EDGE_LOOP('',(#1331,#1332,#1333,#1334));
#3669=EDGE_LOOP('',(#1335,#1336,#1337,#1338,#1339,#1340,#1341,#1342));
#3670=EDGE_LOOP('',(#1343,#1344,#1345,#1346));
#3671=EDGE_LOOP('',(#1347,#1348,#1349,#1350));
#3672=EDGE_LOOP('',(#1351,#1352,#1353,#1354,#1355,#1356));
#3673=EDGE_LOOP('',(#1357,#1358,#1359,#1360,#1361,#1362));
#3674=EDGE_LOOP('',(#1363,#1364,#1365,#1366,#1367,#1368,#1369,#1370));
#3675=EDGE_LOOP('',(#1371,#1372,#1373,#1374,#1375,#1376));
#3676=EDGE_LOOP('',(#1377,#1378,#1379,#1380));
#3677=EDGE_LOOP('',(#1381,#1382,#1383,#1384,#1385,#1386));
#3678=EDGE_LOOP('',(#1387,#1388,#1389,#1390));
#3679=EDGE_LOOP('',(#1391,#1392,#1393,#1394,#1395,#1396,#1397,#1398,#1399));
#3680=EDGE_LOOP('',(#1400,#1401,#1402,#1403,#1404,#1405));
#3681=EDGE_LOOP('',(#1406,#1407,#1408,#1409));
#3682=EDGE_LOOP('',(#1410,#1411,#1412,#1413));
#3683=EDGE_LOOP('',(#1414,#1415,#1416,#1417));
#3684=EDGE_LOOP('',(#1418,#1419,#1420,#1421,#1422,#1423));
#3685=EDGE_LOOP('',(#1424,#1425,#1426,#1427,#1428));
#3686=EDGE_LOOP('',(#1429,#1430,#1431,#1432,#1433,#1434));
#3687=EDGE_LOOP('',(#1435,#1436,#1437,#1438,#1439,#1440));
#3688=EDGE_LOOP('',(#1441,#1442,#1443,#1444));
#3689=EDGE_LOOP('',(#1445,#1446,#1447,#1448,#1449,#1450,#1451,#1452,#1453,
#1454,#1455,#1456,#1457,#1458,#1459,#1460));
#3690=EDGE_LOOP('',(#1461,#1462,#1463,#1464,#1465,#1466,#1467,#1468,#1469,
#1470));
#3691=EDGE_LOOP('',(#1471,#1472,#1473,#1474,#1475,#1476,#1477,#1478,#1479));
#3692=EDGE_LOOP('',(#1480,#1481,#1482,#1483,#1484,#1485,#1486,#1487,#1488,
#1489));
#3693=EDGE_LOOP('',(#1490,#1491,#1492,#1493,#1494,#1495,#1496,#1497,#1498,
#1499));
#3694=EDGE_LOOP('',(#1500,#1501,#1502,#1503,#1504,#1505,#1506,#1507));
#3695=EDGE_LOOP('',(#1508,#1509,#1510,#1511));
#3696=EDGE_LOOP('',(#1512,#1513,#1514,#1515,#1516,#1517,#1518,#1519,#1520,
#1521,#1522,#1523));
#3697=EDGE_LOOP('',(#1524,#1525,#1526,#1527));
#3698=EDGE_LOOP('',(#1528,#1529,#1530,#1531,#1532,#1533));
#3699=EDGE_LOOP('',(#1534,#1535,#1536,#1537));
#3700=EDGE_LOOP('',(#1538,#1539,#1540,#1541,#1542,#1543));
#3701=EDGE_LOOP('',(#1544,#1545,#1546,#1547,#1548,#1549));
#3702=EDGE_LOOP('',(#1550,#1551,#1552,#1553,#1554,#1555));
#3703=EDGE_LOOP('',(#1556,#1557,#1558,#1559,#1560,#1561,#1562,#1563));
#3704=EDGE_LOOP('',(#1564,#1565,#1566,#1567,#1568));
#3705=EDGE_LOOP('',(#1569,#1570,#1571,#1572));
#3706=EDGE_LOOP('',(#1573,#1574,#1575,#1576,#1577,#1578,#1579,#1580,#1581,
#1582,#1583,#1584));
#3707=EDGE_LOOP('',(#1585,#1586,#1587,#1588,#1589,#1590));
#3708=EDGE_LOOP('',(#1591,#1592,#1593,#1594));
#3709=EDGE_LOOP('',(#1595,#1596,#1597,#1598));
#3710=EDGE_LOOP('',(#1599,#1600,#1601,#1602,#1603,#1604));
#3711=EDGE_LOOP('',(#1605,#1606,#1607,#1608,#1609,#1610));
#3712=EDGE_LOOP('',(#1611,#1612,#1613,#1614,#1615,#1616,#1617,#1618));
#3713=EDGE_LOOP('',(#1619,#1620,#1621,#1622,#1623,#1624));
#3714=EDGE_LOOP('',(#1625,#1626,#1627,#1628,#1629,#1630,#1631,#1632,#1633,
#1634));
#3715=EDGE_LOOP('',(#1635,#1636,#1637,#1638,#1639));
#3716=EDGE_LOOP('',(#1640,#1641,#1642,#1643));
#3717=EDGE_LOOP('',(#1644,#1645,#1646,#1647,#1648,#1649,#1650,#1651,#1652,
#1653));
#3718=EDGE_LOOP('',(#1654,#1655,#1656,#1657));
#3719=EDGE_LOOP('',(#1658,#1659,#1660,#1661));
#3720=EDGE_LOOP('',(#1662,#1663,#1664,#1665));
#3721=EDGE_LOOP('',(#1666,#1667,#1668,#1669,#1670,#1671,#1672,#1673));
#3722=EDGE_LOOP('',(#1674,#1675,#1676,#1677,#1678));
#3723=EDGE_LOOP('',(#1679,#1680,#1681,#1682));
#3724=EDGE_LOOP('',(#1683,#1684,#1685,#1686,#1687));
#3725=EDGE_LOOP('',(#1688,#1689,#1690,#1691,#1692));
#3726=EDGE_LOOP('',(#1693,#1694,#1695,#1696));
#3727=EDGE_LOOP('',(#1697,#1698,#1699,#1700,#1701,#1702,#1703,#1704,#1705,
#1706,#1707,#1708,#1709,#1710,#1711,#1712,#1713));
#3728=EDGE_LOOP('',(#1714,#1715,#1716,#1717,#1718,#1719,#1720,#1721,#1722,
#1723,#1724,#1725));
#3729=EDGE_LOOP('',(#1726,#1727,#1728,#1729));
#3730=EDGE_LOOP('',(#1730,#1731,#1732,#1733));
#3731=EDGE_LOOP('',(#1734,#1735,#1736,#1737,#1738,#1739,#1740,#1741,#1742));
#3732=EDGE_LOOP('',(#1743,#1744,#1745,#1746,#1747));
#3733=EDGE_LOOP('',(#1748,#1749,#1750,#1751,#1752));
#3734=EDGE_LOOP('',(#1753,#1754,#1755,#1756));
#3735=EDGE_LOOP('',(#1757,#1758,#1759,#1760));
#3736=EDGE_LOOP('',(#1761,#1762,#1763,#1764,#1765));
#3737=EDGE_LOOP('',(#1766,#1767,#1768,#1769));
#3738=EDGE_LOOP('',(#1770,#1771,#1772,#1773));
#3739=EDGE_LOOP('',(#1774,#1775,#1776,#1777));
#3740=EDGE_LOOP('',(#1778,#1779,#1780));
#3741=EDGE_LOOP('',(#1781,#1782,#1783,#1784,#1785,#1786,#1787));
#3742=EDGE_LOOP('',(#1788,#1789,#1790,#1791));
#3743=EDGE_LOOP('',(#1792,#1793,#1794));
#3744=EDGE_LOOP('',(#1795,#1796,#1797,#1798));
#3745=EDGE_LOOP('',(#1799,#1800,#1801,#1802));
#3746=EDGE_LOOP('',(#1803,#1804,#1805,#1806,#1807));
#3747=EDGE_LOOP('',(#1808,#1809,#1810));
#3748=EDGE_LOOP('',(#1811,#1812,#1813,#1814));
#3749=EDGE_LOOP('',(#1815,#1816));
#3750=EDGE_LOOP('',(#1817,#1818,#1819,#1820,#1821));
#3751=EDGE_LOOP('',(#1822,#1823,#1824,#1825));
#3752=EDGE_LOOP('',(#1826,#1827,#1828,#1829));
#3753=EDGE_LOOP('',(#1830,#1831,#1832,#1833));
#3754=EDGE_LOOP('',(#1834,#1835,#1836,#1837));
#3755=EDGE_LOOP('',(#1838,#1839,#1840));
#3756=EDGE_LOOP('',(#1841,#1842,#1843));
#3757=EDGE_LOOP('',(#1844,#1845));
#3758=EDGE_LOOP('',(#1846,#1847,#1848,#1849,#1850,#1851,#1852,#1853));
#3759=EDGE_LOOP('',(#1854,#1855,#1856,#1857));
#3760=EDGE_LOOP('',(#1858,#1859,#1860,#1861,#1862,#1863));
#3761=EDGE_LOOP('',(#1864,#1865,#1866,#1867));
#3762=EDGE_LOOP('',(#1868,#1869,#1870,#1871,#1872,#1873,#1874,#1875,#1876,
#1877));
#3763=EDGE_LOOP('',(#1878,#1879,#1880,#1881));
#3764=EDGE_LOOP('',(#1882,#1883,#1884,#1885));
#3765=EDGE_LOOP('',(#1886,#1887,#1888,#1889));
#3766=EDGE_LOOP('',(#1890,#1891,#1892,#1893,#1894,#1895));
#3767=EDGE_LOOP('',(#1896,#1897,#1898,#1899));
#3768=EDGE_LOOP('',(#1900,#1901,#1902,#1903,#1904,#1905));
#3769=EDGE_LOOP('',(#1906,#1907,#1908,#1909,#1910,#1911));
#3770=EDGE_LOOP('',(#1912,#1913,#1914));
#3771=EDGE_LOOP('',(#1915,#1916,#1917,#1918,#1919,#1920));
#3772=EDGE_LOOP('',(#1921,#1922,#1923));
#3773=EDGE_LOOP('',(#1924,#1925,#1926,#1927));
#3774=EDGE_LOOP('',(#1928,#1929,#1930,#1931,#1932,#1933));
#3775=EDGE_LOOP('',(#1934,#1935,#1936,#1937,#1938,#1939,#1940,#1941,#1942));
#3776=EDGE_LOOP('',(#1943,#1944,#1945,#1946));
#3777=EDGE_LOOP('',(#1947,#1948,#1949,#1950,#1951,#1952,#1953,#1954,#1955,
#1956,#1957,#1958,#1959,#1960,#1961,#1962,#1963,#1964,#1965,#1966));
#3778=EDGE_LOOP('',(#1967));
#3779=EDGE_LOOP('',(#1968,#1969,#1970));
#3780=EDGE_LOOP('',(#1971,#1972,#1973));
#3781=EDGE_LOOP('',(#1974,#1975,#1976,#1977,#1978,#1979,#1980,#1981,#1982));
#3782=EDGE_LOOP('',(#1983,#1984,#1985,#1986));
#3783=EDGE_LOOP('',(#1987,#1988,#1989,#1990));
#3784=EDGE_LOOP('',(#1991,#1992,#1993,#1994));
#3785=EDGE_LOOP('',(#1995,#1996,#1997,#1998,#1999,#2000));
#3786=EDGE_LOOP('',(#2001,#2002,#2003,#2004,#2005,#2006));
#3787=EDGE_LOOP('',(#2007,#2008,#2009,#2010,#2011,#2012));
#3788=EDGE_LOOP('',(#2013,#2014,#2015,#2016,#2017,#2018));
#3789=EDGE_LOOP('',(#2019,#2020,#2021,#2022));
#3790=EDGE_LOOP('',(#2023,#2024,#2025,#2026,#2027,#2028));
#3791=EDGE_LOOP('',(#2029,#2030,#2031,#2032,#2033,#2034));
#3792=EDGE_LOOP('',(#2035,#2036,#2037,#2038));
#3793=EDGE_LOOP('',(#2039,#2040,#2041,#2042,#2043,#2044,#2045,#2046,#2047,
#2048));
#3794=EDGE_LOOP('',(#2049,#2050,#2051,#2052));
#3795=EDGE_LOOP('',(#2053,#2054,#2055,#2056));
#3796=FACE_BOUND('',#3554,.T.);
#3797=FACE_BOUND('',#3555,.T.);
#3798=FACE_BOUND('',#3556,.T.);
#3799=FACE_BOUND('',#3557,.T.);
#3800=FACE_BOUND('',#3558,.T.);
#3801=FACE_BOUND('',#3559,.T.);
#3802=FACE_BOUND('',#3560,.T.);
#3803=FACE_BOUND('',#3561,.T.);
#3804=FACE_BOUND('',#3562,.T.);
#3805=FACE_BOUND('',#3563,.T.);
#3806=FACE_BOUND('',#3564,.T.);
#3807=FACE_BOUND('',#3565,.T.);
#3808=FACE_BOUND('',#3566,.T.);
#3809=FACE_BOUND('',#3567,.T.);
#3810=FACE_BOUND('',#3568,.T.);
#3811=FACE_BOUND('',#3569,.T.);
#3812=FACE_BOUND('',#3570,.T.);
#3813=FACE_BOUND('',#3571,.T.);
#3814=FACE_BOUND('',#3572,.T.);
#3815=FACE_BOUND('',#3573,.T.);
#3816=FACE_BOUND('',#3574,.T.);
#3817=FACE_BOUND('',#3575,.T.);
#3818=FACE_BOUND('',#3576,.T.);
#3819=FACE_BOUND('',#3577,.T.);
#3820=FACE_BOUND('',#3578,.T.);
#3821=FACE_BOUND('',#3579,.T.);
#3822=FACE_BOUND('',#3580,.T.);
#3823=FACE_BOUND('',#3581,.T.);
#3824=FACE_BOUND('',#3582,.T.);
#3825=FACE_BOUND('',#3583,.T.);
#3826=FACE_BOUND('',#3584,.T.);
#3827=FACE_BOUND('',#3585,.T.);
#3828=FACE_BOUND('',#3586,.T.);
#3829=FACE_BOUND('',#3587,.T.);
#3830=FACE_BOUND('',#3588,.T.);
#3831=FACE_BOUND('',#3589,.T.);
#3832=FACE_BOUND('',#3590,.T.);
#3833=FACE_BOUND('',#3591,.T.);
#3834=FACE_BOUND('',#3592,.T.);
#3835=FACE_BOUND('',#3593,.T.);
#3836=FACE_BOUND('',#3594,.T.);
#3837=FACE_BOUND('',#3595,.T.);
#3838=FACE_BOUND('',#3596,.T.);
#3839=FACE_BOUND('',#3597,.T.);
#3840=FACE_BOUND('',#3598,.T.);
#3841=FACE_BOUND('',#3599,.T.);
#3842=FACE_BOUND('',#3600,.T.);
#3843=FACE_BOUND('',#3601,.T.);
#3844=FACE_BOUND('',#3602,.T.);
#3845=FACE_BOUND('',#3603,.T.);
#3846=FACE_BOUND('',#3604,.T.);
#3847=FACE_BOUND('',#3605,.T.);
#3848=FACE_BOUND('',#3606,.T.);
#3849=FACE_BOUND('',#3607,.T.);
#3850=FACE_BOUND('',#3608,.T.);
#3851=FACE_BOUND('',#3609,.T.);
#3852=FACE_BOUND('',#3610,.T.);
#3853=FACE_BOUND('',#3611,.T.);
#3854=FACE_BOUND('',#3612,.T.);
#3855=FACE_BOUND('',#3613,.T.);
#3856=FACE_BOUND('',#3614,.T.);
#3857=FACE_BOUND('',#3615,.T.);
#3858=FACE_BOUND('',#3616,.T.);
#3859=FACE_BOUND('',#3617,.T.);
#3860=FACE_BOUND('',#3618,.T.);
#3861=FACE_BOUND('',#3619,.T.);
#3862=FACE_BOUND('',#3620,.T.);
#3863=FACE_BOUND('',#3621,.T.);
#3864=FACE_BOUND('',#3622,.T.);
#3865=FACE_BOUND('',#3623,.T.);
#3866=FACE_BOUND('',#3624,.T.);
#3867=FACE_BOUND('',#3625,.T.);
#3868=FACE_BOUND('',#3626,.T.);
#3869=FACE_BOUND('',#3627,.T.);
#3870=FACE_BOUND('',#3628,.T.);
#3871=FACE_BOUND('',#3629,.T.);
#3872=FACE_BOUND('',#3630,.T.);
#3873=FACE_BOUND('',#3631,.T.);
#3874=FACE_BOUND('',#3632,.T.);
#3875=FACE_BOUND('',#3633,.T.);
#3876=FACE_BOUND('',#3634,.T.);
#3877=FACE_BOUND('',#3635,.T.);
#3878=FACE_BOUND('',#3636,.T.);
#3879=FACE_BOUND('',#3637,.T.);
#3880=FACE_BOUND('',#3638,.T.);
#3881=FACE_BOUND('',#3639,.T.);
#3882=FACE_BOUND('',#3640,.T.);
#3883=FACE_BOUND('',#3641,.T.);
#3884=FACE_BOUND('',#3642,.T.);
#3885=FACE_BOUND('',#3643,.T.);
#3886=FACE_BOUND('',#3644,.T.);
#3887=FACE_BOUND('',#3645,.T.);
#3888=FACE_BOUND('',#3646,.T.);
#3889=FACE_BOUND('',#3647,.T.);
#3890=FACE_BOUND('',#3648,.T.);
#3891=FACE_BOUND('',#3649,.T.);
#3892=FACE_BOUND('',#3650,.T.);
#3893=FACE_BOUND('',#3651,.T.);
#3894=FACE_BOUND('',#3652,.T.);
#3895=FACE_BOUND('',#3653,.T.);
#3896=FACE_BOUND('',#3654,.T.);
#3897=FACE_BOUND('',#3655,.T.);
#3898=FACE_BOUND('',#3656,.T.);
#3899=FACE_BOUND('',#3657,.T.);
#3900=FACE_BOUND('',#3658,.T.);
#3901=FACE_BOUND('',#3659,.T.);
#3902=FACE_BOUND('',#3660,.T.);
#3903=FACE_BOUND('',#3661,.T.);
#3904=FACE_BOUND('',#3662,.T.);
#3905=FACE_BOUND('',#3663,.T.);
#3906=FACE_BOUND('',#3664,.T.);
#3907=FACE_BOUND('',#3665,.T.);
#3908=FACE_BOUND('',#3666,.T.);
#3909=FACE_BOUND('',#3667,.T.);
#3910=FACE_BOUND('',#3668,.T.);
#3911=FACE_BOUND('',#3669,.T.);
#3912=FACE_BOUND('',#3670,.T.);
#3913=FACE_BOUND('',#3671,.T.);
#3914=FACE_BOUND('',#3672,.T.);
#3915=FACE_BOUND('',#3673,.T.);
#3916=FACE_BOUND('',#3674,.T.);
#3917=FACE_BOUND('',#3675,.T.);
#3918=FACE_BOUND('',#3676,.T.);
#3919=FACE_BOUND('',#3677,.T.);
#3920=FACE_BOUND('',#3678,.T.);
#3921=FACE_BOUND('',#3679,.T.);
#3922=FACE_BOUND('',#3680,.T.);
#3923=FACE_BOUND('',#3681,.T.);
#3924=FACE_BOUND('',#3682,.T.);
#3925=FACE_BOUND('',#3683,.T.);
#3926=FACE_BOUND('',#3684,.T.);
#3927=FACE_BOUND('',#3685,.T.);
#3928=FACE_BOUND('',#3686,.T.);
#3929=FACE_BOUND('',#3687,.T.);
#3930=FACE_BOUND('',#3688,.T.);
#3931=FACE_BOUND('',#3689,.T.);
#3932=FACE_BOUND('',#3690,.T.);
#3933=FACE_BOUND('',#3691,.T.);
#3934=FACE_BOUND('',#3692,.T.);
#3935=FACE_BOUND('',#3693,.T.);
#3936=FACE_BOUND('',#3694,.T.);
#3937=FACE_BOUND('',#3695,.T.);
#3938=FACE_BOUND('',#3696,.T.);
#3939=FACE_BOUND('',#3697,.T.);
#3940=FACE_BOUND('',#3698,.T.);
#3941=FACE_BOUND('',#3699,.T.);
#3942=FACE_BOUND('',#3700,.T.);
#3943=FACE_BOUND('',#3701,.T.);
#3944=FACE_BOUND('',#3702,.T.);
#3945=FACE_BOUND('',#3703,.T.);
#3946=FACE_BOUND('',#3704,.T.);
#3947=FACE_BOUND('',#3705,.T.);
#3948=FACE_BOUND('',#3706,.T.);
#3949=FACE_BOUND('',#3707,.T.);
#3950=FACE_BOUND('',#3708,.T.);
#3951=FACE_BOUND('',#3709,.T.);
#3952=FACE_BOUND('',#3710,.T.);
#3953=FACE_BOUND('',#3711,.T.);
#3954=FACE_BOUND('',#3712,.T.);
#3955=FACE_BOUND('',#3713,.T.);
#3956=FACE_BOUND('',#3714,.T.);
#3957=FACE_BOUND('',#3715,.T.);
#3958=FACE_BOUND('',#3716,.T.);
#3959=FACE_BOUND('',#3717,.T.);
#3960=FACE_BOUND('',#3718,.T.);
#3961=FACE_BOUND('',#3719,.T.);
#3962=FACE_BOUND('',#3720,.T.);
#3963=FACE_BOUND('',#3721,.T.);
#3964=FACE_BOUND('',#3722,.T.);
#3965=FACE_BOUND('',#3723,.T.);
#3966=FACE_BOUND('',#3724,.T.);
#3967=FACE_BOUND('',#3725,.T.);
#3968=FACE_BOUND('',#3726,.T.);
#3969=FACE_BOUND('',#3727,.T.);
#3970=FACE_BOUND('',#3728,.T.);
#3971=FACE_BOUND('',#3729,.T.);
#3972=FACE_BOUND('',#3730,.T.);
#3973=FACE_BOUND('',#3731,.T.);
#3974=FACE_BOUND('',#3732,.T.);
#3975=FACE_BOUND('',#3733,.T.);
#3976=FACE_BOUND('',#3734,.T.);
#3977=FACE_BOUND('',#3735,.T.);
#3978=FACE_BOUND('',#3736,.T.);
#3979=FACE_BOUND('',#3737,.T.);
#3980=FACE_BOUND('',#3738,.T.);
#3981=FACE_BOUND('',#3739,.T.);
#3982=FACE_BOUND('',#3740,.T.);
#3983=FACE_BOUND('',#3741,.T.);
#3984=FACE_BOUND('',#3742,.T.);
#3985=FACE_BOUND('',#3743,.T.);
#3986=FACE_BOUND('',#3744,.T.);
#3987=FACE_BOUND('',#3745,.T.);
#3988=FACE_BOUND('',#3746,.T.);
#3989=FACE_BOUND('',#3747,.T.);
#3990=FACE_BOUND('',#3748,.T.);
#3991=FACE_BOUND('',#3749,.T.);
#3992=FACE_BOUND('',#3750,.T.);
#3993=FACE_BOUND('',#3751,.T.);
#3994=FACE_BOUND('',#3752,.T.);
#3995=FACE_BOUND('',#3753,.T.);
#3996=FACE_BOUND('',#3754,.T.);
#3997=FACE_BOUND('',#3755,.T.);
#3998=FACE_BOUND('',#3756,.T.);
#3999=FACE_BOUND('',#3757,.T.);
#4000=FACE_BOUND('',#3758,.T.);
#4001=FACE_BOUND('',#3759,.T.);
#4002=FACE_BOUND('',#3760,.T.);
#4003=FACE_BOUND('',#3761,.T.);
#4004=FACE_BOUND('',#3762,.T.);
#4005=FACE_BOUND('',#3763,.T.);
#4006=FACE_BOUND('',#3764,.T.);
#4007=FACE_BOUND('',#3765,.T.);
#4008=FACE_BOUND('',#3766,.T.);
#4009=FACE_BOUND('',#3767,.T.);
#4010=FACE_BOUND('',#3768,.T.);
#4011=FACE_BOUND('',#3769,.T.);
#4012=FACE_BOUND('',#3770,.T.);
#4013=FACE_BOUND('',#3771,.T.);
#4014=FACE_BOUND('',#3772,.T.);
#4015=FACE_BOUND('',#3773,.T.);
#4016=FACE_BOUND('',#3774,.T.);
#4017=FACE_BOUND('',#3775,.T.);
#4018=FACE_BOUND('',#3776,.T.);
#4019=FACE_BOUND('',#3777,.T.);
#4020=FACE_BOUND('',#3778,.T.);
#4021=FACE_BOUND('',#3779,.T.);
#4022=FACE_BOUND('',#3780,.T.);
#4023=FACE_BOUND('',#3781,.T.);
#4024=FACE_BOUND('',#3782,.T.);
#4025=FACE_BOUND('',#3783,.T.);
#4026=FACE_BOUND('',#3784,.T.);
#4027=FACE_BOUND('',#3785,.T.);
#4028=FACE_BOUND('',#3786,.T.);
#4029=FACE_BOUND('',#3787,.T.);
#4030=FACE_BOUND('',#3788,.T.);
#4031=FACE_BOUND('',#3789,.T.);
#4032=FACE_BOUND('',#3790,.T.);
#4033=FACE_BOUND('',#3791,.T.);
#4034=FACE_BOUND('',#3792,.T.);
#4035=FACE_BOUND('',#3793,.T.);
#4036=FACE_BOUND('',#3794,.T.);
#4037=FACE_BOUND('',#3795,.T.);
#4038=PLANE('',#4463);
#4039=PLANE('',#4467);
#4040=PLANE('',#4468);
#4041=PLANE('',#4469);
#4042=PLANE('',#4487);
#4043=PLANE('',#4488);
#4044=PLANE('',#4489);
#4045=PLANE('',#4490);
#4046=PLANE('',#4491);
#4047=PLANE('',#4492);
#4048=PLANE('',#4493);
#4049=PLANE('',#4498);
#4050=PLANE('',#4499);
#4051=PLANE('',#4500);
#4052=PLANE('',#4504);
#4053=PLANE('',#4506);
#4054=PLANE('',#4509);
#4055=PLANE('',#4510);
#4056=PLANE('',#4511);
#4057=PLANE('',#4512);
#4058=PLANE('',#4514);
#4059=PLANE('',#4515);
#4060=PLANE('',#4519);
#4061=PLANE('',#4534);
#4062=PLANE('',#4548);
#4063=PLANE('',#4551);
#4064=PLANE('',#4552);
#4065=PLANE('',#4553);
#4066=PLANE('',#4554);
#4067=PLANE('',#4555);
#4068=PLANE('',#4556);
#4069=PLANE('',#4557);
#4070=PLANE('',#4558);
#4071=PLANE('',#4564);
#4072=PLANE('',#4565);
#4073=PLANE('',#4567);
#4074=PLANE('',#4570);
#4075=PLANE('',#4571);
#4076=PLANE('',#4572);
#4077=PLANE('',#4573);
#4078=PLANE('',#4574);
#4079=PLANE('',#4575);
#4080=PLANE('',#4576);
#4081=PLANE('',#4577);
#4082=PLANE('',#4578);
#4083=PLANE('',#4579);
#4084=PLANE('',#4580);
#4085=PLANE('',#4587);
#4086=PLANE('',#4588);
#4087=PLANE('',#4603);
#4088=PLANE('',#4605);
#4089=PLANE('',#4606);
#4090=PLANE('',#4607);
#4091=PLANE('',#4608);
#4092=PLANE('',#4611);
#4093=PLANE('',#4612);
#4094=PLANE('',#4613);
#4095=PLANE('',#4614);
#4096=PLANE('',#4615);
#4097=PLANE('',#4616);
#4098=PLANE('',#4617);
#4099=PLANE('',#4618);
#4100=PLANE('',#4619);
#4101=PLANE('',#4620);
#4102=PLANE('',#4621);
#4103=PLANE('',#4622);
#4104=PLANE('',#4623);
#4105=PLANE('',#4624);
#4106=PLANE('',#4625);
#4107=PLANE('',#4626);
#4108=PLANE('',#4627);
#4109=PLANE('',#4628);
#4110=PLANE('',#4629);
#4111=PLANE('',#4630);
#4112=PLANE('',#4631);
#4113=PLANE('',#4632);
#4114=PLANE('',#4633);
#4115=PLANE('',#4635);
#4116=PLANE('',#4636);
#4117=PLANE('',#4637);
#4118=PLANE('',#4638);
#4119=PLANE('',#4639);
#4120=PLANE('',#4640);
#4121=PLANE('',#4641);
#4122=PLANE('',#4642);
#4123=PLANE('',#4643);
#4124=PLANE('',#4644);
#4125=PLANE('',#4645);
#4126=PLANE('',#4646);
#4127=PLANE('',#4647);
#4128=PLANE('',#4648);
#4129=PLANE('',#4649);
#4130=PLANE('',#4650);
#4131=PLANE('',#4651);
#4132=PLANE('',#4652);
#4133=PLANE('',#4653);
#4134=PLANE('',#4654);
#4135=PLANE('',#4656);
#4136=PLANE('',#4657);
#4137=PLANE('',#4658);
#4138=PLANE('',#4659);
#4139=PLANE('',#4660);
#4140=PLANE('',#4661);
#4141=PLANE('',#4662);
#4142=PLANE('',#4663);
#4143=PLANE('',#4664);
#4144=PLANE('',#4665);
#4145=PLANE('',#4666);
#4146=PLANE('',#4667);
#4147=PLANE('',#4668);
#4148=PLANE('',#4669);
#4149=PLANE('',#4670);
#4150=PLANE('',#4671);
#4151=PLANE('',#4672);
#4152=PLANE('',#4673);
#4153=PLANE('',#4674);
#4154=PLANE('',#4675);
#4155=PLANE('',#4676);
#4156=PLANE('',#4679);
#4157=PLANE('',#4680);
#4158=PLANE('',#4684);
#4159=PLANE('',#4685);
#4160=PLANE('',#4687);
#4161=PLANE('',#4688);
#4162=PLANE('',#4689);
#4163=PLANE('',#4690);
#4164=PLANE('',#4692);
#4165=PLANE('',#4693);
#4166=PLANE('',#4697);
#4167=PLANE('',#4698);
#4168=PLANE('',#4700);
#4169=PLANE('',#4701);
#4170=PLANE('',#4702);
#4171=PLANE('',#4703);
#4172=PLANE('',#4704);
#4173=PLANE('',#4706);
#4174=PLANE('',#4707);
#4175=PLANE('',#4708);
#4176=PLANE('',#4709);
#4177=PLANE('',#4713);
#4178=PLANE('',#4714);
#4179=PLANE('',#4715);
#4180=PLANE('',#4716);
#4181=PLANE('',#4717);
#4182=PLANE('',#4718);
#4183=PLANE('',#4727);
#4184=PLANE('',#4728);
#4185=PLANE('',#4729);
#4186=PLANE('',#4730);
#4187=PLANE('',#4731);
#4188=PLANE('',#4732);
#4189=PLANE('',#4733);
#4190=PLANE('',#4735);
#4191=PLANE('',#4736);
#4192=PLANE('',#4737);
#4193=PLANE('',#4738);
#4194=PLANE('',#4739);
#4195=PLANE('',#4740);
#4196=PLANE('',#4741);
#4197=PLANE('',#4742);
#4198=PLANE('',#4743);
#4199=PLANE('',#4744);
#4200=PLANE('',#4745);
#4201=PLANE('',#4749);
#4202=PLANE('',#4750);
#4203=PLANE('',#4754);
#4204=PLANE('',#4755);
#4205=PLANE('',#4756);
#4206=PLANE('',#4757);
#4207=PLANE('',#4761);
#4208=PLANE('',#4765);
#4209=PLANE('',#4766);
#4210=PLANE('',#4767);
#4211=PLANE('',#4768);
#4212=PLANE('',#4772);
#4213=PLANE('',#4773);
#4214=PLANE('',#4774);
#4215=PLANE('',#4775);
#4216=PLANE('',#4776);
#4217=ADVANCED_FACE('',(#3796),#4038,.F.);
#4218=ADVANCED_FACE('',(#3797),#723,.F.);
#4219=ADVANCED_FACE('',(#3798),#4039,.F.);
#4220=ADVANCED_FACE('',(#3799),#4040,.F.);
#4221=ADVANCED_FACE('',(#3800,#3801),#4041,.F.);
#4222=ADVANCED_FACE('',(#3802),#724,.F.);
#4223=ADVANCED_FACE('',(#3803),#725,.F.);
#4224=ADVANCED_FACE('',(#3804),#726,.F.);
#4225=ADVANCED_FACE('',(#3805),#727,.F.);
#4226=ADVANCED_FACE('',(#3806),#4042,.F.);
#4227=ADVANCED_FACE('',(#3807),#4043,.F.);
#4228=ADVANCED_FACE('',(#3808),#4044,.F.);
#4229=ADVANCED_FACE('',(#3809),#4045,.T.);
#4230=ADVANCED_FACE('',(#3810),#4046,.F.);
#4231=ADVANCED_FACE('',(#3811),#4047,.F.);
#4232=ADVANCED_FACE('',(#3812),#4048,.T.);
#4233=ADVANCED_FACE('',(#3813),#728,.F.);
#4234=ADVANCED_FACE('',(#3814),#729,.F.);
#4235=ADVANCED_FACE('',(#3815),#4049,.T.);
#4236=ADVANCED_FACE('',(#3816),#4050,.F.);
#4237=ADVANCED_FACE('',(#3817,#3818),#4051,.T.);
#4238=ADVANCED_FACE('',(#3819),#4052,.T.);
#4239=ADVANCED_FACE('',(#3820),#730,.F.);
#4240=ADVANCED_FACE('',(#3821),#4053,.T.);
#4241=ADVANCED_FACE('',(#3822),#731,.F.);
#4242=ADVANCED_FACE('',(#3823),#732,.F.);
#4243=ADVANCED_FACE('',(#3824),#4054,.T.);
#4244=ADVANCED_FACE('',(#3825),#4055,.T.);
#4245=ADVANCED_FACE('',(#3826),#4056,.T.);
#4246=ADVANCED_FACE('',(#3827),#4057,.T.);
#4247=ADVANCED_FACE('',(#3828),#4058,.T.);
#4248=ADVANCED_FACE('',(#3829),#4059,.F.);
#4249=ADVANCED_FACE('',(#3830),#733,.F.);
#4250=ADVANCED_FACE('',(#3831),#4060,.F.);
#4251=ADVANCED_FACE('',(#3832),#20,.T.);
#4252=ADVANCED_FACE('',(#3833),#21,.T.);
#4253=ADVANCED_FACE('',(#3834),#18,.T.);
#4254=ADVANCED_FACE('',(#3835),#19,.T.);
#4255=ADVANCED_FACE('',(#3836,#3837),#4061,.F.);
#4256=ADVANCED_FACE('',(#3838),#734,.F.);
#4257=ADVANCED_FACE('',(#3839),#735,.T.);
#4258=ADVANCED_FACE('',(#3840),#736,.T.);
#4259=ADVANCED_FACE('',(#3841),#737,.T.);
#4260=ADVANCED_FACE('',(#3842),#4062,.T.);
#4261=ADVANCED_FACE('',(#3843),#738,.T.);
#4262=ADVANCED_FACE('',(#3844),#4063,.F.);
#4263=ADVANCED_FACE('',(#3845,#3846),#4064,.F.);
#4264=ADVANCED_FACE('',(#3847),#4065,.T.);
#4265=ADVANCED_FACE('',(#3848),#4066,.T.);
#4266=ADVANCED_FACE('',(#3849),#4067,.T.);
#4267=ADVANCED_FACE('',(#3850),#4068,.F.);
#4268=ADVANCED_FACE('',(#3851),#4069,.F.);
#4269=ADVANCED_FACE('',(#3852),#4070,.F.);
#4270=ADVANCED_FACE('',(#3853),#739,.T.);
#4271=ADVANCED_FACE('',(#3854),#740,.T.);
#4272=ADVANCED_FACE('',(#3855),#4071,.F.);
#4273=ADVANCED_FACE('',(#3856,#3857),#4072,.T.);
#4274=ADVANCED_FACE('',(#3858),#4073,.T.);
#4275=ADVANCED_FACE('',(#3859),#741,.T.);
#4276=ADVANCED_FACE('',(#3860),#4074,.F.);
#4277=ADVANCED_FACE('',(#3861),#4075,.F.);
#4278=ADVANCED_FACE('',(#3862),#4076,.F.);
#4279=ADVANCED_FACE('',(#3863),#4077,.F.);
#4280=ADVANCED_FACE('',(#3864),#4078,.F.);
#4281=ADVANCED_FACE('',(#3865),#4079,.T.);
#4282=ADVANCED_FACE('',(#3866),#4080,.T.);
#4283=ADVANCED_FACE('',(#3867),#4081,.T.);
#4284=ADVANCED_FACE('',(#3868),#4082,.T.);
#4285=ADVANCED_FACE('',(#3869),#4083,.F.);
#4286=ADVANCED_FACE('',(#3870,#3871),#4084,.F.);
#4287=ADVANCED_FACE('',(#3872),#4085,.F.);
#4288=ADVANCED_FACE('',(#3873),#4086,.T.);
#4289=ADVANCED_FACE('',(#3874),#742,.T.);
#4290=ADVANCED_FACE('',(#3875),#743,.T.);
#4291=ADVANCED_FACE('',(#3876),#744,.T.);
#4292=ADVANCED_FACE('',(#3877),#745,.T.);
#4293=ADVANCED_FACE('',(#3878),#746,.T.);
#4294=ADVANCED_FACE('',(#3879),#747,.T.);
#4295=ADVANCED_FACE('',(#3880),#748,.T.);
#4296=ADVANCED_FACE('',(#3881),#4087,.T.);
#4297=ADVANCED_FACE('',(#3882),#4088,.T.);
#4298=ADVANCED_FACE('',(#3883),#4089,.T.);
#4299=ADVANCED_FACE('',(#3884),#4090,.F.);
#4300=ADVANCED_FACE('',(#3885),#4091,.T.);
#4301=ADVANCED_FACE('',(#3886),#749,.T.);
#4302=ADVANCED_FACE('',(#3887),#4092,.F.);
#4303=ADVANCED_FACE('',(#3888),#4093,.F.);
#4304=ADVANCED_FACE('',(#3889),#4094,.F.);
#4305=ADVANCED_FACE('',(#3890),#4095,.T.);
#4306=ADVANCED_FACE('',(#3891),#4096,.T.);
#4307=ADVANCED_FACE('',(#3892),#4097,.F.);
#4308=ADVANCED_FACE('',(#3893),#4098,.T.);
#4309=ADVANCED_FACE('',(#3894),#4099,.T.);
#4310=ADVANCED_FACE('',(#3895),#4100,.F.);
#4311=ADVANCED_FACE('',(#3896),#4101,.F.);
#4312=ADVANCED_FACE('',(#3897),#4102,.T.);
#4313=ADVANCED_FACE('',(#3898),#4103,.F.);
#4314=ADVANCED_FACE('',(#3899),#4104,.T.);
#4315=ADVANCED_FACE('',(#3900),#4105,.F.);
#4316=ADVANCED_FACE('',(#3901),#4106,.F.);
#4317=ADVANCED_FACE('',(#3902),#4107,.F.);
#4318=ADVANCED_FACE('',(#3903),#4108,.T.);
#4319=ADVANCED_FACE('',(#3904),#4109,.T.);
#4320=ADVANCED_FACE('',(#3905),#4110,.F.);
#4321=ADVANCED_FACE('',(#3906),#4111,.F.);
#4322=ADVANCED_FACE('',(#3907),#4112,.T.);
#4323=ADVANCED_FACE('',(#3908),#4113,.T.);
#4324=ADVANCED_FACE('',(#3909),#4114,.T.);
#4325=ADVANCED_FACE('',(#3910),#750,.F.);
#4326=ADVANCED_FACE('',(#3911,#3912),#4115,.T.);
#4327=ADVANCED_FACE('',(#3913),#4116,.T.);
#4328=ADVANCED_FACE('',(#3914),#4117,.F.);
#4329=ADVANCED_FACE('',(#3915),#4118,.T.);
#4330=ADVANCED_FACE('',(#3916),#4119,.F.);
#4331=ADVANCED_FACE('',(#3917),#4120,.F.);
#4332=ADVANCED_FACE('',(#3918),#4121,.F.);
#4333=ADVANCED_FACE('',(#3919),#4122,.T.);
#4334=ADVANCED_FACE('',(#3920),#4123,.F.);
#4335=ADVANCED_FACE('',(#3921),#4124,.F.);
#4336=ADVANCED_FACE('',(#3922),#4125,.T.);
#4337=ADVANCED_FACE('',(#3923),#4126,.F.);
#4338=ADVANCED_FACE('',(#3924),#4127,.F.);
#4339=ADVANCED_FACE('',(#3925),#4128,.T.);
#4340=ADVANCED_FACE('',(#3926),#4129,.T.);
#4341=ADVANCED_FACE('',(#3927),#4130,.F.);
#4342=ADVANCED_FACE('',(#3928),#4131,.F.);
#4343=ADVANCED_FACE('',(#3929),#4132,.F.);
#4344=ADVANCED_FACE('',(#3930),#4133,.F.);
#4345=ADVANCED_FACE('',(#3931,#3932,#3933,#3934,#3935,#3936),#4134,.T.);
#4346=ADVANCED_FACE('',(#3937),#4135,.T.);
#4347=ADVANCED_FACE('',(#3938),#4136,.F.);
#4348=ADVANCED_FACE('',(#3939),#4137,.F.);
#4349=ADVANCED_FACE('',(#3940),#4138,.T.);
#4350=ADVANCED_FACE('',(#3941),#4139,.T.);
#4351=ADVANCED_FACE('',(#3942),#4140,.T.);
#4352=ADVANCED_FACE('',(#3943),#4141,.T.);
#4353=ADVANCED_FACE('',(#3944),#4142,.F.);
#4354=ADVANCED_FACE('',(#3945),#4143,.T.);
#4355=ADVANCED_FACE('',(#3946),#4144,.F.);
#4356=ADVANCED_FACE('',(#3947),#4145,.T.);
#4357=ADVANCED_FACE('',(#3948),#4146,.F.);
#4358=ADVANCED_FACE('',(#3949),#4147,.T.);
#4359=ADVANCED_FACE('',(#3950),#4148,.T.);
#4360=ADVANCED_FACE('',(#3951),#4149,.T.);
#4361=ADVANCED_FACE('',(#3952),#4150,.F.);
#4362=ADVANCED_FACE('',(#3953),#4151,.T.);
#4363=ADVANCED_FACE('',(#3954),#4152,.T.);
#4364=ADVANCED_FACE('',(#3955),#4153,.T.);
#4365=ADVANCED_FACE('',(#3956),#4154,.F.);
#4366=ADVANCED_FACE('',(#3957),#4155,.F.);
#4367=ADVANCED_FACE('',(#3958),#751,.T.);
#4368=ADVANCED_FACE('',(#3959),#4156,.T.);
#4369=ADVANCED_FACE('',(#3960),#4157,.T.);
#4370=ADVANCED_FACE('',(#3961),#752,.T.);
#4371=ADVANCED_FACE('',(#3962),#4158,.F.);
#4372=ADVANCED_FACE('',(#3963),#4159,.F.);
#4373=ADVANCED_FACE('',(#3964),#4160,.F.);
#4374=ADVANCED_FACE('',(#3965),#4161,.T.);
#4375=ADVANCED_FACE('',(#3966),#4162,.T.);
#4376=ADVANCED_FACE('',(#3967),#4163,.F.);
#4377=ADVANCED_FACE('',(#3968),#753,.T.);
#4378=ADVANCED_FACE('',(#3969),#4164,.T.);
#4379=ADVANCED_FACE('',(#3970),#4165,.F.);
#4380=ADVANCED_FACE('',(#3971),#754,.T.);
#4381=ADVANCED_FACE('',(#3972),#4166,.T.);
#4382=ADVANCED_FACE('',(#3973),#4167,.F.);
#4383=ADVANCED_FACE('',(#3974),#4168,.T.);
#4384=ADVANCED_FACE('',(#3975),#4169,.F.);
#4385=ADVANCED_FACE('',(#3976),#4170,.T.);
#4386=ADVANCED_FACE('',(#3977),#4171,.F.);
#4387=ADVANCED_FACE('',(#3978),#4172,.T.);
#4388=ADVANCED_FACE('',(#3979),#755,.T.);
#4389=ADVANCED_FACE('',(#3980),#4173,.F.);
#4390=ADVANCED_FACE('',(#3981),#4174,.F.);
#4391=ADVANCED_FACE('',(#3982),#4175,.T.);
#4392=ADVANCED_FACE('',(#3983),#4176,.F.);
#4393=ADVANCED_FACE('',(#3984),#756,.T.);
#4394=ADVANCED_FACE('',(#3985),#757,.T.);
#4395=ADVANCED_FACE('',(#3986),#4177,.T.);
#4396=ADVANCED_FACE('',(#3987),#4178,.T.);
#4397=ADVANCED_FACE('',(#3988),#4179,.T.);
#4398=ADVANCED_FACE('',(#3989),#4180,.F.);
#4399=ADVANCED_FACE('',(#3990),#4181,.F.);
#4400=ADVANCED_FACE('',(#3991),#4182,.T.);
#4401=ADVANCED_FACE('',(#3992),#758,.T.);
#4402=ADVANCED_FACE('',(#3993),#759,.F.);
#4403=ADVANCED_FACE('',(#3994),#760,.F.);
#4404=ADVANCED_FACE('',(#3995),#4183,.T.);
#4405=ADVANCED_FACE('',(#3996),#4184,.F.);
#4406=ADVANCED_FACE('',(#3997),#4185,.F.);
#4407=ADVANCED_FACE('',(#3998),#4186,.T.);
#4408=ADVANCED_FACE('',(#3999),#4187,.T.);
#4409=ADVANCED_FACE('',(#4000,#4001),#4188,.T.);
#4410=ADVANCED_FACE('',(#4002),#4189,.F.);
#4411=ADVANCED_FACE('',(#4003),#761,.F.);
#4412=ADVANCED_FACE('',(#4004),#4190,.T.);
#4413=ADVANCED_FACE('',(#4005),#4191,.T.);
#4414=ADVANCED_FACE('',(#4006),#4192,.F.);
#4415=ADVANCED_FACE('',(#4007),#4193,.F.);
#4416=ADVANCED_FACE('',(#4008),#4194,.F.);
#4417=ADVANCED_FACE('',(#4009),#4195,.F.);
#4418=ADVANCED_FACE('',(#4010),#4196,.F.);
#4419=ADVANCED_FACE('',(#4011),#4197,.F.);
#4420=ADVANCED_FACE('',(#4012),#4198,.T.);
#4421=ADVANCED_FACE('',(#4013),#4199,.T.);
#4422=ADVANCED_FACE('',(#4014),#4200,.T.);
#4423=ADVANCED_FACE('',(#4015),#762,.F.);
#4424=ADVANCED_FACE('',(#4016),#4201,.F.);
#4425=ADVANCED_FACE('',(#4017),#4202,.T.);
#4426=ADVANCED_FACE('',(#4018),#763,.F.);
#4427=ADVANCED_FACE('',(#4019,#4020),#4203,.T.);
#4428=ADVANCED_FACE('',(#4021),#4204,.T.);
#4429=ADVANCED_FACE('',(#4022),#4205,.T.);
#4430=ADVANCED_FACE('',(#4023),#4206,.F.);
#4431=ADVANCED_FACE('',(#4024),#764,.F.);
#4432=ADVANCED_FACE('',(#4025),#4207,.T.);
#4433=ADVANCED_FACE('',(#4026),#765,.F.);
#4434=ADVANCED_FACE('',(#4027),#4208,.F.);
#4435=ADVANCED_FACE('',(#4028),#4209,.T.);
#4436=ADVANCED_FACE('',(#4029),#4210,.T.);
#4437=ADVANCED_FACE('',(#4030),#4211,.T.);
#4438=ADVANCED_FACE('',(#4031),#766,.F.);
#4439=ADVANCED_FACE('',(#4032),#4212,.T.);
#4440=ADVANCED_FACE('',(#4033),#4213,.T.);
#4441=ADVANCED_FACE('',(#4034),#4214,.T.);
#4442=ADVANCED_FACE('',(#4035),#4215,.T.);
#4443=ADVANCED_FACE('',(#4036),#4216,.F.);
#4444=ADVANCED_FACE('',(#4037),#767,.F.);
#4445=CLOSED_SHELL('',(#4217,#4218,#4219,#4220,#4221,#4222,#4223,#4224,
#4225,#4226,#4227,#4228,#4229,#4230,#4231,#4232,#4233,#4234,#4235,#4236,
#4237,#4238,#4239,#4240,#4241,#4242,#4243,#4244,#4245,#4246));
#4446=SHELL_BASED_SURFACE_MODEL('',(#4445));
#4447=SHELL_BASED_SURFACE_MODEL('',(#591));
#4448=SHELL_BASED_SURFACE_MODEL('',(#592));
#4449=SHELL_BASED_SURFACE_MODEL('',(#593));
#4450=SHELL_BASED_SURFACE_MODEL('',(#594));
#4451=SHELL_BASED_SURFACE_MODEL('',(#595));
#4452=SHELL_BASED_SURFACE_MODEL('',(#596));
#4453=SHELL_BASED_SURFACE_MODEL('',(#597));
#4454=SHAPE_DEFINITION_REPRESENTATION(#7918,#4458);
#4455=SHAPE_DEFINITION_REPRESENTATION(#7919,#4459);
#4456=SHAPE_DEFINITION_REPRESENTATION(#7921,#4460);
#4457=SHAPE_DEFINITION_REPRESENTATION(#7923,#4461);
#4458=SHAPE_REPRESENTATION('PTS815SJM250SMTRLFS',(#4462,#4513,#4604,#4778),
#7907);
#4459=SHAPE_REPRESENTATION('PTS815SJM250SMTRLFS_PART1',(#4462),#7908);
#4460=SHAPE_REPRESENTATION('PTS815SJM250SMTRLFS_PART2',(#4462),#7909);
#4461=SHAPE_REPRESENTATION('PTS815SJM250SMTRLFS_PART3',(#4462),#7910);
#4462=AXIS2_PLACEMENT_3D('',#5522,#4779,#4780);
#4463=AXIS2_PLACEMENT_3D('',#5523,#4781,#4782);
#4464=AXIS2_PLACEMENT_3D('',#5532,#4787,#4788);
#4465=AXIS2_PLACEMENT_3D('',#5533,#4789,#4790);
#4466=AXIS2_PLACEMENT_3D('',#5537,#4792,#4793);
#4467=AXIS2_PLACEMENT_3D('',#5538,#4794,#4795);
#4468=AXIS2_PLACEMENT_3D('',#5547,#4800,#4801);
#4469=AXIS2_PLACEMENT_3D('',#5556,#4806,#4807);
#4470=AXIS2_PLACEMENT_3D('',#5557,#4808,#4809);
#4471=AXIS2_PLACEMENT_3D('',#5567,#4814,#4815);
#4472=AXIS2_PLACEMENT_3D('',#5571,#4817,#4818);
#4473=AXIS2_PLACEMENT_3D('',#5579,#4822,#4823);
#4474=AXIS2_PLACEMENT_3D('',#5583,#4825,#4826);
#4475=AXIS2_PLACEMENT_3D('',#5591,#4830,#4831);
#4476=AXIS2_PLACEMENT_3D('',#5592,#4832,#4833);
#4477=AXIS2_PLACEMENT_3D('',#5600,#4837,#4838);
#4478=AXIS2_PLACEMENT_3D('',#5601,#4839,#4840);
#4479=AXIS2_PLACEMENT_3D('',#5602,#4841,#4842);
#4480=AXIS2_PLACEMENT_3D('',#5605,#4844,#4845);
#4481=AXIS2_PLACEMENT_3D('',#5606,#4846,#4847);
#4482=AXIS2_PLACEMENT_3D('',#5609,#4849,#4850);
#4483=AXIS2_PLACEMENT_3D('',#5610,#4851,#4852);
#4484=AXIS2_PLACEMENT_3D('',#5613,#4854,#4855);
#4485=AXIS2_PLACEMENT_3D('',#5614,#4856,#4857);
#4486=AXIS2_PLACEMENT_3D('',#5617,#4859,#4860);
#4487=AXIS2_PLACEMENT_3D('',#5618,#4861,#4862);
#4488=AXIS2_PLACEMENT_3D('',#5622,#4865,#4866);
#4489=AXIS2_PLACEMENT_3D('',#5626,#4869,#4870);
#4490=AXIS2_PLACEMENT_3D('',#5630,#4873,#4874);
#4491=AXIS2_PLACEMENT_3D('',#5634,#4877,#4878);
#4492=AXIS2_PLACEMENT_3D('',#5636,#4880,#4881);
#4493=AXIS2_PLACEMENT_3D('',#5640,#4884,#4885);
#4494=AXIS2_PLACEMENT_3D('',#5646,#4889,#4890);
#4495=AXIS2_PLACEMENT_3D('',#5649,#4892,#4893);
#4496=AXIS2_PLACEMENT_3D('',#5650,#4894,#4895);
#4497=AXIS2_PLACEMENT_3D('',#5653,#4897,#4898);
#4498=AXIS2_PLACEMENT_3D('',#5654,#4899,#4900);
#4499=AXIS2_PLACEMENT_3D('',#5656,#4902,#4903);
#4500=AXIS2_PLACEMENT_3D('',#5660,#4906,#4907);
#4501=AXIS2_PLACEMENT_3D('',#5665,#4910,#4911);
#4502=AXIS2_PLACEMENT_3D('',#5669,#4913,#4914);
#4503=AXIS2_PLACEMENT_3D('',#5674,#4917,#4918);
#4504=AXIS2_PLACEMENT_3D('',#5677,#4920,#4921);
#4505=AXIS2_PLACEMENT_3D('',#5679,#4923,#4924);
#4506=AXIS2_PLACEMENT_3D('',#5681,#4926,#4927);
#4507=AXIS2_PLACEMENT_3D('',#5684,#4930,#4931);
#4508=AXIS2_PLACEMENT_3D('',#5686,#4933,#4934);
#4509=AXIS2_PLACEMENT_3D('',#5688,#4936,#4937);
#4510=AXIS2_PLACEMENT_3D('',#5689,#4938,#4939);
#4511=AXIS2_PLACEMENT_3D('',#5691,#4941,#4942);
#4512=AXIS2_PLACEMENT_3D('',#5692,#4943,#4944);
#4513=AXIS2_PLACEMENT_3D('',#5693,#4945,#4946);
#4514=AXIS2_PLACEMENT_3D('',#5694,#4947,#4948);
#4515=AXIS2_PLACEMENT_3D('',#5706,#4950,#4951);
#4516=AXIS2_PLACEMENT_3D('',#5713,#4954,#4955);
#4517=AXIS2_PLACEMENT_3D('',#5714,#4956,#4957);
#4518=AXIS2_PLACEMENT_3D('',#5722,#4958,#4959);
#4519=AXIS2_PLACEMENT_3D('',#5728,#4960,#4961);
#4520=AXIS2_PLACEMENT_3D('',#5729,#4962,#4963);
#4521=AXIS2_PLACEMENT_3D('',#5732,#4964,#4965);
#4522=AXIS2_PLACEMENT_3D('',#5733,#4966,#4967);
#4523=AXIS2_PLACEMENT_3D('',#5734,#4968,#4969);
#4524=AXIS2_PLACEMENT_3D('',#5736,#4970,#4971);
#4525=AXIS2_PLACEMENT_3D('',#5738,#4972,#4973);
#4526=AXIS2_PLACEMENT_3D('',#5739,#4974,#4975);
#4527=AXIS2_PLACEMENT_3D('',#5740,#4976,#4977);
#4528=AXIS2_PLACEMENT_3D('',#5742,#4978,#4979);
#4529=AXIS2_PLACEMENT_3D('',#5744,#4980,#4981);
#4530=AXIS2_PLACEMENT_3D('',#5745,#4982,#4983);
#4531=AXIS2_PLACEMENT_3D('',#5751,#4984,#4985);
#4532=AXIS2_PLACEMENT_3D('',#5758,#4986,#4987);
#4533=AXIS2_PLACEMENT_3D('',#5764,#4988,#4989);
#4534=AXIS2_PLACEMENT_3D('',#5769,#4990,#4991);
#4535=AXIS2_PLACEMENT_3D('',#5774,#4992,#4993);
#4536=AXIS2_PLACEMENT_3D('',#5784,#4994,#4995);
#4537=AXIS2_PLACEMENT_3D('',#5789,#4996,#4997);
#4538=AXIS2_PLACEMENT_3D('',#5801,#4998,#4999);
#4539=AXIS2_PLACEMENT_3D('',#5802,#5000,#5001);
#4540=AXIS2_PLACEMENT_3D('',#5803,#5002,#5003);
#4541=AXIS2_PLACEMENT_3D('',#5809,#5004,#5005);
#4542=AXIS2_PLACEMENT_3D('',#5815,#5006,#5007);
#4543=AXIS2_PLACEMENT_3D('',#5816,#5008,#5009);
#4544=AXIS2_PLACEMENT_3D('',#5822,#5010,#5011);
#4545=AXIS2_PLACEMENT_3D('',#5823,#5012,#5013);
#4546=AXIS2_PLACEMENT_3D('',#5829,#5014,#5015);
#4547=AXIS2_PLACEMENT_3D('',#5830,#5016,#5017);
#4548=AXIS2_PLACEMENT_3D('',#5836,#5018,#5019);
#4549=AXIS2_PLACEMENT_3D('',#5838,#5021,#5022);
#4550=AXIS2_PLACEMENT_3D('',#5839,#5023,#5024);
#4551=AXIS2_PLACEMENT_3D('',#5845,#5025,#5026);
#4552=AXIS2_PLACEMENT_3D('',#5848,#5027,#5028);
#4553=AXIS2_PLACEMENT_3D('',#5866,#5029,#5030);
#4554=AXIS2_PLACEMENT_3D('',#5871,#5032,#5033);
#4555=AXIS2_PLACEMENT_3D('',#5876,#5035,#5036);
#4556=AXIS2_PLACEMENT_3D('',#5882,#5037,#5038);
#4557=AXIS2_PLACEMENT_3D('',#5886,#5041,#5042);
#4558=AXIS2_PLACEMENT_3D('',#5891,#5044,#5045);
#4559=AXIS2_PLACEMENT_3D('',#5894,#5046,#5047);
#4560=AXIS2_PLACEMENT_3D('',#5895,#5048,#5049);
#4561=AXIS2_PLACEMENT_3D('',#5910,#5050,#5051);
#4562=AXIS2_PLACEMENT_3D('',#5911,#5052,#5053);
#4563=AXIS2_PLACEMENT_3D('',#5917,#5054,#5055);
#4564=AXIS2_PLACEMENT_3D('',#5923,#5056,#5057);
#4565=AXIS2_PLACEMENT_3D('',#5933,#5059,#5060);
#4566=AXIS2_PLACEMENT_3D('',#6004,#5061,#5062);
#4567=AXIS2_PLACEMENT_3D('',#6007,#5064,#5065);
#4568=AXIS2_PLACEMENT_3D('',#6013,#5066,#5067);
#4569=AXIS2_PLACEMENT_3D('',#6014,#5068,#5069);
#4570=AXIS2_PLACEMENT_3D('',#6018,#5070,#5071);
#4571=AXIS2_PLACEMENT_3D('',#6024,#5072,#5073);
#4572=AXIS2_PLACEMENT_3D('',#6035,#5074,#5075);
#4573=AXIS2_PLACEMENT_3D('',#6047,#5077,#5078);
#4574=AXIS2_PLACEMENT_3D('',#6060,#5079,#5080);
#4575=AXIS2_PLACEMENT_3D('',#6073,#5081,#5082);
#4576=AXIS2_PLACEMENT_3D('',#6078,#5084,#5085);
#4577=AXIS2_PLACEMENT_3D('',#6089,#5086,#5087);
#4578=AXIS2_PLACEMENT_3D('',#6100,#5088,#5089);
#4579=AXIS2_PLACEMENT_3D('',#6111,#5090,#5091);
#4580=AXIS2_PLACEMENT_3D('',#6120,#5092,#5093);
#4581=AXIS2_PLACEMENT_3D('',#6125,#5094,#5095);
#4582=AXIS2_PLACEMENT_3D('',#6126,#5096,#5097);
#4583=AXIS2_PLACEMENT_3D('',#6127,#5098,#5099);
#4584=AXIS2_PLACEMENT_3D('',#6128,#5100,#5101);
#4585=AXIS2_PLACEMENT_3D('',#6129,#5102,#5103);
#4586=AXIS2_PLACEMENT_3D('',#6130,#5104,#5105);
#4587=AXIS2_PLACEMENT_3D('',#6136,#5106,#5107);
#4588=AXIS2_PLACEMENT_3D('',#6142,#5108,#5109);
#4589=AXIS2_PLACEMENT_3D('',#6145,#5110,#5111);
#4590=AXIS2_PLACEMENT_3D('',#6146,#5112,#5113);
#4591=AXIS2_PLACEMENT_3D('',#6147,#5114,#5115);
#4592=AXIS2_PLACEMENT_3D('',#6148,#5116,#5117);
#4593=AXIS2_PLACEMENT_3D('',#6149,#5118,#5119);
#4594=AXIS2_PLACEMENT_3D('',#6150,#5120,#5121);
#4595=AXIS2_PLACEMENT_3D('',#6151,#5122,#5123);
#4596=AXIS2_PLACEMENT_3D('',#6152,#5124,#5125);
#4597=AXIS2_PLACEMENT_3D('',#6153,#5126,#5127);
#4598=AXIS2_PLACEMENT_3D('',#6154,#5128,#5129);
#4599=AXIS2_PLACEMENT_3D('',#6155,#5130,#5131);
#4600=AXIS2_PLACEMENT_3D('',#6156,#5132,#5133);
#4601=AXIS2_PLACEMENT_3D('',#6157,#5134,#5135);
#4602=AXIS2_PLACEMENT_3D('',#6158,#5136,#5137);
#4603=AXIS2_PLACEMENT_3D('',#6159,#5138,#5139);
#4604=AXIS2_PLACEMENT_3D('',#6204,#5140,#5141);
#4605=AXIS2_PLACEMENT_3D('',#6205,#5142,#5143);
#4606=AXIS2_PLACEMENT_3D('',#6218,#5144,#5145);
#4607=AXIS2_PLACEMENT_3D('',#6238,#5146,#5147);
#4608=AXIS2_PLACEMENT_3D('',#6286,#5148,#5149);
#4609=AXIS2_PLACEMENT_3D('',#6298,#5151,#5152);
#4610=AXIS2_PLACEMENT_3D('',#6299,#5153,#5154);
#4611=AXIS2_PLACEMENT_3D('',#6312,#5155,#5156);
#4612=AXIS2_PLACEMENT_3D('',#6318,#5157,#5158);
#4613=AXIS2_PLACEMENT_3D('',#6328,#5159,#5160);
#4614=AXIS2_PLACEMENT_3D('',#6332,#5162,#5163);
#4615=AXIS2_PLACEMENT_3D('',#6335,#5166,#5167);
#4616=AXIS2_PLACEMENT_3D('',#6336,#5168,#5169);
#4617=AXIS2_PLACEMENT_3D('',#6345,#5170,#5171);
#4618=AXIS2_PLACEMENT_3D('',#6364,#5172,#5173);
#4619=AXIS2_PLACEMENT_3D('',#6373,#5174,#5175);
#4620=AXIS2_PLACEMENT_3D('',#6386,#5176,#5177);
#4621=AXIS2_PLACEMENT_3D('',#6395,#5178,#5179);
#4622=AXIS2_PLACEMENT_3D('',#6400,#5180,#5181);
#4623=AXIS2_PLACEMENT_3D('',#6426,#5182,#5183);
#4624=AXIS2_PLACEMENT_3D('',#6427,#5184,#5185);
#4625=AXIS2_PLACEMENT_3D('',#6433,#5186,#5187);
#4626=AXIS2_PLACEMENT_3D('',#6445,#5189,#5190);
#4627=AXIS2_PLACEMENT_3D('',#6454,#5191,#5192);
#4628=AXIS2_PLACEMENT_3D('',#6473,#5193,#5194);
#4629=AXIS2_PLACEMENT_3D('',#6486,#5195,#5196);
#4630=AXIS2_PLACEMENT_3D('',#6495,#5197,#5198);
#4631=AXIS2_PLACEMENT_3D('',#6501,#5199,#5200);
#4632=AXIS2_PLACEMENT_3D('',#6507,#5201,#5202);
#4633=AXIS2_PLACEMENT_3D('',#6510,#5203,#5204);
#4634=AXIS2_PLACEMENT_3D('',#6523,#5205,#5206);
#4635=AXIS2_PLACEMENT_3D('',#6534,#5207,#5208);
#4636=AXIS2_PLACEMENT_3D('',#6561,#5209,#5210);
#4637=AXIS2_PLACEMENT_3D('',#6567,#5211,#5212);
#4638=AXIS2_PLACEMENT_3D('',#6586,#5213,#5214);
#4639=AXIS2_PLACEMENT_3D('',#6605,#5215,#5216);
#4640=AXIS2_PLACEMENT_3D('',#6622,#5217,#5218);
#4641=AXIS2_PLACEMENT_3D('',#6641,#5219,#5220);
#4642=AXIS2_PLACEMENT_3D('',#6650,#5221,#5222);
#4643=AXIS2_PLACEMENT_3D('',#6670,#5224,#5225);
#4644=AXIS2_PLACEMENT_3D('',#6683,#5226,#5227);
#4645=AXIS2_PLACEMENT_3D('',#6699,#5232,#5233);
#4646=AXIS2_PLACEMENT_3D('',#6710,#5234,#5235);
#4647=AXIS2_PLACEMENT_3D('',#6711,#5236,#5237);
#4648=AXIS2_PLACEMENT_3D('',#6714,#5238,#5239);
#4649=AXIS2_PLACEMENT_3D('',#6719,#5241,#5242);
#4650=AXIS2_PLACEMENT_3D('',#6724,#5244,#5245);
#4651=AXIS2_PLACEMENT_3D('',#6733,#5246,#5247);
#4652=AXIS2_PLACEMENT_3D('',#6745,#5248,#5249);
#4653=AXIS2_PLACEMENT_3D('',#6764,#5250,#5251);
#4654=AXIS2_PLACEMENT_3D('',#6773,#5252,#5253);
#4655=AXIS2_PLACEMENT_3D('',#6774,#5254,#5255);
#4656=AXIS2_PLACEMENT_3D('',#6930,#5257,#5258);
#4657=AXIS2_PLACEMENT_3D('',#6943,#5259,#5260);
#4658=AXIS2_PLACEMENT_3D('',#6975,#5261,#5262);
#4659=AXIS2_PLACEMENT_3D('',#6978,#5263,#5264);
#4660=AXIS2_PLACEMENT_3D('',#6984,#5265,#5266);
#4661=AXIS2_PLACEMENT_3D('',#6987,#5267,#5268);
#4662=AXIS2_PLACEMENT_3D('',#6992,#5269,#5270);
#4663=AXIS2_PLACEMENT_3D('',#6995,#5271,#5272);
#4664=AXIS2_PLACEMENT_3D('',#7012,#5273,#5274);
#4665=AXIS2_PLACEMENT_3D('',#7013,#5275,#5276);
#4666=AXIS2_PLACEMENT_3D('',#7014,#5277,#5278);
#4667=AXIS2_PLACEMENT_3D('',#7027,#5279,#5280);
#4668=AXIS2_PLACEMENT_3D('',#7059,#5281,#5282);
#4669=AXIS2_PLACEMENT_3D('',#7067,#5283,#5284);
#4670=AXIS2_PLACEMENT_3D('',#7070,#5285,#5286);
#4671=AXIS2_PLACEMENT_3D('',#7071,#5287,#5288);
#4672=AXIS2_PLACEMENT_3D('',#7074,#5289,#5290);
#4673=AXIS2_PLACEMENT_3D('',#7077,#5291,#5292);
#4674=AXIS2_PLACEMENT_3D('',#7080,#5293,#5294);
#4675=AXIS2_PLACEMENT_3D('',#7083,#5295,#5296);
#4676=AXIS2_PLACEMENT_3D('',#7108,#5297,#5298);
#4677=AXIS2_PLACEMENT_3D('',#7112,#5299,#5300);
#4678=AXIS2_PLACEMENT_3D('',#7118,#5302,#5303);
#4679=AXIS2_PLACEMENT_3D('',#7126,#5304,#5305);
#4680=AXIS2_PLACEMENT_3D('',#7145,#5307,#5308);
#4681=AXIS2_PLACEMENT_3D('',#7157,#5310,#5311);
#4682=AXIS2_PLACEMENT_3D('',#7158,#5312,#5313);
#4683=AXIS2_PLACEMENT_3D('',#7166,#5314,#5315);
#4684=AXIS2_PLACEMENT_3D('',#7172,#5316,#5317);
#4685=AXIS2_PLACEMENT_3D('',#7177,#5318,#5319);
#4686=AXIS2_PLACEMENT_3D('',#7178,#5320,#5321);
#4687=AXIS2_PLACEMENT_3D('',#7195,#5322,#5323);
#4688=AXIS2_PLACEMENT_3D('',#7212,#5324,#5325);
#4689=AXIS2_PLACEMENT_3D('',#7219,#5327,#5328);
#4690=AXIS2_PLACEMENT_3D('',#7225,#5329,#5330);
#4691=AXIS2_PLACEMENT_3D('',#7228,#5331,#5332);
#4692=AXIS2_PLACEMENT_3D('',#7236,#5333,#5334);
#4693=AXIS2_PLACEMENT_3D('',#7285,#5335,#5336);
#4694=AXIS2_PLACEMENT_3D('',#7307,#5337,#5338);
#4695=AXIS2_PLACEMENT_3D('',#7308,#5339,#5340);
#4696=AXIS2_PLACEMENT_3D('',#7314,#5341,#5342);
#4697=AXIS2_PLACEMENT_3D('',#7318,#5343,#5344);
#4698=AXIS2_PLACEMENT_3D('',#7327,#5345,#5346);
#4699=AXIS2_PLACEMENT_3D('',#7339,#5347,#5348);
#4700=AXIS2_PLACEMENT_3D('',#7344,#5349,#5350);
#4701=AXIS2_PLACEMENT_3D('',#7354,#5351,#5352);
#4702=AXIS2_PLACEMENT_3D('',#7364,#5353,#5354);
#4703=AXIS2_PLACEMENT_3D('',#7366,#5356,#5357);
#4704=AXIS2_PLACEMENT_3D('',#7367,#5358,#5359);
#4705=AXIS2_PLACEMENT_3D('',#7370,#5360,#5361);
#4706=AXIS2_PLACEMENT_3D('',#7371,#5362,#5363);
#4707=AXIS2_PLACEMENT_3D('',#7372,#5364,#5365);
#4708=AXIS2_PLACEMENT_3D('',#7379,#5367,#5368);
#4709=AXIS2_PLACEMENT_3D('',#7380,#5369,#5370);
#4710=AXIS2_PLACEMENT_3D('',#7381,#5371,#5372);
#4711=AXIS2_PLACEMENT_3D('',#7394,#5373,#5374);
#4712=AXIS2_PLACEMENT_3D('',#7395,#5375,#5376);
#4713=AXIS2_PLACEMENT_3D('',#7403,#5377,#5378);
#4714=AXIS2_PLACEMENT_3D('',#7414,#5379,#5380);
#4715=AXIS2_PLACEMENT_3D('',#7422,#5382,#5383);
#4716=AXIS2_PLACEMENT_3D('',#7427,#5384,#5385);
#4717=AXIS2_PLACEMENT_3D('',#7432,#5386,#5387);
#4718=AXIS2_PLACEMENT_3D('',#7433,#5388,#5389);
#4719=AXIS2_PLACEMENT_3D('',#7434,#5390,#5391);
#4720=AXIS2_PLACEMENT_3D('',#7447,#5392,#5393);
#4721=AXIS2_PLACEMENT_3D('',#7448,#5394,#5395);
#4722=AXIS2_PLACEMENT_3D('',#7454,#5396,#5397);
#4723=AXIS2_PLACEMENT_3D('',#7460,#5398,#5399);
#4724=AXIS2_PLACEMENT_3D('',#7461,#5400,#5401);
#4725=AXIS2_PLACEMENT_3D('',#7470,#5402,#5403);
#4726=AXIS2_PLACEMENT_3D('',#7476,#5404,#5405);
#4727=AXIS2_PLACEMENT_3D('',#7493,#5406,#5407);
#4728=AXIS2_PLACEMENT_3D('',#7506,#5408,#5409);
#4729=AXIS2_PLACEMENT_3D('',#7515,#5410,#5411);
#4730=AXIS2_PLACEMENT_3D('',#7517,#5413,#5414);
#4731=AXIS2_PLACEMENT_3D('',#7519,#5416,#5417);
#4732=AXIS2_PLACEMENT_3D('',#7521,#5419,#5420);
#4733=AXIS2_PLACEMENT_3D('',#7542,#5421,#5422);
#4734=AXIS2_PLACEMENT_3D('',#7551,#5423,#5424);
#4735=AXIS2_PLACEMENT_3D('',#7568,#5425,#5426);
#4736=AXIS2_PLACEMENT_3D('',#7586,#5429,#5430);
#4737=AXIS2_PLACEMENT_3D('',#7591,#5431,#5432);
#4738=AXIS2_PLACEMENT_3D('',#7596,#5433,#5434);
#4739=AXIS2_PLACEMENT_3D('',#7597,#5435,#5436);
#4740=AXIS2_PLACEMENT_3D('',#7611,#5437,#5438);
#4741=AXIS2_PLACEMENT_3D('',#7620,#5439,#5440);
#4742=AXIS2_PLACEMENT_3D('',#7629,#5441,#5442);
#4743=AXIS2_PLACEMENT_3D('',#7640,#5443,#5444);
#4744=AXIS2_PLACEMENT_3D('',#7653,#5445,#5446);
#4745=AXIS2_PLACEMENT_3D('',#7668,#5447,#5448);
#4746=AXIS2_PLACEMENT_3D('',#7681,#5449,#5450);
#4747=AXIS2_PLACEMENT_3D('',#7682,#5451,#5452);
#4748=AXIS2_PLACEMENT_3D('',#7687,#5453,#5454);
#4749=AXIS2_PLACEMENT_3D('',#7694,#5455,#5456);
#4750=AXIS2_PLACEMENT_3D('',#7709,#5457,#5458);
#4751=AXIS2_PLACEMENT_3D('',#7725,#5459,#5460);
#4752=AXIS2_PLACEMENT_3D('',#7726,#5461,#5462);
#4753=AXIS2_PLACEMENT_3D('',#7727,#5463,#5464);
#4754=AXIS2_PLACEMENT_3D('',#7728,#5465,#5466);
#4755=AXIS2_PLACEMENT_3D('',#7771,#5470,#5471);
#4756=AXIS2_PLACEMENT_3D('',#7784,#5472,#5473);
#4757=AXIS2_PLACEMENT_3D('',#7796,#5474,#5475);
#4758=AXIS2_PLACEMENT_3D('',#7805,#5476,#5477);
#4759=AXIS2_PLACEMENT_3D('',#7806,#5478,#5479);
#4760=AXIS2_PLACEMENT_3D('',#7810,#5480,#5481);
#4761=AXIS2_PLACEMENT_3D('',#7816,#5482,#5483);
#4762=AXIS2_PLACEMENT_3D('',#7834,#5484,#5485);
#4763=AXIS2_PLACEMENT_3D('',#7835,#5486,#5487);
#4764=AXIS2_PLACEMENT_3D('',#7840,#5488,#5489);
#4765=AXIS2_PLACEMENT_3D('',#7843,#5490,#5491);
#4766=AXIS2_PLACEMENT_3D('',#7844,#5492,#5493);
#4767=AXIS2_PLACEMENT_3D('',#7845,#5494,#5495);
#4768=AXIS2_PLACEMENT_3D('',#7853,#5497,#5498);
#4769=AXIS2_PLACEMENT_3D('',#7864,#5500,#5501);
#4770=AXIS2_PLACEMENT_3D('',#7865,#5502,#5503);
#4771=AXIS2_PLACEMENT_3D('',#7869,#5504,#5505);
#4772=AXIS2_PLACEMENT_3D('',#7872,#5506,#5507);
#4773=AXIS2_PLACEMENT_3D('',#7881,#5509,#5510);
#4774=AXIS2_PLACEMENT_3D('',#7885,#5512,#5513);
#4775=AXIS2_PLACEMENT_3D('',#7890,#5514,#5515);
#4776=AXIS2_PLACEMENT_3D('',#7899,#5516,#5517);
#4777=AXIS2_PLACEMENT_3D('',#7904,#5518,#5519);
#4778=AXIS2_PLACEMENT_3D('',#7905,#5520,#5521);
#4779=DIRECTION('',(0.,0.,1.));
#4780=DIRECTION('',(1.,0.,0.));
#4781=DIRECTION('',(0.,1.,0.));
#4782=DIRECTION('',(1.,0.,0.));
#4783=DIRECTION('',(0.,0.,1.));
#4784=DIRECTION('',(1.,0.,0.));
#4785=DIRECTION('',(0.,0.,1.));
#4786=DIRECTION('',(1.,0.,0.));
#4787=DIRECTION('',(0.,0.,-1.));
#4788=DIRECTION('',(0.,1.,0.));
#4789=DIRECTION('',(0.,0.,1.));
#4790=DIRECTION('',(1.,0.,0.));
#4791=DIRECTION('',(0.,0.,-1.));
#4792=DIRECTION('',(0.,0.,1.));
#4793=DIRECTION('',(1.,0.,0.));
#4794=DIRECTION('',(0.707106781186548,-0.707106781186548,0.));
#4795=DIRECTION('',(0.,0.,-1.));
#4796=DIRECTION('',(0.707106781186548,0.707106781186548,0.));
#4797=DIRECTION('',(0.,0.,-1.));
#4798=DIRECTION('',(-0.707106781186548,-0.707106781186547,0.));
#4799=DIRECTION('',(0.,0.,1.));
#4800=DIRECTION('',(0.707106781186548,0.707106781186548,0.));
#4801=DIRECTION('',(0.,0.,-1.));
#4802=DIRECTION('',(-0.707106781186548,0.707106781186548,0.));
#4803=DIRECTION('',(0.,0.,-1.));
#4804=DIRECTION('',(0.707106781186548,-0.707106781186548,0.));
#4805=DIRECTION('',(0.,0.,1.));
#4806=DIRECTION('',(0.,0.,1.));
#4807=DIRECTION('',(1.,0.,0.));
#4808=DIRECTION('',(0.,0.,-1.));
#4809=DIRECTION('',(-1.,0.,0.));
#4810=DIRECTION('',(-1.,0.,0.));
#4811=DIRECTION('',(0.,1.,0.));
#4812=DIRECTION('',(-1.,0.,0.));
#4813=DIRECTION('',(0.,1.,0.));
#4814=DIRECTION('',(0.,0.,-1.));
#4815=DIRECTION('',(-1.,0.,0.));
#4816=DIRECTION('',(-0.707106781186548,0.707106781186548,0.));
#4817=DIRECTION('',(0.,0.,-1.));
#4818=DIRECTION('',(-1.,0.,0.));
#4819=DIRECTION('',(-1.,0.,0.));
#4820=DIRECTION('',(0.,1.,0.));
#4821=DIRECTION('',(1.,0.,0.));
#4822=DIRECTION('',(0.,0.,-1.));
#4823=DIRECTION('',(-1.,0.,0.));
#4824=DIRECTION('',(0.707106781186548,0.707106781186548,0.));
#4825=DIRECTION('',(0.,0.,-1.));
#4826=DIRECTION('',(-1.,0.,0.));
#4827=DIRECTION('',(0.,1.,0.));
#4828=DIRECTION('',(-1.,0.,0.));
#4829=DIRECTION('',(0.,1.,0.));
#4830=DIRECTION('',(0.,0.,-1.));
#4831=DIRECTION('',(-1.,0.,0.));
#4832=DIRECTION('',(0.,0.,1.));
#4833=DIRECTION('',(1.,0.,0.));
#4834=DIRECTION('',(-1.,0.,0.));
#4835=DIRECTION('',(0.,1.,0.));
#4836=DIRECTION('',(1.,0.,0.));
#4837=DIRECTION('',(0.,0.,-1.));
#4838=DIRECTION('',(-1.,0.,0.));
#4839=DIRECTION('',(0.,0.,1.));
#4840=DIRECTION('',(1.,0.,0.));
#4841=DIRECTION('',(0.,0.,-1.));
#4842=DIRECTION('',(1.,0.,0.));
#4843=DIRECTION('',(0.,0.,-1.));
#4844=DIRECTION('',(0.,0.,1.));
#4845=DIRECTION('',(1.,0.,0.));
#4846=DIRECTION('',(0.,0.,-1.));
#4847=DIRECTION('',(0.707106781185798,0.707106781187297,0.));
#4848=DIRECTION('',(0.,0.,1.));
#4849=DIRECTION('',(0.,0.,1.));
#4850=DIRECTION('',(1.,0.,0.));
#4851=DIRECTION('',(0.,0.,-1.));
#4852=DIRECTION('',(1.221245327088E-14,-1.,0.));
#4853=DIRECTION('',(0.,0.,-1.));
#4854=DIRECTION('',(0.,0.,1.));
#4855=DIRECTION('',(1.,0.,0.));
#4856=DIRECTION('',(0.,0.,-1.));
#4857=DIRECTION('',(0.707106781186597,-0.707106781186498,0.));
#4858=DIRECTION('',(0.,0.,1.));
#4859=DIRECTION('',(0.,0.,1.));
#4860=DIRECTION('',(1.,0.,0.));
#4861=DIRECTION('',(0.,1.,0.));
#4862=DIRECTION('',(1.,0.,0.));
#4863=DIRECTION('',(1.,0.,0.));
#4864=DIRECTION('',(0.,0.,1.));
#4865=DIRECTION('',(1.,0.,0.));
#4866=DIRECTION('',(0.,1.,0.));
#4867=DIRECTION('',(0.,0.,-1.));
#4868=DIRECTION('',(0.,-1.,0.));
#4869=DIRECTION('',(1.,0.,0.));
#4870=DIRECTION('',(0.,1.,0.));
#4871=DIRECTION('',(0.,1.,0.));
#4872=DIRECTION('',(0.,0.,1.));
#4873=DIRECTION('',(0.,1.,0.));
#4874=DIRECTION('',(1.,0.,0.));
#4875=DIRECTION('',(0.,0.,1.));
#4876=DIRECTION('',(1.,0.,0.));
#4877=DIRECTION('',(1.,0.,0.));
#4878=DIRECTION('',(0.,1.,0.));
#4879=DIRECTION('',(0.,1.,0.));
#4880=DIRECTION('',(0.,1.,0.));
#4881=DIRECTION('',(1.,0.,0.));
#4882=DIRECTION('',(0.,0.,-1.));
#4883=DIRECTION('',(1.,0.,0.));
#4884=DIRECTION('',(0.707106781186548,-0.707106781186548,0.));
#4885=DIRECTION('',(0.,0.,-1.));
#4886=DIRECTION('',(0.,0.,1.));
#4887=DIRECTION('',(0.707106781186548,0.707106781186548,0.));
#4888=DIRECTION('',(0.,0.,-1.));
#4889=DIRECTION('',(0.,0.,-1.));
#4890=DIRECTION('',(0.,1.,0.));
#4891=DIRECTION('',(0.,0.,-1.));
#4892=DIRECTION('',(0.,0.,1.));
#4893=DIRECTION('',(1.,0.,0.));
#4894=DIRECTION('',(0.,0.,-1.));
#4895=DIRECTION('',(-0.707106781186597,0.707106781186498,0.));
#4896=DIRECTION('',(0.,0.,1.));
#4897=DIRECTION('',(0.,0.,1.));
#4898=DIRECTION('',(1.,0.,0.));
#4899=DIRECTION('',(1.,0.,0.));
#4900=DIRECTION('',(0.,1.,0.));
#4901=DIRECTION('',(0.,1.,0.));
#4902=DIRECTION('',(0.,1.,0.));
#4903=DIRECTION('',(1.,0.,0.));
#4904=DIRECTION('',(0.,0.,-1.));
#4905=DIRECTION('',(1.,0.,0.));
#4906=DIRECTION('',(0.,0.,1.));
#4907=DIRECTION('',(1.,0.,0.));
#4908=DIRECTION('',(0.,1.,0.));
#4909=DIRECTION('',(-1.,0.,0.));
#4910=DIRECTION('',(0.,0.,1.));
#4911=DIRECTION('',(1.,0.,0.));
#4912=DIRECTION('',(-0.707106781186548,0.707106781186548,0.));
#4913=DIRECTION('',(0.,0.,1.));
#4914=DIRECTION('',(1.,0.,0.));
#4915=DIRECTION('',(0.,1.,0.));
#4916=DIRECTION('',(-1.,0.,0.));
#4917=DIRECTION('',(0.,0.,-1.));
#4918=DIRECTION('',(-1.,0.,0.));
#4919=DIRECTION('',(-1.,0.,0.));
#4920=DIRECTION('',(1.,0.,0.));
#4921=DIRECTION('',(0.,1.,0.));
#4922=DIRECTION('',(0.,0.,-1.));
#4923=DIRECTION('',(0.,0.,-1.));
#4924=DIRECTION('',(0.,-1.,0.));
#4925=DIRECTION('',(0.,0.,-1.));
#4926=DIRECTION('',(0.707106781186548,0.707106781186548,0.));
#4927=DIRECTION('',(0.,0.,-1.));
#4928=DIRECTION('',(0.,0.,1.));
#4929=DIRECTION('',(0.,0.,-1.));
#4930=DIRECTION('',(0.,0.,-1.));
#4931=DIRECTION('',(-1.,0.,0.));
#4932=DIRECTION('',(0.,0.,-1.));
#4933=DIRECTION('',(0.,0.,-1.));
#4934=DIRECTION('',(-0.707106781185798,-0.707106781187297,0.));
#4935=DIRECTION('',(0.,0.,1.));
#4936=DIRECTION('',(0.,1.,0.));
#4937=DIRECTION('',(1.,0.,0.));
#4938=DIRECTION('',(1.,0.,0.));
#4939=DIRECTION('',(0.,1.,0.));
#4940=DIRECTION('',(0.,0.,-1.));
#4941=DIRECTION('',(0.,1.,0.));
#4942=DIRECTION('',(1.,0.,0.));
#4943=DIRECTION('',(0.,1.,0.));
#4944=DIRECTION('',(1.,0.,0.));
#4945=DIRECTION('',(0.,0.,1.));
#4946=DIRECTION('',(1.,0.,0.));
#4947=DIRECTION('',(0.707106781186548,-0.707106781186548,0.));
#4948=DIRECTION('',(0.,0.,-1.));
#4949=DIRECTION('',(0.707106781186548,0.707106781186548,0.));
#4950=DIRECTION('',(0.,1.,0.));
#4951=DIRECTION('',(1.,0.,0.));
#4952=DIRECTION('',(1.,0.,0.));
#4953=DIRECTION('',(0.,0.,-1.));
#4954=DIRECTION('',(0.,0.,1.));
#4955=DIRECTION('',(0.852859456941582,0.522140543058389,0.));
#4956=DIRECTION('',(0.,0.,1.));
#4957=DIRECTION('',(1.,0.,0.));
#4958=DIRECTION('',(0.,0.,1.));
#4959=DIRECTION('',(1.,0.,0.));
#4960=DIRECTION('',(0.,0.,1.));
#4961=DIRECTION('',(1.,0.,0.));
#4962=DIRECTION('',(0.,0.,-1.));
#4963=DIRECTION('',(-1.,0.,0.));
#4964=DIRECTION('',(0.,0.,-1.));
#4965=DIRECTION('',(-1.,0.,0.));
#4966=DIRECTION('',(0.,0.,-1.));
#4967=DIRECTION('',(1.,0.,0.));
#4968=DIRECTION('',(1.22464679914735E-16,-1.,0.));
#4969=DIRECTION('',(1.,1.22464679914735E-16,0.));
#4970=DIRECTION('',(0.,0.,-1.));
#4971=DIRECTION('',(-1.,0.,0.));
#4972=DIRECTION('',(0.,1.,0.));
#4973=DIRECTION('',(0.,0.,1.));
#4974=DIRECTION('',(0.,0.,-1.));
#4975=DIRECTION('',(1.,0.,0.));
#4976=DIRECTION('',(-1.22464679914735E-16,1.,0.));
#4977=DIRECTION('',(-1.,-1.22464679914735E-16,0.));
#4978=DIRECTION('',(0.,0.,-1.));
#4979=DIRECTION('',(-1.,0.,0.));
#4980=DIRECTION('',(0.,-1.,0.));
#4981=DIRECTION('',(0.,0.,-1.));
#4982=DIRECTION('',(0.,0.,1.));
#4983=DIRECTION('',(-1.,0.,0.));
#4984=DIRECTION('',(0.,0.,1.));
#4985=DIRECTION('',(1.,0.,0.));
#4986=DIRECTION('',(0.,0.,1.));
#4987=DIRECTION('',(-1.,0.,0.));
#4988=DIRECTION('',(0.,0.,1.));
#4989=DIRECTION('',(1.,0.,0.));
#4990=DIRECTION('',(0.,0.,1.));
#4991=DIRECTION('',(1.,0.,0.));
#4992=DIRECTION('',(0.,0.,1.));
#4993=DIRECTION('',(1.,0.,0.));
#4994=DIRECTION('',(0.,0.,1.));
#4995=DIRECTION('',(1.,0.,0.));
#4996=DIRECTION('',(0.,0.,1.));
#4997=DIRECTION('',(1.,0.,0.));
#4998=DIRECTION('',(0.,0.,1.));
#4999=DIRECTION('',(1.,0.,0.));
#5000=DIRECTION('',(0.,0.,1.));
#5001=DIRECTION('',(0.852859456941582,0.522140543058389,0.));
#5002=DIRECTION('',(0.,0.,1.));
#5003=DIRECTION('',(1.,0.,0.));
#5004=DIRECTION('',(0.,0.,1.));
#5005=DIRECTION('',(1.,0.,0.));
#5006=DIRECTION('',(0.,0.,1.));
#5007=DIRECTION('',(-0.911437827766304,0.411437827765802,0.));
#5008=DIRECTION('',(0.,0.,1.));
#5009=DIRECTION('',(1.,0.,0.));
#5010=DIRECTION('',(0.,0.,1.));
#5011=DIRECTION('',(0.986013297183265,0.166666666666694,0.));
#5012=DIRECTION('',(0.,0.,1.));
#5013=DIRECTION('',(1.,0.,0.));
#5014=DIRECTION('',(0.,0.,1.));
#5015=DIRECTION('',(-0.986013297183265,-0.166666666666694,0.));
#5016=DIRECTION('',(0.,0.,1.));
#5017=DIRECTION('',(1.,0.,0.));
#5018=DIRECTION('',(0.,1.,0.));
#5019=DIRECTION('',(1.,0.,0.));
#5020=DIRECTION('',(1.,0.,0.));
#5021=DIRECTION('',(0.,0.,1.));
#5022=DIRECTION('',(0.911437827766304,-0.411437827765802,0.));
#5023=DIRECTION('',(0.,0.,1.));
#5024=DIRECTION('',(1.,0.,0.));
#5025=DIRECTION('',(0.,1.,0.));
#5026=DIRECTION('',(1.,0.,0.));
#5027=DIRECTION('',(0.,0.,1.));
#5028=DIRECTION('',(1.,0.,0.));
#5029=DIRECTION('',(1.,0.,0.));
#5030=DIRECTION('',(0.,1.,0.));
#5031=DIRECTION('',(0.,1.,0.));
#5032=DIRECTION('',(0.707106781186548,0.707106781186548,0.));
#5033=DIRECTION('',(0.,0.,-1.));
#5034=DIRECTION('',(-0.707106781186548,0.707106781186548,0.));
#5035=DIRECTION('',(0.,1.,0.));
#5036=DIRECTION('',(1.,0.,0.));
#5037=DIRECTION('',(0.707106781186548,-0.707106781186548,0.));
#5038=DIRECTION('',(0.,0.,-1.));
#5039=DIRECTION('',(0.,0.,1.));
#5040=DIRECTION('',(0.707106781186548,0.707106781186547,0.));
#5041=DIRECTION('',(0.707106781186548,0.707106781186548,0.));
#5042=DIRECTION('',(0.,0.,-1.));
#5043=DIRECTION('',(0.,0.,-1.));
#5044=DIRECTION('',(1.,0.,0.));
#5045=DIRECTION('',(0.,1.,0.));
#5046=DIRECTION('',(0.,0.,1.));
#5047=DIRECTION('',(-0.707106781190398,0.707106781182698,0.));
#5048=DIRECTION('',(0.,0.,1.));
#5049=DIRECTION('',(1.,0.,0.));
#5050=DIRECTION('',(0.,0.,-1.));
#5051=DIRECTION('',(0.,-1.,0.));
#5052=DIRECTION('',(0.,0.,-1.));
#5053=DIRECTION('',(-1.,0.,0.));
#5054=DIRECTION('',(0.,0.,-1.));
#5055=DIRECTION('',(-1.,0.,0.));
#5056=DIRECTION('',(0.,1.,0.));
#5057=DIRECTION('',(1.,0.,0.));
#5058=DIRECTION('',(1.,0.,0.));
#5059=DIRECTION('',(0.,0.,1.));
#5060=DIRECTION('',(1.,0.,0.));
#5061=DIRECTION('',(0.,0.,-1.));
#5062=DIRECTION('',(-1.,0.,0.));
#5063=DIRECTION('',(1.,0.,0.));
#5064=DIRECTION('',(0.,1.,0.));
#5065=DIRECTION('',(1.,0.,0.));
#5066=DIRECTION('',(0.,0.,-1.));
#5067=DIRECTION('',(0.,1.,0.));
#5068=DIRECTION('',(0.,0.,-1.));
#5069=DIRECTION('',(-1.,0.,0.));
#5070=DIRECTION('',(0.707106781186548,-0.707106781186548,0.));
#5071=DIRECTION('',(0.,0.,-1.));
#5072=DIRECTION('',(0.707106781186548,-0.707106781186548,0.));
#5073=DIRECTION('',(0.,0.,-1.));
#5074=DIRECTION('',(1.,0.,0.));
#5075=DIRECTION('',(0.,1.,0.));
#5076=DIRECTION('',(0.,1.,0.));
#5077=DIRECTION('',(0.707106781186548,0.707106781186548,0.));
#5078=DIRECTION('',(0.,0.,-1.));
#5079=DIRECTION('',(0.,1.,0.));
#5080=DIRECTION('',(1.,0.,0.));
#5081=DIRECTION('',(0.,1.,0.));
#5082=DIRECTION('',(1.,0.,0.));
#5083=DIRECTION('',(1.,0.,0.));
#5084=DIRECTION('',(1.,0.,0.));
#5085=DIRECTION('',(0.,1.,0.));
#5086=DIRECTION('',(0.707106781186548,-0.707106781186548,0.));
#5087=DIRECTION('',(0.,0.,-1.));
#5088=DIRECTION('',(0.707106781186548,0.707106781186548,0.));
#5089=DIRECTION('',(0.,0.,-1.));
#5090=DIRECTION('',(0.989949493661169,0.141421356237296,0.));
#5091=DIRECTION('',(0.,0.,-1.));
#5092=DIRECTION('',(0.,0.,1.));
#5093=DIRECTION('',(1.,0.,0.));
#5094=DIRECTION('',(0.,0.,1.));
#5095=DIRECTION('',(1.,0.,0.));
#5096=DIRECTION('',(0.,0.,1.));
#5097=DIRECTION('',(1.,0.,0.));
#5098=DIRECTION('',(0.,0.,1.));
#5099=DIRECTION('',(1.,0.,0.));
#5100=DIRECTION('',(0.,0.,1.));
#5101=DIRECTION('',(1.,0.,0.));
#5102=DIRECTION('',(0.,0.,1.));
#5103=DIRECTION('',(1.,0.,0.));
#5104=DIRECTION('',(0.,0.,1.));
#5105=DIRECTION('',(1.,0.,0.));
#5106=DIRECTION('',(0.707106781186548,-0.707106781186548,0.));
#5107=DIRECTION('',(0.,0.,-1.));
#5108=DIRECTION('',(0.141421356237296,0.989949493661169,0.));
#5109=DIRECTION('',(0.,0.,-1.));
#5110=DIRECTION('',(0.,0.,1.));
#5111=DIRECTION('',(-1.,-2.22044604925E-14,0.));
#5112=DIRECTION('',(0.,0.,1.));
#5113=DIRECTION('',(-0.707106781185798,-0.707106781187297,0.));
#5114=DIRECTION('',(0.,0.,1.));
#5115=DIRECTION('',(1.,0.,0.));
#5116=DIRECTION('',(0.,0.,1.));
#5117=DIRECTION('',(-1.0248212535E-14,-1.,0.));
#5118=DIRECTION('',(0.,0.,1.));
#5119=DIRECTION('',(1.,0.,0.));
#5120=DIRECTION('',(0.,0.,1.));
#5121=DIRECTION('',(0.707106781190398,-0.707106781182698,0.));
#5122=DIRECTION('',(0.,0.,1.));
#5123=DIRECTION('',(1.,0.,0.));
#5124=DIRECTION('',(0.,0.,1.));
#5125=DIRECTION('',(1.,2.22044604925E-14,0.));
#5126=DIRECTION('',(0.,0.,1.));
#5127=DIRECTION('',(1.,0.,0.));
#5128=DIRECTION('',(0.,0.,1.));
#5129=DIRECTION('',(0.707106781185798,0.707106781187297,0.));
#5130=DIRECTION('',(0.,0.,1.));
#5131=DIRECTION('',(1.,0.,0.));
#5132=DIRECTION('',(0.,0.,1.));
#5133=DIRECTION('',(1.0248212535E-14,1.,0.));
#5134=DIRECTION('',(0.,0.,1.));
#5135=DIRECTION('',(1.,0.,0.));
#5136=DIRECTION('',(0.,0.,1.));
#5137=DIRECTION('',(1.,0.,0.));
#5138=DIRECTION('',(0.,0.,1.));
#5139=DIRECTION('',(1.,0.,0.));
#5140=DIRECTION('',(0.,0.,1.));
#5141=DIRECTION('',(1.,0.,0.));
#5142=DIRECTION('',(0.,1.,0.));
#5143=DIRECTION('',(1.,0.,0.));
#5144=DIRECTION('',(0.,0.,1.));
#5145=DIRECTION('',(1.,0.,0.));
#5146=DIRECTION('',(1.,0.,0.));
#5147=DIRECTION('',(0.,1.,0.));
#5148=DIRECTION('',(-0.1259800336857,0.,0.992032777236997));
#5149=DIRECTION('',(0.,1.,0.));
#5150=DIRECTION('',(0.,-1.,0.));
#5151=DIRECTION('',(0.,1.,0.));
#5152=DIRECTION('',(-0.99203277723701,0.,-0.125980033685601));
#5153=DIRECTION('',(0.,1.,0.));
#5154=DIRECTION('',(0.,0.,1.));
#5155=DIRECTION('',(0.992032777236997,0.,0.1259800336857));
#5156=DIRECTION('',(0.,-1.,0.));
#5157=DIRECTION('',(0.,0.,1.));
#5158=DIRECTION('',(1.,0.,0.));
#5159=DIRECTION('',(0.,1.,0.));
#5160=DIRECTION('',(1.,0.,0.));
#5161=DIRECTION('',(0.1259800336857,0.,-0.992032777236997));
#5162=DIRECTION('',(0.992032777236997,0.,0.1259800336857));
#5163=DIRECTION('',(0.,-1.,0.));
#5164=DIRECTION('',(0.1259800336857,0.,-0.992032777236997));
#5165=DIRECTION('',(0.,-1.,0.));
#5166=DIRECTION('',(0.,1.,0.));
#5167=DIRECTION('',(1.,0.,0.));
#5168=DIRECTION('',(1.,0.,0.));
#5169=DIRECTION('',(0.,1.,0.));
#5170=DIRECTION('',(1.,0.,0.));
#5171=DIRECTION('',(0.,1.,0.));
#5172=DIRECTION('',(0.707106781186548,-0.707106781186548,0.));
#5173=DIRECTION('',(0.,0.,-1.));
#5174=DIRECTION('',(0.707106781186548,-0.707106781186548,0.));
#5175=DIRECTION('',(0.,0.,-1.));
#5176=DIRECTION('',(1.,0.,0.));
#5177=DIRECTION('',(0.,1.,0.));
#5178=DIRECTION('',(0.,0.,1.));
#5179=DIRECTION('',(1.,0.,0.));
#5180=DIRECTION('',(0.,0.,1.));
#5181=DIRECTION('',(1.,0.,0.));
#5182=DIRECTION('',(0.,1.,0.));
#5183=DIRECTION('',(1.,0.,0.));
#5184=DIRECTION('',(0.,1.,0.));
#5185=DIRECTION('',(1.,0.,0.));
#5186=DIRECTION('',(0.,0.,1.));
#5187=DIRECTION('',(1.,0.,0.));
#5188=DIRECTION('',(1.,0.,0.));
#5189=DIRECTION('',(0.,1.,0.));
#5190=DIRECTION('',(1.,0.,0.));
#5191=DIRECTION('',(1.,0.,0.));
#5192=DIRECTION('',(0.,1.,0.));
#5193=DIRECTION('',(0.,0.,1.));
#5194=DIRECTION('',(1.,0.,0.));
#5195=DIRECTION('',(1.,0.,0.));
#5196=DIRECTION('',(0.,1.,0.));
#5197=DIRECTION('',(0.,1.,0.));
#5198=DIRECTION('',(1.,0.,0.));
#5199=DIRECTION('',(1.,0.,0.));
#5200=DIRECTION('',(0.,1.,0.));
#5201=DIRECTION('',(0.,1.,0.));
#5202=DIRECTION('',(1.,0.,0.));
#5203=DIRECTION('',(0.,1.,0.));
#5204=DIRECTION('',(1.,0.,0.));
#5205=DIRECTION('',(0.,0.,-1.));
#5206=DIRECTION('',(-0.872367025584987,0.488851483246193,0.));
#5207=DIRECTION('',(0.,0.,1.));
#5208=DIRECTION('',(1.,0.,0.));
#5209=DIRECTION('',(1.,0.,0.));
#5210=DIRECTION('',(0.,1.,0.));
#5211=DIRECTION('',(1.,0.,0.));
#5212=DIRECTION('',(0.,1.,0.));
#5213=DIRECTION('',(0.,1.,0.));
#5214=DIRECTION('',(1.,0.,0.));
#5215=DIRECTION('',(0.707106781186548,-0.707106781186548,0.));
#5216=DIRECTION('',(0.,0.,-1.));
#5217=DIRECTION('',(0.,1.,0.));
#5218=DIRECTION('',(1.,0.,0.));
#5219=DIRECTION('',(0.707106781186548,0.707106781186548,0.));
#5220=DIRECTION('',(0.,0.,-1.));
#5221=DIRECTION('',(0.,1.,0.));
#5222=DIRECTION('',(1.,0.,0.));
#5223=DIRECTION('',(1.,0.,0.));
#5224=DIRECTION('',(0.707106781186548,0.707106781186548,0.));
#5225=DIRECTION('',(0.,0.,-1.));
#5226=DIRECTION('',(0.,0.,1.));
#5227=DIRECTION('',(1.,0.,0.));
#5228=DIRECTION('',(0.,1.,0.));
#5229=DIRECTION('',(1.,0.,0.));
#5230=DIRECTION('',(-0.707106781186548,0.707106781186548,0.));
#5231=DIRECTION('',(1.,0.,0.));
#5232=DIRECTION('',(0.,0.,1.));
#5233=DIRECTION('',(1.,0.,0.));
#5234=DIRECTION('',(1.,0.,0.));
#5235=DIRECTION('',(0.,1.,0.));
#5236=DIRECTION('',(0.,1.,0.));
#5237=DIRECTION('',(1.,0.,0.));
#5238=DIRECTION('',(0.707106781186548,0.707106781186548,0.));
#5239=DIRECTION('',(0.,0.,-1.));
#5240=DIRECTION('',(0.707106781186547,-0.707106781186548,0.));
#5241=DIRECTION('',(1.,0.,0.));
#5242=DIRECTION('',(0.,1.,0.));
#5243=DIRECTION('',(0.,1.,0.));
#5244=DIRECTION('',(0.,1.,0.));
#5245=DIRECTION('',(1.,0.,0.));
#5246=DIRECTION('',(0.707106781186548,0.707106781186548,0.));
#5247=DIRECTION('',(0.,0.,-1.));
#5248=DIRECTION('',(1.,0.,0.));
#5249=DIRECTION('',(0.,1.,0.));
#5250=DIRECTION('',(0.707106781186548,-0.707106781186548,0.));
#5251=DIRECTION('',(0.,0.,-1.));
#5252=DIRECTION('',(0.,0.,1.));
#5253=DIRECTION('',(1.,0.,0.));
#5254=DIRECTION('',(0.,0.,1.));
#5255=DIRECTION('',(1.,0.,0.));
#5256=DIRECTION('',(0.,1.,0.));
#5257=DIRECTION('',(0.707106781186548,-0.707106781186548,0.));
#5258=DIRECTION('',(0.,0.,-1.));
#5259=DIRECTION('',(0.,0.,1.));
#5260=DIRECTION('',(1.,0.,0.));
#5261=DIRECTION('',(0.,1.,0.));
#5262=DIRECTION('',(1.,0.,0.));
#5263=DIRECTION('',(0.,0.,1.));
#5264=DIRECTION('',(1.,0.,0.));
#5265=DIRECTION('',(1.,0.,0.));
#5266=DIRECTION('',(0.,1.,0.));
#5267=DIRECTION('',(0.,1.,0.));
#5268=DIRECTION('',(1.,0.,0.));
#5269=DIRECTION('',(1.,0.,0.));
#5270=DIRECTION('',(0.,1.,0.));
#5271=DIRECTION('',(0.,1.,0.));
#5272=DIRECTION('',(1.,0.,0.));
#5273=DIRECTION('',(0.707106781186548,-0.707106781186548,0.));
#5274=DIRECTION('',(0.,0.,-1.));
#5275=DIRECTION('',(1.,0.,0.));
#5276=DIRECTION('',(0.,1.,0.));
#5277=DIRECTION('',(0.707106781186548,0.707106781186548,0.));
#5278=DIRECTION('',(0.,0.,-1.));
#5279=DIRECTION('',(0.,0.,1.));
#5280=DIRECTION('',(1.,0.,0.));
#5281=DIRECTION('',(0.,0.,1.));
#5282=DIRECTION('',(1.,0.,0.));
#5283=DIRECTION('',(0.,1.,0.));
#5284=DIRECTION('',(1.,0.,0.));
#5285=DIRECTION('',(1.,0.,0.));
#5286=DIRECTION('',(0.,1.,0.));
#5287=DIRECTION('',(1.,0.,0.));
#5288=DIRECTION('',(0.,1.,0.));
#5289=DIRECTION('',(0.,1.,0.));
#5290=DIRECTION('',(1.,0.,0.));
#5291=DIRECTION('',(0.707106781186548,0.707106781186548,0.));
#5292=DIRECTION('',(0.,0.,-1.));
#5293=DIRECTION('',(1.,0.,0.));
#5294=DIRECTION('',(0.,1.,0.));
#5295=DIRECTION('',(0.,1.,0.));
#5296=DIRECTION('',(1.,0.,0.));
#5297=DIRECTION('',(0.,0.,1.));
#5298=DIRECTION('',(1.,0.,0.));
#5299=DIRECTION('',(0.,0.,1.));
#5300=DIRECTION('',(1.,0.,0.));
#5301=DIRECTION('',(1.,0.,0.));
#5302=DIRECTION('',(0.,0.,1.));
#5303=DIRECTION('',(3.552713678801E-14,-1.,0.));
#5304=DIRECTION('',(0.,1.,0.));
#5305=DIRECTION('',(1.,0.,0.));
#5306=DIRECTION('',(1.,0.,0.));
#5307=DIRECTION('',(-0.1259800336857,0.,0.992032777236997));
#5308=DIRECTION('',(0.,1.,0.));
#5309=DIRECTION('',(0.,-1.,0.));
#5310=DIRECTION('',(0.,1.,0.));
#5311=DIRECTION('',(-0.99203277723701,0.,-0.125980033685601));
#5312=DIRECTION('',(0.,1.,0.));
#5313=DIRECTION('',(0.,0.,1.));
#5314=DIRECTION('',(0.,1.,0.));
#5315=DIRECTION('',(0.,0.,1.));
#5316=DIRECTION('',(0.992032777236997,0.,0.1259800336857));
#5317=DIRECTION('',(0.,-1.,0.));
#5318=DIRECTION('',(0.,0.,1.));
#5319=DIRECTION('',(1.,0.,0.));
#5320=DIRECTION('',(0.,0.,1.));
#5321=DIRECTION('',(1.,0.,0.));
#5322=DIRECTION('',(0.,1.,0.));
#5323=DIRECTION('',(1.,0.,0.));
#5324=DIRECTION('',(0.992032777236997,0.,0.1259800336857));
#5325=DIRECTION('',(0.,-1.,0.));
#5326=DIRECTION('',(0.,-1.,0.));
#5327=DIRECTION('',(0.,1.,0.));
#5328=DIRECTION('',(1.,0.,0.));
#5329=DIRECTION('',(1.,0.,0.));
#5330=DIRECTION('',(0.,1.,0.));
#5331=DIRECTION('',(0.,0.,1.));
#5332=DIRECTION('',(-1.,-3.848773152034E-14,0.));
#5333=DIRECTION('',(1.,0.,0.));
#5334=DIRECTION('',(0.,1.,0.));
#5335=DIRECTION('',(0.,0.,1.));
#5336=DIRECTION('',(1.,0.,0.));
#5337=DIRECTION('',(0.,1.,0.));
#5338=DIRECTION('',(-4.440892098501E-14,0.,-1.));
#5339=DIRECTION('',(0.,1.,0.));
#5340=DIRECTION('',(0.,0.,1.));
#5341=DIRECTION('',(0.,1.,0.));
#5342=DIRECTION('',(0.,0.,1.));
#5343=DIRECTION('',(0.992032777236997,0.,-0.1259800336857));
#5344=DIRECTION('',(0.,-1.,0.));
#5345=DIRECTION('',(0.,0.,1.));
#5346=DIRECTION('',(1.,0.,0.));
#5347=DIRECTION('',(0.,0.,1.));
#5348=DIRECTION('',(1.,0.,0.));
#5349=DIRECTION('',(0.,1.,0.));
#5350=DIRECTION('',(1.,0.,0.));
#5351=DIRECTION('',(0.,1.,0.));
#5352=DIRECTION('',(1.,0.,0.));
#5353=DIRECTION('',(0.1259800336857,0.,0.992032777236997));
#5354=DIRECTION('',(0.,-1.,0.));
#5355=DIRECTION('',(0.,-1.,0.));
#5356=DIRECTION('',(0.992032777236997,0.,-0.1259800336857));
#5357=DIRECTION('',(0.,-1.,0.));
#5358=DIRECTION('',(1.,0.,0.));
#5359=DIRECTION('',(0.,1.,0.));
#5360=DIRECTION('',(0.,0.,1.));
#5361=DIRECTION('',(1.,3.848773152034E-14,0.));
#5362=DIRECTION('',(0.,1.,0.));
#5363=DIRECTION('',(1.,0.,0.));
#5364=DIRECTION('',(0.,0.,1.));
#5365=DIRECTION('',(1.,0.,0.));
#5366=DIRECTION('',(1.,0.,0.));
#5367=DIRECTION('',(0.,1.,0.));
#5368=DIRECTION('',(1.,0.,0.));
#5369=DIRECTION('',(0.,0.,1.));
#5370=DIRECTION('',(1.,0.,0.));
#5371=DIRECTION('',(0.,0.,1.));
#5372=DIRECTION('',(1.,0.,0.));
#5373=DIRECTION('',(0.,0.,1.));
#5374=DIRECTION('',(-3.552713678801E-14,1.,0.));
#5375=DIRECTION('',(0.,1.,0.));
#5376=DIRECTION('',(-4.440892098501E-14,0.,-1.));
#5377=DIRECTION('',(0.992032777236997,0.,-0.1259800336857));
#5378=DIRECTION('',(0.,-1.,0.));
#5379=DIRECTION('',(0.1259800336857,0.,0.992032777236997));
#5380=DIRECTION('',(0.,-1.,0.));
#5381=DIRECTION('',(0.,-1.,0.));
#5382=DIRECTION('',(0.,1.,0.));
#5383=DIRECTION('',(1.,0.,0.));
#5384=DIRECTION('',(0.,1.,0.));
#5385=DIRECTION('',(1.,0.,0.));
#5386=DIRECTION('',(0.992032777236997,0.,-0.1259800336857));
#5387=DIRECTION('',(0.,-1.,0.));
#5388=DIRECTION('',(0.,0.,1.));
#5389=DIRECTION('',(1.,0.,0.));
#5390=DIRECTION('',(0.,0.,-1.));
#5391=DIRECTION('',(-1.,0.,0.));
#5392=DIRECTION('',(0.,0.,-1.));
#5393=DIRECTION('',(-1.,0.,0.));
#5394=DIRECTION('',(0.,0.,-1.));
#5395=DIRECTION('',(-1.,0.,0.));
#5396=DIRECTION('',(0.,0.,-1.));
#5397=DIRECTION('',(-1.,0.,0.));
#5398=DIRECTION('',(0.,0.,-1.));
#5399=DIRECTION('',(-0.956673880428861,0.291161615782688,0.));
#5400=DIRECTION('',(0.,0.,-1.));
#5401=DIRECTION('',(-1.,0.,0.));
#5402=DIRECTION('',(0.,0.,-1.));
#5403=DIRECTION('',(-1.,0.,0.));
#5404=DIRECTION('',(0.,0.,-1.));
#5405=DIRECTION('',(-0.872367025584987,0.488851483246193,0.));
#5406=DIRECTION('',(0.,0.,1.));
#5407=DIRECTION('',(1.,0.,0.));
#5408=DIRECTION('',(0.,1.,0.));
#5409=DIRECTION('',(1.,0.,0.));
#5410=DIRECTION('',(1.,0.,0.));
#5411=DIRECTION('',(0.,1.,0.));
#5412=DIRECTION('',(0.,1.,0.));
#5413=DIRECTION('',(1.,0.,0.));
#5414=DIRECTION('',(0.,1.,0.));
#5415=DIRECTION('',(0.,1.,0.));
#5416=DIRECTION('',(0.,1.,0.));
#5417=DIRECTION('',(1.,0.,0.));
#5418=DIRECTION('',(1.,0.,0.));
#5419=DIRECTION('',(0.,0.,1.));
#5420=DIRECTION('',(1.,0.,0.));
#5421=DIRECTION('',(0.707106781186548,-0.707106781186548,0.));
#5422=DIRECTION('',(0.,0.,-1.));
#5423=DIRECTION('',(0.,0.,-1.));
#5424=DIRECTION('',(-0.872367025584987,0.488851483246193,0.));
#5425=DIRECTION('',(0.,0.,1.));
#5426=DIRECTION('',(1.,0.,0.));
#5427=DIRECTION('',(1.,0.,0.));
#5428=DIRECTION('',(0.,1.,0.));
#5429=DIRECTION('',(0.,1.,0.));
#5430=DIRECTION('',(1.,0.,0.));
#5431=DIRECTION('',(0.,1.,0.));
#5432=DIRECTION('',(1.,0.,0.));
#5433=DIRECTION('',(1.,0.,0.));
#5434=DIRECTION('',(0.,1.,0.));
#5435=DIRECTION('',(0.707106781186548,0.707106781186548,0.));
#5436=DIRECTION('',(0.,0.,-1.));
#5437=DIRECTION('',(1.,0.,0.));
#5438=DIRECTION('',(0.,1.,0.));
#5439=DIRECTION('',(0.707106781186548,0.707106781186548,0.));
#5440=DIRECTION('',(0.,0.,-1.));
#5441=DIRECTION('',(0.707106781186548,-0.707106781186548,0.));
#5442=DIRECTION('',(0.,0.,-1.));
#5443=DIRECTION('',(0.,0.,1.));
#5444=DIRECTION('',(1.,0.,0.));
#5445=DIRECTION('',(0.707106781186548,0.707106781186548,0.));
#5446=DIRECTION('',(0.,0.,-1.));
#5447=DIRECTION('',(0.,0.,1.));
#5448=DIRECTION('',(1.,0.,0.));
#5449=DIRECTION('',(0.,0.,-1.));
#5450=DIRECTION('',(-0.872367025584987,0.488851483246193,0.));
#5451=DIRECTION('',(0.,0.,-1.));
#5452=DIRECTION('',(-1.,0.,0.));
#5453=DIRECTION('',(0.,0.,-1.));
#5454=DIRECTION('',(-1.,0.,0.));
#5455=DIRECTION('',(0.707106781186548,-0.707106781186548,0.));
#5456=DIRECTION('',(0.,0.,-1.));
#5457=DIRECTION('',(0.,1.,0.));
#5458=DIRECTION('',(1.,0.,0.));
#5459=DIRECTION('',(0.,0.,-1.));
#5460=DIRECTION('',(-0.956673880428861,0.291161615782688,0.));
#5461=DIRECTION('',(0.,0.,-1.));
#5462=DIRECTION('',(-1.,0.,0.));
#5463=DIRECTION('',(0.,0.,-1.));
#5464=DIRECTION('',(-1.,0.,0.));
#5465=DIRECTION('',(0.,0.,1.));
#5466=DIRECTION('',(1.,0.,0.));
#5467=DIRECTION('',(1.,0.,0.));
#5468=DIRECTION('',(1.,0.,0.));
#5469=DIRECTION('',(0.707106781186548,0.707106781186548,0.));
#5470=DIRECTION('',(0.,0.,1.));
#5471=DIRECTION('',(1.,0.,0.));
#5472=DIRECTION('',(0.,0.,1.));
#5473=DIRECTION('',(1.,0.,0.));
#5474=DIRECTION('',(0.,1.,0.));
#5475=DIRECTION('',(1.,0.,0.));
#5476=DIRECTION('',(0.,0.,-1.));
#5477=DIRECTION('',(-0.956673880428861,0.291161615782688,0.));
#5478=DIRECTION('',(0.,0.,-1.));
#5479=DIRECTION('',(-1.,0.,0.));
#5480=DIRECTION('',(0.,0.,-1.));
#5481=DIRECTION('',(-1.,0.,0.));
#5482=DIRECTION('',(0.,0.,1.));
#5483=DIRECTION('',(1.,0.,0.));
#5484=DIRECTION('',(0.,0.,-1.));
#5485=DIRECTION('',(-0.872367025584987,0.488851483246193,0.));
#5486=DIRECTION('',(0.,0.,-1.));
#5487=DIRECTION('',(-1.,0.,0.));
#5488=DIRECTION('',(0.,0.,-1.));
#5489=DIRECTION('',(-1.,0.,0.));
#5490=DIRECTION('',(0.707106781186548,0.707106781186548,0.));
#5491=DIRECTION('',(0.,0.,-1.));
#5492=DIRECTION('',(0.707106781186548,-0.707106781186548,0.));
#5493=DIRECTION('',(0.,0.,-1.));
#5494=DIRECTION('',(0.707106781186548,-0.707106781186548,0.));
#5495=DIRECTION('',(0.,0.,-1.));
#5496=DIRECTION('',(-0.707106781186899,-0.707106781186196,0.));
#5497=DIRECTION('',(0.707106781186548,0.707106781186548,0.));
#5498=DIRECTION('',(0.,0.,-1.));
#5499=DIRECTION('',(0.,0.,-1.));
#5500=DIRECTION('',(0.,0.,-1.));
#5501=DIRECTION('',(-0.956673880428861,0.291161615782688,0.));
#5502=DIRECTION('',(0.,0.,-1.));
#5503=DIRECTION('',(-1.,0.,0.));
#5504=DIRECTION('',(0.,0.,-1.));
#5505=DIRECTION('',(-1.,0.,0.));
#5506=DIRECTION('',(0.707106781186548,0.707106781186548,0.));
#5507=DIRECTION('',(0.,0.,-1.));
#5508=DIRECTION('',(-0.707106781186394,0.707106781186701,0.));
#5509=DIRECTION('',(0.707106781186548,-0.707106781186548,0.));
#5510=DIRECTION('',(0.,0.,-1.));
#5511=DIRECTION('',(0.707106781186396,0.707106781186699,0.));
#5512=DIRECTION('',(1.,0.,0.));
#5513=DIRECTION('',(0.,1.,0.));
#5514=DIRECTION('',(0.,0.,1.));
#5515=DIRECTION('',(1.,0.,0.));
#5516=DIRECTION('',(0.,1.,0.));
#5517=DIRECTION('',(1.,0.,0.));
#5518=DIRECTION('',(0.,0.,-1.));
#5519=DIRECTION('',(-0.872367025584987,0.488851483246193,0.));
#5520=DIRECTION('',(0.,0.,1.));
#5521=DIRECTION('',(1.,0.,0.));
#5522=CARTESIAN_POINT('',(0.,0.,0.));
#5523=CARTESIAN_POINT('',(0.,1.25,1.5));
#5524=CARTESIAN_POINT('',(0.4,1.25,1.5));
#5525=CARTESIAN_POINT('',(0.400000000006667,1.25000000000333,1.45000000000667));
#5526=CARTESIAN_POINT('',(0.4,1.25,1.55));
#5527=CARTESIAN_POINT('',(0.,1.25,1.55));
#5528=CARTESIAN_POINT('',(-0.4,1.25,1.55));
#5529=CARTESIAN_POINT('',(-0.4,1.25,1.5));
#5530=CARTESIAN_POINT('',(-0.4,1.25,1.45));
#5531=CARTESIAN_POINT('',(0.,1.25,1.45));
#5532=CARTESIAN_POINT('',(-0.4,0.,1.5));
#5533=CARTESIAN_POINT('',(-0.4,0.,1.55));
#5534=CARTESIAN_POINT('',(-0.4,-1.25,1.55));
#5535=CARTESIAN_POINT('',(-0.4,-1.25,1.5));
#5536=CARTESIAN_POINT('',(-0.4000000000665,-1.25,1.450000050003));
#5537=CARTESIAN_POINT('',(-0.4,0.,1.45));
#5538=CARTESIAN_POINT('',(-1.593502884255,1.093502884254,1.5));
#5539=CARTESIAN_POINT('',(-1.3435028842545,1.3435028842545,1.45));
#5540=CARTESIAN_POINT('',(-1.77842712474021,0.90857864376848,1.45000000001));
#5541=CARTESIAN_POINT('',(-1.40857864376619,1.2784271247425,1.450000000005));
#5542=CARTESIAN_POINT('',(-1.77842712474585,0.908578643762845,1.5));
#5543=CARTESIAN_POINT('',(-1.77842711771385,0.908578650794841,1.55000000000763));
#5544=CARTESIAN_POINT('',(-1.408578643773,1.278427124756,1.55));
#5545=CARTESIAN_POINT('',(-1.40857865080061,1.27842711771839,1.550000000005));
#5546=CARTESIAN_POINT('',(-1.40857864376285,1.27842712474585,1.5));
#5547=CARTESIAN_POINT('',(-1.593502884255,-1.093502884254,1.5));
#5548=CARTESIAN_POINT('',(-1.3435028842545,-1.3435028842545,1.45));
#5549=CARTESIAN_POINT('',(-1.40857864376888,-1.27842712473981,1.45000000001));
#5550=CARTESIAN_POINT('',(-1.7784271247427,-0.908578643765992,1.450000000005));
#5551=CARTESIAN_POINT('',(-1.40857864376285,-1.27842712474585,1.5));
#5552=CARTESIAN_POINT('',(-1.40857865079512,-1.27842711771357,1.55000000000763));
#5553=CARTESIAN_POINT('',(-1.77842712475605,-0.90857864377255,1.55));
#5554=CARTESIAN_POINT('',(-1.7784271177185,-0.908578650800301,1.550000000005));
#5555=CARTESIAN_POINT('',(-1.77842712474585,-0.908578643762845,1.5));
#5556=CARTESIAN_POINT('',(0.,0.,1.45));
#5557=CARTESIAN_POINT('',(0.4,0.,1.45000000001));
#5558=CARTESIAN_POINT('',(0.4,-1.25,1.45000000001));
#5559=CARTESIAN_POINT('',(0.,-1.25,1.45));
#5560=CARTESIAN_POINT('',(-1.35,0.,1.45));
#5561=CARTESIAN_POINT('',(-1.350000000005,1.419848480988,1.450000000005));
#5562=CARTESIAN_POINT('',(-1.35000000000333,1.60000000000667,1.45000000000333));
#5563=CARTESIAN_POINT('',(0.,1.6,1.45));
#5564=CARTESIAN_POINT('',(1.350000000005,1.60000000000526,1.450000000005));
#5565=CARTESIAN_POINT('',(1.35,1.509924240492,1.45000000001));
#5566=CARTESIAN_POINT('',(1.35,1.419848480988,1.450000000005));
#5567=CARTESIAN_POINT('',(1.55,1.419848480983,1.45000000001));
#5568=CARTESIAN_POINT('',(1.40857865079366,1.27842711771534,1.45000000001));
#5569=CARTESIAN_POINT('',(1.593502884255,1.093502884254,1.45000000001));
#5570=CARTESIAN_POINT('',(1.77842712474605,0.908578643762637,1.45000000000737));
#5571=CARTESIAN_POINT('',(1.919848480983,1.05,1.45000000001));
#5572=CARTESIAN_POINT('',(1.91984849093362,0.85,1.45000000001));
#5573=CARTESIAN_POINT('',(-2.009924240492,0.85,1.45));
#5574=CARTESIAN_POINT('',(2.10000000000526,0.85,1.45000000001));
#5575=CARTESIAN_POINT('',(2.1,0.,1.45));
#5576=CARTESIAN_POINT('',(2.10000000000526,-0.850000000005,1.45));
#5577=CARTESIAN_POINT('',(0.,-0.85,1.45));
#5578=CARTESIAN_POINT('',(1.91984851315458,-0.850000000000005,1.45000000001));
#5579=CARTESIAN_POINT('',(1.919848480983,-1.05,1.45000000001));
#5580=CARTESIAN_POINT('',(1.7784271177157,-0.908578650793304,1.45000000001));
#5581=CARTESIAN_POINT('',(1.593502884255,-1.093502884254,1.45000000001));
#5582=CARTESIAN_POINT('',(1.40857864376284,-1.27842712474585,1.45000000000737));
#5583=CARTESIAN_POINT('',(1.55,-1.419848480983,1.45000000001));
#5584=CARTESIAN_POINT('',(1.35,-1.41984849093161,1.45000000001));
#5585=CARTESIAN_POINT('',(1.35,1.509924240492,1.45));
#5586=CARTESIAN_POINT('',(1.35,-1.600000000005,1.45000000001));
#5587=CARTESIAN_POINT('',(0.,-1.6,1.45));
#5588=CARTESIAN_POINT('',(-1.350000000005,-1.60000000000667,1.45000000000333));
#5589=CARTESIAN_POINT('',(-1.35,0.,1.45));
#5590=CARTESIAN_POINT('',(-1.35,-1.419848480983,1.450000000005));
#5591=CARTESIAN_POINT('',(-1.55,-1.419848480983,1.45000000001));
#5592=CARTESIAN_POINT('',(-1.919848480983,-1.05,1.45));
#5593=CARTESIAN_POINT('',(-1.91984849661061,-0.850000000005001,1.45));
#5594=CARTESIAN_POINT('',(0.,-0.85,1.45));
#5595=CARTESIAN_POINT('',(-2.10000000000844,-0.85,1.45));
#5596=CARTESIAN_POINT('',(-2.10000000001,0.,1.45));
#5597=CARTESIAN_POINT('',(-2.100000000005,0.85,1.4500000000075));
#5598=CARTESIAN_POINT('',(-2.009924240492,0.85,1.45000000001));
#5599=CARTESIAN_POINT('',(-1.919848480988,0.85,1.450000000005));
#5600=CARTESIAN_POINT('',(-1.919848480983,1.05,1.45000000001));
#5601=CARTESIAN_POINT('',(-1.55,1.419848480983,1.45));
#5602=CARTESIAN_POINT('',(-1.55,-1.419848480983,1.5));
#5603=CARTESIAN_POINT('',(-1.35,-1.419848480983,1.5));
#5604=CARTESIAN_POINT('',(-1.350000000005,-1.41984849159703,1.550000000005));
#5605=CARTESIAN_POINT('',(-1.55,-1.419848480983,1.55));
#5606=CARTESIAN_POINT('',(-1.919848480983,-1.05,1.5));
#5607=CARTESIAN_POINT('',(-1.919848480983,-0.85,1.5));
#5608=CARTESIAN_POINT('',(-1.91984851315342,-0.850000000005005,1.55));
#5609=CARTESIAN_POINT('',(-1.919848480983,-1.05,1.55));
#5610=CARTESIAN_POINT('',(-1.919848480983,1.05,1.5));
#5611=CARTESIAN_POINT('',(-1.919848480983,0.85,1.5));
#5612=CARTESIAN_POINT('',(-1.91984849093362,0.85000000001,1.55));
#5613=CARTESIAN_POINT('',(-1.919848480983,1.05,1.55));
#5614=CARTESIAN_POINT('',(-1.55,1.419848480983,1.5));
#5615=CARTESIAN_POINT('',(-1.35,1.419848480983,1.5));
#5616=CARTESIAN_POINT('',(-1.35000000000501,1.41984851315407,1.55));
#5617=CARTESIAN_POINT('',(-1.55,1.419848480983,1.55));
#5618=CARTESIAN_POINT('',(2.009924240492,-0.85,1.5));
#5619=CARTESIAN_POINT('',(0.,-0.85,1.55));
#5620=CARTESIAN_POINT('',(-2.099999950009,-0.850000000005,1.550000000005));
#5621=CARTESIAN_POINT('',(-2.1,-0.85,1.5));
#5622=CARTESIAN_POINT('',(-1.35,1.509924240492,1.5));
#5623=CARTESIAN_POINT('',(-1.35,-1.6,1.5));
#5624=CARTESIAN_POINT('',(-1.350000000005,-1.60000000001,1.55));
#5625=CARTESIAN_POINT('',(-1.35,0.,1.55));
#5626=CARTESIAN_POINT('',(-1.35,1.509924240492,1.5));
#5627=CARTESIAN_POINT('',(-1.35000000001,0.,1.55));
#5628=CARTESIAN_POINT('',(-1.35000000000333,1.60000000000667,1.55000000000667));
#5629=CARTESIAN_POINT('',(-1.35,1.6,1.5));
#5630=CARTESIAN_POINT('',(-2.009924240492,0.85,1.5));
#5631=CARTESIAN_POINT('',(-2.1,0.85,1.5));
#5632=CARTESIAN_POINT('',(-2.100000000005,0.8500000000075,1.55));
#5633=CARTESIAN_POINT('',(0.,0.85000000001,1.55));
#5634=CARTESIAN_POINT('',(-2.1,0.,1.5));
#5635=CARTESIAN_POINT('',(-2.10000000001,0.,1.55));
#5636=CARTESIAN_POINT('',(0.,-1.6,1.5));
#5637=CARTESIAN_POINT('',(1.35,-1.6,1.5));
#5638=CARTESIAN_POINT('',(1.35000000000333,-1.60000000001,1.55000000000333));
#5639=CARTESIAN_POINT('',(0.,-1.6,1.55));
#5640=CARTESIAN_POINT('',(1.593502884255,-1.093502884254,1.5));
#5641=CARTESIAN_POINT('',(1.77842712474585,-0.908578643762845,1.5));
#5642=CARTESIAN_POINT('',(1.7784271177129,-0.90857865079579,1.55));
#5643=CARTESIAN_POINT('',(1.593502884255,-1.093502884254,1.55000000001));
#5644=CARTESIAN_POINT('',(1.40857865079546,-1.27842711771323,1.55));
#5645=CARTESIAN_POINT('',(1.40857864376285,-1.27842712474585,1.5));
#5646=CARTESIAN_POINT('',(1.919848480983,-1.05,1.5));
#5647=CARTESIAN_POINT('',(1.919848480983,-0.85,1.5));
#5648=CARTESIAN_POINT('',(1.91984851315491,-0.850000000005005,1.55));
#5649=CARTESIAN_POINT('',(1.919848480983,-1.05,1.55));
#5650=CARTESIAN_POINT('',(1.55,-1.419848480983,1.5));
#5651=CARTESIAN_POINT('',(1.35,-1.419848480983,1.5));
#5652=CARTESIAN_POINT('',(1.35,-1.41984848099394,1.550000000005));
#5653=CARTESIAN_POINT('',(1.55,-1.419848480983,1.55));
#5654=CARTESIAN_POINT('',(1.35,1.509924240492,1.5));
#5655=CARTESIAN_POINT('',(1.35,0.,1.55));
#5656=CARTESIAN_POINT('',(2.009924240492,-0.85,1.5));
#5657=CARTESIAN_POINT('',(2.1,-0.85,1.5));
#5658=CARTESIAN_POINT('',(2.10000000001026,-0.85000000001,1.55));
#5659=CARTESIAN_POINT('',(0.,-0.85000000001,1.55));
#5660=CARTESIAN_POINT('',(0.,0.,1.55));
#5661=CARTESIAN_POINT('',(2.1,0.,1.55));
#5662=CARTESIAN_POINT('',(2.10000000001018,0.850000000003333,1.55000000000333));
#5663=CARTESIAN_POINT('',(0.,0.85,1.55));
#5664=CARTESIAN_POINT('',(1.9198484809947,0.85,1.550000000005));
#5665=CARTESIAN_POINT('',(1.919848480983,1.05,1.55));
#5666=CARTESIAN_POINT('',(1.77842711771333,0.908578650795363,1.55));
#5667=CARTESIAN_POINT('',(1.593502884255,1.093502884254,1.55000000001));
#5668=CARTESIAN_POINT('',(1.40857865079594,1.27842711771275,1.55));
#5669=CARTESIAN_POINT('',(1.55,1.419848480983,1.55));
#5670=CARTESIAN_POINT('',(1.35,1.41984849093329,1.55));
#5671=CARTESIAN_POINT('',(1.35000000001,0.,1.55));
#5672=CARTESIAN_POINT('',(1.35000000001,1.60000000001026,1.55));
#5673=CARTESIAN_POINT('',(0.,1.6,1.55));
#5674=CARTESIAN_POINT('',(0.4,0.,1.55));
#5675=CARTESIAN_POINT('',(0.400000000005,-1.25,1.550000000005));
#5676=CARTESIAN_POINT('',(0.,-1.25,1.55));
#5677=CARTESIAN_POINT('',(2.1,0.,1.5));
#5678=CARTESIAN_POINT('',(2.1,0.85,1.5));
#5679=CARTESIAN_POINT('',(0.4,0.,1.5));
#5680=CARTESIAN_POINT('',(0.4,-1.25,1.5));
#5681=CARTESIAN_POINT('',(1.593502884255,1.093502884254,1.5));
#5682=CARTESIAN_POINT('',(1.40857864376285,1.27842712474585,1.5));
#5683=CARTESIAN_POINT('',(1.77842712474585,0.908578643762845,1.5));
#5684=CARTESIAN_POINT('',(1.55,1.419848480983,1.5));
#5685=CARTESIAN_POINT('',(1.35,1.419848480983,1.5));
#5686=CARTESIAN_POINT('',(1.919848480983,1.05,1.5));
#5687=CARTESIAN_POINT('',(1.919848480983,0.85,1.5));
#5688=CARTESIAN_POINT('',(-2.009924240492,0.85,1.5));
#5689=CARTESIAN_POINT('',(1.35,1.509924240492,1.5));
#5690=CARTESIAN_POINT('',(1.35,1.6,1.5));
#5691=CARTESIAN_POINT('',(0.,1.6,1.5));
#5692=CARTESIAN_POINT('',(0.,-1.25,1.5));
#5693=CARTESIAN_POINT('',(0.,0.,0.));
#5694=CARTESIAN_POINT('',(-1.368870849899,0.8938708498985,1.05));
#5695=CARTESIAN_POINT('',(-1.368870849899,0.8938708498985,1.00000000001));
#5696=CARTESIAN_POINT('',(-1.675,0.587741679092384,1.00000000001));
#5697=CARTESIAN_POINT('',(-1.06274171443994,1.19999998535756,1.00000000001));
#5698=CARTESIAN_POINT('',(-1.06274169979725,1.20000000000025,1.00000000001));
#5699=CARTESIAN_POINT('',(-1.06274169979725,1.20000000000025,1.10000000002));
#5700=CARTESIAN_POINT('',(-1.06274169980042,1.20000000000675,1.10000000001));
#5701=CARTESIAN_POINT('',(-1.06274169978725,1.20000000001025,1.10000000001));
#5702=CARTESIAN_POINT('',(-1.67500000000025,0.58774169979725,1.10000000001));
#5703=CARTESIAN_POINT('',(-1.67500000000342,0.587741699800417,1.10000000001));
#5704=CARTESIAN_POINT('',(-1.675,0.587741699807,1.00000000001));
#5705=CARTESIAN_POINT('',(-1.675,0.587741699807,1.10000000002));
#5706=CARTESIAN_POINT('',(0.,1.2,1.05));
#5707=CARTESIAN_POINT('',(0.,1.2,1.));
#5708=CARTESIAN_POINT('',(1.06274169980437,1.20000000000369,1.));
#5709=CARTESIAN_POINT('',(1.06274169980175,1.19999999999475,1.05));
#5710=CARTESIAN_POINT('',(1.06274169980937,1.19999999999737,1.10000000000526));
#5711=CARTESIAN_POINT('',(-1.062741699807,1.2,1.10000000001));
#5712=CARTESIAN_POINT('',(1.062741699797,1.2,1.10000000001));
#5713=CARTESIAN_POINT('',(-3.264055692398E-14,0.,1.66));
#5714=CARTESIAN_POINT('',(-3.264055692398E-14,0.,2.22000000001));
#5715=CARTESIAN_POINT('',(1.02343134832987,0.626568651670065,2.22000000001));
#5716=CARTESIAN_POINT('',(1.02343134832889,-0.626568651671663,2.22000000001));
#5717=CARTESIAN_POINT('',(1.02343134832989,0.62656865167026,1.10000000001));
#5718=CARTESIAN_POINT('',(1.02343134832989,0.62656865167026,1.47333333334667));
#5719=CARTESIAN_POINT('',(1.02343134832989,0.62656865167026,1.84666666668333));
#5720=CARTESIAN_POINT('',(1.02343134832989,0.62656865167026,2.22000000002));
#5721=CARTESIAN_POINT('',(1.02343130828715,0.626568562965633,1.10000000001));
#5722=CARTESIAN_POINT('',(-3.264055692398E-14,0.,1.10000000001));
#5723=CARTESIAN_POINT('',(1.02343130904405,-0.626568564642346,1.10000000001));
#5724=CARTESIAN_POINT('',(1.02343134833533,-0.626568651682308,2.22000000001));
#5725=CARTESIAN_POINT('',(1.02343134833533,-0.626568651682308,1.84666666667333));
#5726=CARTESIAN_POINT('',(1.02343134833533,-0.626568651682308,1.47333333333667));
#5727=CARTESIAN_POINT('',(1.02343134833533,-0.626568651682308,1.1));
#5728=CARTESIAN_POINT('',(0.,0.,0.57));
#5729=CARTESIAN_POINT('',(0.,0.,0.57));
#5730=CARTESIAN_POINT('',(0.317603699997659,-8.62205734168097E-7,0.57));
#5731=CARTESIAN_POINT('',(-0.3176037,-2.91714270703259E-17,0.57));
#5732=CARTESIAN_POINT('',(0.,0.,0.57));
#5733=CARTESIAN_POINT('',(0.,0.,0.72));
#5734=CARTESIAN_POINT('',(-0.3176037,-3.88952354602356E-17,0.72));
#5735=CARTESIAN_POINT('',(-0.467027764326971,-5.7194405669597E-17,0.706868016143432));
#5736=CARTESIAN_POINT('',(0.,0.,0.706868016143432));
#5737=CARTESIAN_POINT('',(0.467027764326971,0.,0.706868016143432));
#5738=CARTESIAN_POINT('',(0.3176037,0.,0.72));
#5739=CARTESIAN_POINT('',(0.,0.,0.72));
#5740=CARTESIAN_POINT('',(0.3176037,3.88952354602356E-17,0.72));
#5741=CARTESIAN_POINT('',(0.467027832431208,5.71944140099606E-17,0.706868791099801));
#5742=CARTESIAN_POINT('',(0.,0.,0.706868791099801));
#5743=CARTESIAN_POINT('',(-0.467027842694974,3.8129611853871E-17,0.706868790197834));
#5744=CARTESIAN_POINT('',(-0.3176037,0.,0.72));
#5745=CARTESIAN_POINT('',(0.,0.,1.463431518886));
#5746=CARTESIAN_POINT('',(0.600000000000927,-7.34788079489547E-17,2.2200000000108));
#5747=CARTESIAN_POINT('',(0.555675954407803,5.85746862725348E-12,1.71562292946823));
#5748=CARTESIAN_POINT('',(0.511351908814679,1.04168621194368E-11,1.21124585892567));
#5749=CARTESIAN_POINT('',(0.467027863221555,1.3678106997742E-11,0.706868788383104));
#5750=CARTESIAN_POINT('',(0.600000006702667,-7.34788087696811E-17,2.2200000000108));
#5751=CARTESIAN_POINT('',(0.,0.,2.22000000001079));
#5752=CARTESIAN_POINT('',(-0.600000006703141,1.28587915376828E-16,2.22000000001619));
#5753=CARTESIAN_POINT('',(-0.467027863222504,1.14388835561613E-16,0.706868788393899));
#5754=CARTESIAN_POINT('',(-0.489189886019066,1.19816965617701E-16,0.959057323665182));
#5755=CARTESIAN_POINT('',(-0.53351393161219,1.30673225729878E-16,1.46343439420775));
#5756=CARTESIAN_POINT('',(-0.577837977205314,1.41529485842054E-16,1.96781146475031));
#5757=CARTESIAN_POINT('',(-0.600000000001876,1.46957615898142E-16,2.22000000002159));
#5758=CARTESIAN_POINT('',(0.,0.,1.463431518886));
#5759=CARTESIAN_POINT('',(-0.467027863222504,1.14388835561613E-16,0.706868788393899));
#5760=CARTESIAN_POINT('',(-0.489189886019066,1.19816965617701E-16,0.959057323665182));
#5761=CARTESIAN_POINT('',(-0.53351393161219,1.30673225729878E-16,1.46343439420775));
#5762=CARTESIAN_POINT('',(-0.577837977205314,1.41529485842054E-16,1.96781146475031));
#5763=CARTESIAN_POINT('',(-0.600000000001876,1.46957615898142E-16,2.22000000002159));
#5764=CARTESIAN_POINT('',(0.,0.,2.2200000000108));
#5765=CARTESIAN_POINT('',(0.600000000000927,-7.34788079489547E-17,2.2200000000108));
#5766=CARTESIAN_POINT('',(0.555675954407803,5.85746862725348E-12,1.71562292946823));
#5767=CARTESIAN_POINT('',(0.511351908814679,1.04168621194368E-11,1.21124585892567));
#5768=CARTESIAN_POINT('',(0.467027863221555,1.3678106997742E-11,0.706868788383104));
#5769=CARTESIAN_POINT('',(0.,0.,2.22));
#5770=CARTESIAN_POINT('',(0.454196010855,0.80000000001,2.22));
#5771=CARTESIAN_POINT('',(-0.454196010845,0.80000000001,2.22));
#5772=CARTESIAN_POINT('',(0.454195760852985,0.80000000001,2.22));
#5773=CARTESIAN_POINT('',(-0.454196010845021,0.800000000000008,2.219999750015));
#5774=CARTESIAN_POINT('',(0.75,0.75,2.22000000001));
#5775=CARTESIAN_POINT('',(1.02343134834,-0.6265686516802,2.22));
#5776=CARTESIAN_POINT('',(1.12294605324636,-0.461048728614695,2.22));
#5777=CARTESIAN_POINT('',(1.1687691938786,-0.308559594515898,2.22));
#5778=CARTESIAN_POINT('',(1.21318287094638,-0.160760839023261,2.22));
#5779=CARTESIAN_POINT('',(1.2151362681326,-0.0130279347638735,2.22));
#5780=CARTESIAN_POINT('',(1.21673444509238,0.107840122922091,2.22));
#5781=CARTESIAN_POINT('',(1.18949653349591,0.229508371211824,2.22));
#5782=CARTESIAN_POINT('',(1.14618803760017,0.422961852879693,2.22));
#5783=CARTESIAN_POINT('',(1.02343134834,0.6265686516802,2.22));
#5784=CARTESIAN_POINT('',(0.75,-0.75,2.22000000001));
#5785=CARTESIAN_POINT('',(0.454196010845021,-0.800000000000008,2.2199997500175));
#5786=CARTESIAN_POINT('',(-0.454196010845,-0.8,2.22000000001));
#5787=CARTESIAN_POINT('',(0.454196010855,-0.8,2.22000000001));
#5788=CARTESIAN_POINT('',(-0.45419576084597,-0.800000000005681,2.22000000001));
#5789=CARTESIAN_POINT('',(-0.75,-0.75,2.22000000001));
#5790=CARTESIAN_POINT('',(-1.02343134833493,-0.626568651675132,2.220000000005));
#5791=CARTESIAN_POINT('',(-1.02343134834,0.6265686516802,2.22));
#5792=CARTESIAN_POINT('',(-1.12294605324636,0.461048728614695,2.22));
#5793=CARTESIAN_POINT('',(-1.1687691938786,0.308559594515898,2.22));
#5794=CARTESIAN_POINT('',(-1.21318287094638,0.160760839023261,2.22));
#5795=CARTESIAN_POINT('',(-1.2151362681326,0.0130279347638735,2.22));
#5796=CARTESIAN_POINT('',(-1.21673444509238,-0.107840122922091,2.22));
#5797=CARTESIAN_POINT('',(-1.18949653349591,-0.229508371211824,2.22));
#5798=CARTESIAN_POINT('',(-1.14618803760017,-0.422961852879693,2.22));
#5799=CARTESIAN_POINT('',(-1.02343134834,-0.6265686516802,2.22));
#5800=CARTESIAN_POINT('',(-1.02343134833492,0.626568651675163,2.220000000005));
#5801=CARTESIAN_POINT('',(-0.75,0.75,2.22000000001));
#5802=CARTESIAN_POINT('',(-3.264055692398E-14,0.,1.66));
#5803=CARTESIAN_POINT('',(3.264055692398E-14,0.,2.22000000001));
#5804=CARTESIAN_POINT('',(-1.02343134832989,-0.62656865167026,1.10000000001));
#5805=CARTESIAN_POINT('',(-1.02343134832989,-0.62656865167026,1.47333333334667));
#5806=CARTESIAN_POINT('',(-1.02343134832989,-0.62656865167026,1.84666666668333));
#5807=CARTESIAN_POINT('',(-1.02343134832989,-0.62656865167026,2.22000000002));
#5808=CARTESIAN_POINT('',(-1.02343130891527,-0.626568564357086,1.10000000001));
#5809=CARTESIAN_POINT('',(3.264055692398E-14,0.,1.10000000001));
#5810=CARTESIAN_POINT('',(-1.02343130904405,0.626568564642346,1.10000000001));
#5811=CARTESIAN_POINT('',(-1.02343134833533,0.626568651682308,2.22000000001));
#5812=CARTESIAN_POINT('',(-1.02343134833533,0.626568651682308,1.84666666667333));
#5813=CARTESIAN_POINT('',(-1.02343134833533,0.626568651682308,1.47333333333667));
#5814=CARTESIAN_POINT('',(-1.02343134833533,0.626568651682308,1.1));
#5815=CARTESIAN_POINT('',(-0.75,-0.75,1.66));
#5816=CARTESIAN_POINT('',(-0.75,-0.75,1.10000000001));
#5817=CARTESIAN_POINT('',(-0.454195940591968,-0.799999938017647,1.10000000001));
#5818=CARTESIAN_POINT('',(-0.45419601084694,-0.800000000011362,2.22000000001));
#5819=CARTESIAN_POINT('',(-0.45419601084694,-0.800000000011362,1.84666666667333));
#5820=CARTESIAN_POINT('',(-0.45419601084694,-0.800000000011362,1.47333333333667));
#5821=CARTESIAN_POINT('',(-0.45419601084694,-0.800000000011362,1.1));
#5822=CARTESIAN_POINT('',(-0.75,0.75,1.66));
#5823=CARTESIAN_POINT('',(-0.75,0.75,1.10000000001));
#5824=CARTESIAN_POINT('',(-0.454195744668279,0.799999904296981,1.10000000001));
#5825=CARTESIAN_POINT('',(-0.454196010845021,0.800000000000008,1.10000000001));
#5826=CARTESIAN_POINT('',(-0.454196010845021,0.800000000000008,1.47333333334667));
#5827=CARTESIAN_POINT('',(-0.454196010845021,0.800000000000008,1.84666666668333));
#5828=CARTESIAN_POINT('',(-0.454196010845021,0.800000000000008,2.22000000002));
#5829=CARTESIAN_POINT('',(0.75,-0.75,1.66));
#5830=CARTESIAN_POINT('',(0.75,-0.75,1.10000000001));
#5831=CARTESIAN_POINT('',(0.454195941787041,-0.79999994155701,1.10000000001));
#5832=CARTESIAN_POINT('',(0.454196010845021,-0.800000000000008,1.10000000001));
#5833=CARTESIAN_POINT('',(0.454196010845021,-0.800000000000008,1.47333333334667));
#5834=CARTESIAN_POINT('',(0.454196010845021,-0.800000000000008,1.84666666668333));
#5835=CARTESIAN_POINT('',(0.454196010845021,-0.800000000000008,2.22000000002));
#5836=CARTESIAN_POINT('',(0.,-0.8,1.66));
#5837=CARTESIAN_POINT('',(0.,-0.8,1.10000000001));
#5838=CARTESIAN_POINT('',(0.75,0.75,1.66));
#5839=CARTESIAN_POINT('',(0.75,0.75,1.10000000001));
#5840=CARTESIAN_POINT('',(0.454195745442199,0.799999908857911,1.10000000001));
#5841=CARTESIAN_POINT('',(0.45419601084694,0.800000000011362,2.22000000001));
#5842=CARTESIAN_POINT('',(0.45419601084694,0.800000000011362,1.84666666667333));
#5843=CARTESIAN_POINT('',(0.45419601084694,0.800000000011362,1.47333333333667));
#5844=CARTESIAN_POINT('',(0.45419601084694,0.800000000011362,1.1));
#5845=CARTESIAN_POINT('',(0.,0.8,1.66));
#5846=CARTESIAN_POINT('',(0.454196010855,0.8,1.10000000001));
#5847=CARTESIAN_POINT('',(-0.454196010845,0.8,1.10000000001));
#5848=CARTESIAN_POINT('',(0.,0.,1.1));
#5849=CARTESIAN_POINT('',(1.67500000002,0.587741699797,1.1));
#5850=CARTESIAN_POINT('',(1.062741699807,1.20000000001,1.1));
#5851=CARTESIAN_POINT('',(1.67499999999738,0.587741699809375,1.10000000001026));
#5852=CARTESIAN_POINT('',(1.675,0.587741699807,1.10000000001));
#5853=CARTESIAN_POINT('',(1.675,-0.587741699797,1.10000000001));
#5854=CARTESIAN_POINT('',(1.675,-0.587741699797375,1.10000000001026));
#5855=CARTESIAN_POINT('',(1.67500000000025,-0.58774169979725,1.10000000001));
#5856=CARTESIAN_POINT('',(1.06274169978725,-1.20000000001025,1.10000000001));
#5857=CARTESIAN_POINT('',(1.06274169980042,-1.20000000000675,1.10000000001));
#5858=CARTESIAN_POINT('',(-1.062741699797,-1.2,1.10000000001));
#5859=CARTESIAN_POINT('',(1.062741699807,-1.2,1.10000000001));
#5860=CARTESIAN_POINT('',(-1.06274169980025,-1.20000000000325,1.10000000001));
#5861=CARTESIAN_POINT('',(-1.67500000000975,-0.58774169978675,1.10000000001));
#5862=CARTESIAN_POINT('',(-1.06274169979675,-1.19999999999975,1.10000000001));
#5863=CARTESIAN_POINT('',(-1.67500000000575,-0.58774169980275,1.10000000001));
#5864=CARTESIAN_POINT('',(-1.675,0.587741699797,1.10000000001));
#5865=CARTESIAN_POINT('',(-1.675,-0.587741699807,1.10000000001));
#5866=CARTESIAN_POINT('',(-1.675,0.,1.05));
#5867=CARTESIAN_POINT('',(-1.675,0.,1.00000000001));
#5868=CARTESIAN_POINT('',(-1.67499998535599,-0.587741714440511,1.00000000001));
#5869=CARTESIAN_POINT('',(-1.67499999999975,-0.58774169979675,1.00000000001));
#5870=CARTESIAN_POINT('',(-1.67499999999475,-0.587741699801751,1.10000000002));
#5871=CARTESIAN_POINT('',(-1.368870849898,-0.8938708498985,1.05));
#5872=CARTESIAN_POINT('',(-1.368870849898,-0.8938708498985,1.00000000001));
#5873=CARTESIAN_POINT('',(-1.06274169980188,-1.19999999999987,1.00000000001));
#5874=CARTESIAN_POINT('',(-1.062741699807,-1.2,1.00000000001));
#5875=CARTESIAN_POINT('',(-1.062741699807,-1.2,1.10000000002));
#5876=CARTESIAN_POINT('',(0.,-1.2,1.05));
#5877=CARTESIAN_POINT('',(1.062741699807,-1.2,1.00000000001));
#5878=CARTESIAN_POINT('',(-1.062741699797,-1.2,1.00000000001));
#5879=CARTESIAN_POINT('',(1.06274169979713,-1.20000000000512,1.000000000005));
#5880=CARTESIAN_POINT('',(1.062741699807,-1.2,1.10000000002));
#5881=CARTESIAN_POINT('',(1.062741699807,-1.2,1.00000000001));
#5882=CARTESIAN_POINT('',(1.368870849899,-0.8938708498985,1.05));
#5883=CARTESIAN_POINT('',(1.675,-0.58774169979725,1.05));
#5884=CARTESIAN_POINT('',(1.6749999705365,-0.587741729260876,1.00000004167083));
#5885=CARTESIAN_POINT('',(1.06274169978725,-1.20000000001025,1.));
#5886=CARTESIAN_POINT('',(1.368870849898,0.8938708498985,1.05));
#5887=CARTESIAN_POINT('',(1.062741699807,1.20000000001,1.));
#5888=CARTESIAN_POINT('',(1.67500000002,0.587741699797,1.));
#5889=CARTESIAN_POINT('',(1.67500000000658,0.587741699796917,1.00000000000667));
#5890=CARTESIAN_POINT('',(1.67499999999475,0.58774169980175,1.05));
#5891=CARTESIAN_POINT('',(1.675,0.,1.05));
#5892=CARTESIAN_POINT('',(1.675,-0.587741699807,1.00000000001));
#5893=CARTESIAN_POINT('',(1.675,0.587741699797,1.00000000001));
#5894=CARTESIAN_POINT('',(-1.102091988222,1.295,1.225));
#5895=CARTESIAN_POINT('',(-1.102091988222,1.295,1.00000000001));
#5896=CARTESIAN_POINT('',(-1.10209198822756,1.425,1.00000000001));
#5897=CARTESIAN_POINT('',(-1.19401630816087,1.38692344316889,1.00000000001));
#5898=CARTESIAN_POINT('',(-1.19401586977675,1.38692388155375,1.00000000001));
#5899=CARTESIAN_POINT('',(-1.19401586977675,1.38692388155375,1.15000000001333));
#5900=CARTESIAN_POINT('',(-1.19401586977675,1.38692388155375,1.30000000001667));
#5901=CARTESIAN_POINT('',(-1.19401586977675,1.38692388155375,1.45000000002));
#5902=CARTESIAN_POINT('',(-1.19401599425747,1.3869237570781,1.449999875005));
#5903=CARTESIAN_POINT('',(-1.102091988242,1.425,1.45));
#5904=CARTESIAN_POINT('',(-1.13574879461334,1.42499999999482,1.45));
#5905=CARTESIAN_POINT('',(-1.16959581933108,1.4113439319997,1.45));
#5906=CARTESIAN_POINT('',(-1.19401586977675,1.38692388155375,1.45));
#5907=CARTESIAN_POINT('',(-1.10209198823575,1.425,1.4500000000075));
#5908=CARTESIAN_POINT('',(-1.102091988232,1.425,1.));
#5909=CARTESIAN_POINT('',(-1.102091988232,1.425,1.45000000001));
#5910=CARTESIAN_POINT('',(0.4,0.,1.975));
#5911=CARTESIAN_POINT('',(0.4,0.,1.45));
#5912=CARTESIAN_POINT('',(0.400000000005,1.100000000005,1.450000000005));
#5913=CARTESIAN_POINT('',(0.399999984383281,-1.100000000005,1.45));
#5914=CARTESIAN_POINT('',(0.40000000001,1.1,2.50000000002));
#5915=CARTESIAN_POINT('',(0.40000000001,1.1,1.45000000001));
#5916=CARTESIAN_POINT('',(0.40000000001,1.1,2.50000000002));
#5917=CARTESIAN_POINT('',(0.4,0.,2.50000000001));
#5918=CARTESIAN_POINT('',(0.399999999999999,-1.1,2.50000000001));
#5919=CARTESIAN_POINT('',(0.4,-1.1,2.50000000001));
#5920=CARTESIAN_POINT('',(0.4,-1.1,2.15000000000667));
#5921=CARTESIAN_POINT('',(0.4,-1.1,1.80000000000333));
#5922=CARTESIAN_POINT('',(0.4,-1.1,1.45));
#5923=CARTESIAN_POINT('',(0.,-1.1,1.975));
#5924=CARTESIAN_POINT('',(0.,-1.10000000001,1.45));
#5925=CARTESIAN_POINT('',(-0.399999482229683,-1.10000000001,1.45));
#5926=CARTESIAN_POINT('',(-0.40000000001,-1.10000000001,2.5));
#5927=CARTESIAN_POINT('',(0.4,-1.10000000001,2.5));
#5928=CARTESIAN_POINT('',(-0.40000000001,-1.10000000000333,2.50000000001));
#5929=CARTESIAN_POINT('',(-0.40000000001,-1.1,1.45000000001));
#5930=CARTESIAN_POINT('',(-0.40000000001,-1.1,1.80000000001333));
#5931=CARTESIAN_POINT('',(-0.40000000001,-1.1,2.15000000001667));
#5932=CARTESIAN_POINT('',(-0.40000000001,-1.1,2.50000000002));
#5933=CARTESIAN_POINT('',(0.,0.,1.45));
#5934=CARTESIAN_POINT('',(-1.194015869788,1.386923881563,1.45));
#5935=CARTESIAN_POINT('',(-1.32496888223016,1.25597086912116,1.45));
#5936=CARTESIAN_POINT('',(-1.32496888221822,1.25597086912811,1.4500000000025));
#5937=CARTESIAN_POINT('',(-1.32496888222,1.255970869131,1.45));
#5938=CARTESIAN_POINT('',(-1.29845237791559,1.07035533905906,1.45));
#5939=CARTESIAN_POINT('',(-1.29845237791774,1.07035533906252,1.45000000000667));
#5940=CARTESIAN_POINT('',(-1.298452377926,1.070355339069,1.45));
#5941=CARTESIAN_POINT('',(-1.58129509041009,0.78751262658479,1.45));
#5942=CARTESIAN_POINT('',(-1.58129509040044,0.787512626585237,1.45000000000667));
#5943=CARTESIAN_POINT('',(-1.7669106204744,0.814029130882385,1.45000000001));
#5944=CARTESIAN_POINT('',(-1.58129509040121,0.787512626586217,1.45000000001));
#5945=CARTESIAN_POINT('',(-1.76691062046255,0.814029130884947,1.45000000000667));
#5946=CARTESIAN_POINT('',(-1.766910620462,0.8140291308892,1.45));
#5947=CARTESIAN_POINT('',(-1.86192388157395,0.719015869777153,1.45));
#5948=CARTESIAN_POINT('',(-1.86192337903986,0.719016372288625,1.44999987500375));
#5949=CARTESIAN_POINT('',(-1.86192388155307,0.719015869777828,1.45));
#5950=CARTESIAN_POINT('',(-1.88572283757652,0.695216913754992,1.45));
#5951=CARTESIAN_POINT('',(-1.9,0.661627154763682,1.45));
#5952=CARTESIAN_POINT('',(-1.9,0.627091988222397,1.45));
#5953=CARTESIAN_POINT('',(-1.90000000000186,0.627091784072548,1.4500000000075));
#5954=CARTESIAN_POINT('',(-1.90000000001,0.6270919882324,1.45));
#5955=CARTESIAN_POINT('',(-1.90000000001,-0.6270919882224,1.45));
#5956=CARTESIAN_POINT('',(-1.900000000005,-0.627091988225733,1.45000000000667));
#5957=CARTESIAN_POINT('',(-1.86192388155415,-0.719015869776749,1.45000000001));
#5958=CARTESIAN_POINT('',(-1.88598949746924,-0.694950253861717,1.45000000001));
#5959=CARTESIAN_POINT('',(-1.9,-0.661125908636334,1.45000000001));
#5960=CARTESIAN_POINT('',(-1.9,-0.627091988222398,1.45000000001));
#5961=CARTESIAN_POINT('',(-1.86192388155415,-0.719015869776749,1.45000000002));
#5962=CARTESIAN_POINT('',(-1.861923881565,-0.7190158697863,1.45));
#5963=CARTESIAN_POINT('',(-1.1940158697771,-1.3869238815741,1.45));
#5964=CARTESIAN_POINT('',(-1.19401586977853,-1.38692388156226,1.45000000000667));
#5965=CARTESIAN_POINT('',(-1.102091988222,-1.425,1.45000000001));
#5966=CARTESIAN_POINT('',(-1.13612590863608,-1.425,1.45000000001));
#5967=CARTESIAN_POINT('',(-1.1699502538616,-1.41098949746911,1.45000000001));
#5968=CARTESIAN_POINT('',(-1.19401586977665,-1.38692388155385,1.45000000001));
#5969=CARTESIAN_POINT('',(-1.102091988222,-1.425,1.45000000002));
#5970=CARTESIAN_POINT('',(-1.102091988232,-1.42500000001,1.45));
#5971=CARTESIAN_POINT('',(1.102091988222,-1.42500000001,1.45));
#5972=CARTESIAN_POINT('',(1.102091988232,-1.425000000005,1.45000000000667));
#5973=CARTESIAN_POINT('',(1.19401586977675,-1.38692388155375,1.45000000001));
#5974=CARTESIAN_POINT('',(1.16995025386641,-1.41098949746436,1.45000000001));
#5975=CARTESIAN_POINT('',(1.13612590864946,-1.42499999999476,1.45000000001));
#5976=CARTESIAN_POINT('',(1.102091988242,-1.425,1.45000000001));
#5977=CARTESIAN_POINT('',(1.194015869778,-1.386923881553,1.45000000002));
#5978=CARTESIAN_POINT('',(1.86192388156405,-0.71901586976695,1.45000000001));
#5979=CARTESIAN_POINT('',(1.194015869778,-1.386923881553,1.45000000001));
#5980=CARTESIAN_POINT('',(1.86192388156232,-0.719015869778649,1.45000000000667));
#5981=CARTESIAN_POINT('',(1.9,-0.627091988222397,1.45000000001));
#5982=CARTESIAN_POINT('',(1.9,-0.661125908636474,1.45000000001));
#5983=CARTESIAN_POINT('',(1.88598949746912,-0.694950253861994,1.45000000001));
#5984=CARTESIAN_POINT('',(1.86192388155385,-0.719015869777048,1.45000000001));
#5985=CARTESIAN_POINT('',(1.9,-0.6270919882324,1.45000000002));
#5986=CARTESIAN_POINT('',(1.9,0.6270919882224,1.45000000001));
#5987=CARTESIAN_POINT('',(1.9,-0.6270919882324,1.45000000001));
#5988=CARTESIAN_POINT('',(1.900000000005,0.627091988225733,1.45000000000667));
#5989=CARTESIAN_POINT('',(1.86192388155415,0.719015869776749,1.45000000001));
#5990=CARTESIAN_POINT('',(1.88598949746924,0.694950253861717,1.45000000001));
#5991=CARTESIAN_POINT('',(1.9,0.661125908636334,1.45000000001));
#5992=CARTESIAN_POINT('',(1.9,0.627091988222398,1.45000000001));
#5993=CARTESIAN_POINT('',(1.86192388155485,0.71901586977615,1.45000000002));
#5994=CARTESIAN_POINT('',(1.194015869767,1.386923881564,1.45000000001));
#5995=CARTESIAN_POINT('',(1.86192388155485,0.71901586977615,1.45000000001));
#5996=CARTESIAN_POINT('',(1.19401586977853,1.38692388156226,1.45000000000667));
#5997=CARTESIAN_POINT('',(1.102091988222,1.425,1.45000000001));
#5998=CARTESIAN_POINT('',(1.13612590863608,1.425,1.45000000001));
#5999=CARTESIAN_POINT('',(1.1699502538616,1.41098949746911,1.45000000001));
#6000=CARTESIAN_POINT('',(1.19401586977665,1.38692388155385,1.45000000001));
#6001=CARTESIAN_POINT('',(1.102091988232,1.425,1.45000000002));
#6002=CARTESIAN_POINT('',(-1.102091988232,1.425,1.45000000001));
#6003=CARTESIAN_POINT('',(1.102091988222,1.425,1.45000000001));
#6004=CARTESIAN_POINT('',(-0.4,0.,1.45));
#6005=CARTESIAN_POINT('',(-0.400000000005,1.100000000005,1.45));
#6006=CARTESIAN_POINT('',(0.,1.10000000001,1.45));
#6007=CARTESIAN_POINT('',(0.,1.1,1.975));
#6008=CARTESIAN_POINT('',(-0.40000000001,1.1,1.45));
#6009=CARTESIAN_POINT('',(-0.40000000001,1.1,2.50000000001));
#6010=CARTESIAN_POINT('',(-0.400000000006667,1.10000000000333,2.50000000000667));
#6011=CARTESIAN_POINT('',(-0.40000000001,1.1,2.50000000001));
#6012=CARTESIAN_POINT('',(0.4,1.1,2.50000000001));
#6013=CARTESIAN_POINT('',(-0.4,0.,1.975));
#6014=CARTESIAN_POINT('',(-0.4,0.,2.50000000001));
#6015=CARTESIAN_POINT('',(-0.399999999999999,1.1,2.50000000001));
#6016=CARTESIAN_POINT('',(-0.40000000001,1.1,1.45));
#6017=CARTESIAN_POINT('',(-0.40000000001,1.1,2.50000000001));
#6018=CARTESIAN_POINT('',(-1.814417251003,0.7665225003279,1.225));
#6019=CARTESIAN_POINT('',(-1.3249688822205,1.2559708691115,1.00000000001));
#6020=CARTESIAN_POINT('',(-1.1940158697785,1.3869238815535,1.00000000001));
#6021=CARTESIAN_POINT('',(-1.3249688822117,1.25597086912431,1.00000000000667));
#6022=CARTESIAN_POINT('',(-1.3249688822105,1.2559708691215,1.45000000001));
#6023=CARTESIAN_POINT('',(-1.3249688822105,1.2559708691215,1.));
#6024=CARTESIAN_POINT('',(-1.814417251003,0.7665225003279,1.225));
#6025=CARTESIAN_POINT('',(-1.86192388156385,0.71901586976705,1.00000000001));
#6026=CARTESIAN_POINT('',(-1.76691062045185,0.81402913087905,1.00000000001));
#6027=CARTESIAN_POINT('',(-1.86192362898834,0.719016122342437,1.00000000001));
#6028=CARTESIAN_POINT('',(-1.76691062046255,0.814029130884947,1.00000000000333));
#6029=CARTESIAN_POINT('',(-1.86192388155385,0.719015869777051,1.45000000001));
#6030=CARTESIAN_POINT('',(-1.86192388155051,0.719015869780395,1.30000000000667));
#6031=CARTESIAN_POINT('',(-1.86192388154716,0.719015869783739,1.15000000000333));
#6032=CARTESIAN_POINT('',(-1.86192388154382,0.719015869787083,1.));
#6033=CARTESIAN_POINT('',(-1.7669106204632,0.814029130880785,1.));
#6034=CARTESIAN_POINT('',(-1.7669106204632,0.814029130880785,1.45000000001));
#6035=CARTESIAN_POINT('',(-1.9,0.,1.225));
#6036=CARTESIAN_POINT('',(-1.9,0.,1.));
#6037=CARTESIAN_POINT('',(-1.9,-0.6270919882274,1.));
#6038=CARTESIAN_POINT('',(-1.89999999999991,0.62709187711275,1.00000000001));
#6039=CARTESIAN_POINT('',(-1.9,-0.6270919882324,1.45000000001));
#6040=CARTESIAN_POINT('',(-1.9,-0.6270919882324,1.30000000000667));
#6041=CARTESIAN_POINT('',(-1.9,-0.6270919882324,1.15000000000333));
#6042=CARTESIAN_POINT('',(-1.9,-0.6270919882324,1.));
#6043=CARTESIAN_POINT('',(-1.9,0.627091988222397,1.00000000001));
#6044=CARTESIAN_POINT('',(-1.9,0.627091988222397,1.15000000001333));
#6045=CARTESIAN_POINT('',(-1.9,0.627091988222397,1.30000000001667));
#6046=CARTESIAN_POINT('',(-1.9,0.627091988222397,1.45000000002));
#6047=CARTESIAN_POINT('',(-1.527969875666,-1.052969875665,1.225));
#6048=CARTESIAN_POINT('',(-1.194015869767,-1.386923881564,1.00000000001));
#6049=CARTESIAN_POINT('',(-1.86192388155525,-0.71901586977575,1.00000000001));
#6050=CARTESIAN_POINT('',(-1.19401586978208,-1.38692388155871,1.00000000000333));
#6051=CARTESIAN_POINT('',(-1.86192388155415,-0.719015869776751,1.00000000001));
#6052=CARTESIAN_POINT('',(-1.19401586977675,-1.38692388155375,1.45000000001));
#6053=CARTESIAN_POINT('',(-1.19401586978014,-1.38692388155036,1.30000000000667));
#6054=CARTESIAN_POINT('',(-1.19401586978353,-1.38692388154698,1.15000000000333));
#6055=CARTESIAN_POINT('',(-1.19401586978691,-1.38692388154359,1.));
#6056=CARTESIAN_POINT('',(-1.86192388155415,-0.719015869776749,1.00000000001));
#6057=CARTESIAN_POINT('',(-1.86192388155415,-0.719015869776749,1.15000000001333));
#6058=CARTESIAN_POINT('',(-1.86192388155415,-0.719015869776749,1.30000000001667));
#6059=CARTESIAN_POINT('',(-1.86192388155415,-0.719015869776749,1.45000000002));
#6060=CARTESIAN_POINT('',(0.,-1.425,1.225));
#6061=CARTESIAN_POINT('',(1.102091988232,-1.425,1.00000000001));
#6062=CARTESIAN_POINT('',(-1.102091988222,-1.425,1.00000000001));
#6063=CARTESIAN_POINT('',(1.10209198823533,-1.425000000005,1.00000000000333));
#6064=CARTESIAN_POINT('',(-1.102091988222,-1.425,1.00000000001));
#6065=CARTESIAN_POINT('',(1.102091988232,-1.425,1.45000000001));
#6066=CARTESIAN_POINT('',(1.102091988232,-1.425,1.30000000000667));
#6067=CARTESIAN_POINT('',(1.102091988232,-1.425,1.15000000000333));
#6068=CARTESIAN_POINT('',(1.102091988232,-1.425,1.));
#6069=CARTESIAN_POINT('',(-1.102091988222,-1.425,1.00000000001));
#6070=CARTESIAN_POINT('',(-1.102091988222,-1.425,1.15000000001333));
#6071=CARTESIAN_POINT('',(-1.102091988222,-1.425,1.30000000001667));
#6072=CARTESIAN_POINT('',(-1.102091988222,-1.425,1.45000000002));
#6073=CARTESIAN_POINT('',(0.,1.425,1.225));
#6074=CARTESIAN_POINT('',(1.102091988232,1.425,1.45000000002));
#6075=CARTESIAN_POINT('',(1.102091988232,1.425,1.00000000001));
#6076=CARTESIAN_POINT('',(1.102091988222,1.425,1.00000000001));
#6077=CARTESIAN_POINT('',(0.,1.425,1.00000000001));
#6078=CARTESIAN_POINT('',(1.9,0.,1.225));
#6079=CARTESIAN_POINT('',(1.9,0.6270919882324,1.45000000001));
#6080=CARTESIAN_POINT('',(1.9,0.6270919882324,1.30000000000667));
#6081=CARTESIAN_POINT('',(1.9,0.6270919882324,1.15000000000333));
#6082=CARTESIAN_POINT('',(1.9,0.6270919882324,1.));
#6083=CARTESIAN_POINT('',(1.900000000005,0.627091988225733,1.00000000000333));
#6084=CARTESIAN_POINT('',(1.9,-0.6270919882324,1.45000000002));
#6085=CARTESIAN_POINT('',(1.9,-0.6270919882324,1.00000000001));
#6086=CARTESIAN_POINT('',(1.9,-0.627091988228714,1.00000000001));
#6087=CARTESIAN_POINT('',(1.9,-0.6270919882324,1.00000000001));
#6088=CARTESIAN_POINT('',(1.9,0.6270919882224,1.00000000001));
#6089=CARTESIAN_POINT('',(1.527969875666,-1.052969875665,1.225));
#6090=CARTESIAN_POINT('',(1.861923881554,-0.719015869776901,1.45000000001));
#6091=CARTESIAN_POINT('',(1.86192388155066,-0.719015869780245,1.30000000000667));
#6092=CARTESIAN_POINT('',(1.86192388154731,-0.719015869783589,1.15000000000333));
#6093=CARTESIAN_POINT('',(1.86192388154397,-0.719015869786933,1.));
#6094=CARTESIAN_POINT('',(1.86192388155894,-0.719015869782023,1.00000000000333));
#6095=CARTESIAN_POINT('',(1.194015869778,-1.386923881553,1.45000000002));
#6096=CARTESIAN_POINT('',(1.194015869778,-1.386923881553,1.00000000001));
#6097=CARTESIAN_POINT('',(1.19401586977675,-1.38692388155375,1.00000000001));
#6098=CARTESIAN_POINT('',(1.194015869778,-1.386923881553,1.00000000001));
#6099=CARTESIAN_POINT('',(1.86192388156405,-0.71901586976695,1.00000000001));
#6100=CARTESIAN_POINT('',(1.527969875666,1.052969875665,1.225));
#6101=CARTESIAN_POINT('',(1.19401586977675,1.38692388155375,1.45000000001));
#6102=CARTESIAN_POINT('',(1.19401586978014,1.38692388155036,1.30000000000667));
#6103=CARTESIAN_POINT('',(1.19401586978353,1.38692388154697,1.15000000000333));
#6104=CARTESIAN_POINT('',(1.19401586978692,1.38692388154359,1.));
#6105=CARTESIAN_POINT('',(1.19401586978224,1.38692388155854,1.00000000000333));
#6106=CARTESIAN_POINT('',(1.86192388155485,0.71901586977615,1.45000000002));
#6107=CARTESIAN_POINT('',(1.86192388155485,0.71901586977615,1.00000000001));
#6108=CARTESIAN_POINT('',(1.86192388155415,0.719015869776751,1.00000000001));
#6109=CARTESIAN_POINT('',(1.86192388155485,0.71901586977615,1.00000000001));
#6110=CARTESIAN_POINT('',(1.1940158697675,1.3869238815635,1.00000000001));
#6111=CARTESIAN_POINT('',(-1.311710630063,1.16316310409,1.225));
#6112=CARTESIAN_POINT('',(-1.29845237791732,1.07035533907024,1.45000000001));
#6113=CARTESIAN_POINT('',(-1.29845237791732,1.07035533907024,1.));
#6114=CARTESIAN_POINT('',(-1.29845237791774,1.07035533906252,1.45000000000667));
#6115=CARTESIAN_POINT('',(-1.29845237791774,1.07035533906252,1.00000000000333));
#6116=CARTESIAN_POINT('',(-1.32496888222,1.255970869131,1.45));
#6117=CARTESIAN_POINT('',(-1.29845237791559,1.07035533905906,1.45));
#6118=CARTESIAN_POINT('',(-1.29845237791572,1.07035533905904,1.00000000001));
#6119=CARTESIAN_POINT('',(-1.32496888221188,1.25597086913216,1.00000000001));
#6120=CARTESIAN_POINT('',(0.,0.,1.));
#6121=CARTESIAN_POINT('',(1.19401586977714,1.38692388155336,1.00000000001));
#6122=CARTESIAN_POINT('',(1.16995025386205,1.41098949746891,1.00000000001));
#6123=CARTESIAN_POINT('',(1.13612590863631,1.425,1.00000000001));
#6124=CARTESIAN_POINT('',(1.102091988222,1.425,1.00000000001));
#6125=CARTESIAN_POINT('',(1.77,0.6270919882224,1.00000000001));
#6126=CARTESIAN_POINT('',(1.77,-0.6270919882224,1.00000000001));
#6127=CARTESIAN_POINT('',(1.102091988222,-1.295,1.00000000001));
#6128=CARTESIAN_POINT('',(-1.102091988222,-1.295,1.00000000001));
#6129=CARTESIAN_POINT('',(-1.77,-0.6270919882224,1.00000000001));
#6130=CARTESIAN_POINT('',(-1.77,0.6270919882224,1.00000000001));
#6131=CARTESIAN_POINT('',(-1.58129509040121,0.787512626586217,1.00000000001));
#6132=CARTESIAN_POINT('',(-1.7669106204744,0.814029130882385,1.00000000001));
#6133=CARTESIAN_POINT('',(-1.58129509040044,0.787512626585237,1.00000000000333));
#6134=CARTESIAN_POINT('',(-1.58129509040005,0.78751262657475,1.00000000001));
#6135=CARTESIAN_POINT('',(-1.2984523779159,1.0703553390589,1.00000000001));
#6136=CARTESIAN_POINT('',(-1.439873734153,0.9289339828218,1.225));
#6137=CARTESIAN_POINT('',(-1.58129509040121,0.787512626586217,1.45000000001));
#6138=CARTESIAN_POINT('',(-1.58129509040121,0.787512626586217,1.));
#6139=CARTESIAN_POINT('',(-1.58129509040044,0.787512626585237,1.45000000000667));
#6140=CARTESIAN_POINT('',(-1.298452377926,1.070355339069,1.45));
#6141=CARTESIAN_POINT('',(-1.58129509041009,0.78751262658479,1.45));
#6142=CARTESIAN_POINT('',(-1.674102855421,0.8007708787319,1.225));
#6143=CARTESIAN_POINT('',(-1.7669106204744,0.814029130882385,1.45000000001));
#6144=CARTESIAN_POINT('',(-1.58129509040121,0.787512626586217,1.45000000001));
#6145=CARTESIAN_POINT('',(-1.77,0.6270919882224,1.225));
#6146=CARTESIAN_POINT('',(-1.77,-0.6270919882224,1.225));
#6147=CARTESIAN_POINT('',(-1.77,-0.6270919882224,1.45000000001));
#6148=CARTESIAN_POINT('',(-1.102091988222,-1.295,1.225));
#6149=CARTESIAN_POINT('',(-1.102091988222,-1.295,1.45000000001));
#6150=CARTESIAN_POINT('',(1.102091988222,-1.295,1.225));
#6151=CARTESIAN_POINT('',(1.102091988222,-1.295,1.45000000001));
#6152=CARTESIAN_POINT('',(1.77,-0.6270919882224,1.225));
#6153=CARTESIAN_POINT('',(1.77,-0.6270919882224,1.45000000001));
#6154=CARTESIAN_POINT('',(1.77,0.6270919882224,1.225));
#6155=CARTESIAN_POINT('',(1.77,0.6270919882224,1.45000000001));
#6156=CARTESIAN_POINT('',(1.102091988222,1.295,1.225));
#6157=CARTESIAN_POINT('',(1.102091988222,1.295,1.00000000001));
#6158=CARTESIAN_POINT('',(1.102091988222,1.295,1.45000000001));
#6159=CARTESIAN_POINT('',(0.,0.,2.5));
#6160=CARTESIAN_POINT('',(-0.40000000001,-1.1,2.50000000001));
#6161=CARTESIAN_POINT('',(-0.543989663299115,-1.09999999999869,2.50000000001));
#6162=CARTESIAN_POINT('',(-0.687922672804115,-1.0713699443327,2.50000000001));
#6163=CARTESIAN_POINT('',(-0.95398087841525,-0.961165027185437,2.50000000001));
#6164=CARTESIAN_POINT('',(-1.0760013919787,-0.879633526633095,2.50000000001));
#6165=CARTESIAN_POINT('',(-1.27963352664231,-0.676001391966704,2.50000000001));
#6166=CARTESIAN_POINT('',(-1.36116502719299,-0.553980878402143,2.50000000001));
#6167=CARTESIAN_POINT('',(-1.47136994433662,-0.287922672789506,2.50000000001));
#6168=CARTESIAN_POINT('',(-1.50000000000065,-0.143989663284116,2.50000000001));
#6169=CARTESIAN_POINT('',(-1.49999999999935,0.143989663294115,2.50000000001));
#6170=CARTESIAN_POINT('',(-1.47136994433401,0.287922672799245,2.50000000001));
#6171=CARTESIAN_POINT('',(-1.36116502718795,0.553980878410881,2.50000000001));
#6172=CARTESIAN_POINT('',(-1.27963352663617,0.6760013919747,2.50000000001));
#6173=CARTESIAN_POINT('',(-1.0760013919707,0.87963352663924,2.50000000001));
#6174=CARTESIAN_POINT('',(-0.953980878406512,0.961165027190473,2.50000000001));
#6175=CARTESIAN_POINT('',(-0.687922672794376,1.07136994433531,2.50000000001));
#6176=CARTESIAN_POINT('',(-0.543989663289116,1.1,2.50000000001));
#6177=CARTESIAN_POINT('',(-0.399999999999999,1.1,2.50000000001));
#6178=CARTESIAN_POINT('',(-0.40000000001,-1.10000000000333,2.50000000001));
#6179=CARTESIAN_POINT('',(-0.400000000006667,1.10000000000333,2.50000000000667));
#6180=CARTESIAN_POINT('',(-0.40000000001,-1.10000000001,2.5));
#6181=CARTESIAN_POINT('',(0.4,-1.10000000001,2.5));
#6182=CARTESIAN_POINT('',(0.400000000003333,-1.10000000000333,2.50000000000667));
#6183=CARTESIAN_POINT('',(0.40000000001,1.1,2.50000000001));
#6184=CARTESIAN_POINT('',(0.543989663299115,1.09999999999869,2.50000000001));
#6185=CARTESIAN_POINT('',(0.687922672804115,1.0713699443327,2.50000000001));
#6186=CARTESIAN_POINT('',(0.95398087841525,0.961165027185437,2.50000000001));
#6187=CARTESIAN_POINT('',(1.0760013919787,0.879633526633095,2.50000000001));
#6188=CARTESIAN_POINT('',(1.27963352664231,0.676001391966704,2.50000000001));
#6189=CARTESIAN_POINT('',(1.36116502719299,0.553980878402143,2.50000000001));
#6190=CARTESIAN_POINT('',(1.47136994433662,0.287922672789506,2.50000000001));
#6191=CARTESIAN_POINT('',(1.50000000000065,0.143989663284116,2.50000000001));
#6192=CARTESIAN_POINT('',(1.49999999999935,-0.143989663294115,2.50000000001));
#6193=CARTESIAN_POINT('',(1.47136994433401,-0.287922672799245,2.50000000001));
#6194=CARTESIAN_POINT('',(1.36116502718795,-0.553980878410881,2.50000000001));
#6195=CARTESIAN_POINT('',(1.27963352663617,-0.6760013919747,2.50000000001));
#6196=CARTESIAN_POINT('',(1.0760013919707,-0.87963352663924,2.50000000001));
#6197=CARTESIAN_POINT('',(0.953980878406512,-0.961165027190473,2.50000000001));
#6198=CARTESIAN_POINT('',(0.687922672794376,-1.07136994433531,2.50000000001));
#6199=CARTESIAN_POINT('',(0.543989663289116,-1.1,2.50000000001));
#6200=CARTESIAN_POINT('',(0.399999999999999,-1.1,2.50000000001));
#6201=CARTESIAN_POINT('',(0.400000000006667,1.10000000000333,2.50000000001));
#6202=CARTESIAN_POINT('',(-0.40000000001,1.1,2.50000000001));
#6203=CARTESIAN_POINT('',(0.4,1.1,2.50000000001));
#6204=CARTESIAN_POINT('',(0.,0.,0.));
#6205=CARTESIAN_POINT('',(-1.8,0.55,0.035));
#6206=CARTESIAN_POINT('',(-1.5,0.55,0.));
#6207=CARTESIAN_POINT('',(-2.10000000001,0.55,0.));
#6208=CARTESIAN_POINT('',(-1.50000000000333,0.550000000006667,0.));
#6209=CARTESIAN_POINT('',(-2.10000000000667,0.550000000006667,0.));
#6210=CARTESIAN_POINT('',(-2.10000000001,0.55,0.));
#6211=CARTESIAN_POINT('',(-2.10000000001,0.55,0.07000000001));
#6212=CARTESIAN_POINT('',(-2.10000000000667,0.550000000006667,0.0700000000066667));
#6213=CARTESIAN_POINT('',(-2.10000000001,0.55,0.07000000001));
#6214=CARTESIAN_POINT('',(-1.5,0.55,0.07000000001));
#6215=CARTESIAN_POINT('',(-1.50000000000333,0.550000000003333,0.0700000000066667));
#6216=CARTESIAN_POINT('',(-1.50000000001,0.55,0.07000000001));
#6217=CARTESIAN_POINT('',(-1.50000000001,0.55,0.));
#6218=CARTESIAN_POINT('',(0.,-1.148986783597,0.37));
#6219=CARTESIAN_POINT('',(-0.24748737342525,-0.81317279837455,0.37));
#6220=CARTESIAN_POINT('',(-0.721055937808467,-1.28674136275783,0.37));
#6221=CARTESIAN_POINT('',(-0.247487373421995,-0.813172798371127,0.370000000006667));
#6222=CARTESIAN_POINT('',(-0.721055937798491,-1.28674136274775,0.370000000003333));
#6223=CARTESIAN_POINT('',(-0.7210559377984,-1.286741362748,0.37));
#6224=CARTESIAN_POINT('',(-0.500142157693881,-1.40890742418812,0.37));
#6225=CARTESIAN_POINT('',(-0.288686117420763,-1.45638772823968,0.37));
#6226=CARTESIAN_POINT('',(-0.138718259463273,-1.49006148607882,0.37));
#6227=CARTESIAN_POINT('',(0.0121003573354364,-1.48870565219046,0.37));
#6228=CARTESIAN_POINT('',(0.182165845872385,-1.48717679217639,0.37));
#6229=CARTESIAN_POINT('',(0.354480665977321,-1.4399998281362,0.37));
#6230=CARTESIAN_POINT('',(0.530078768169807,-1.39192395545377,0.37));
#6231=CARTESIAN_POINT('',(0.7210559377984,-1.286741362748,0.37));
#6232=CARTESIAN_POINT('',(0.721055937795767,-1.28674136274411,0.370000000006667));
#6233=CARTESIAN_POINT('',(0.2474873734153,-0.8131727983645,0.37000000001));
#6234=CARTESIAN_POINT('',(0.72105593779855,-1.28674136274775,0.37000000001));
#6235=CARTESIAN_POINT('',(0.247487373421768,-0.813172798370252,0.37000000001));
#6236=CARTESIAN_POINT('',(0.2474873734153,-0.813172798384567,0.37));
#6237=CARTESIAN_POINT('',(-0.2474873734253,-0.8131727983745,0.37));
#6238=CARTESIAN_POINT('',(-2.1,0.,0.725));
#6239=CARTESIAN_POINT('',(-2.10000000001,1.45000000002,0.07));
#6240=CARTESIAN_POINT('',(-2.10000000001,1.35000000001,0.07));
#6241=CARTESIAN_POINT('',(-2.10000000000333,1.45000000001,0.0700000000066667));
#6242=CARTESIAN_POINT('',(-2.10000000000564,1.350000000015,0.119500000005554));
#6243=CARTESIAN_POINT('',(-2.10000000000127,0.80000000001,0.169000000011109));
#6244=CARTESIAN_POINT('',(-2.10000000000127,1.35000000002,0.169000000011109));
#6245=CARTESIAN_POINT('',(-2.10000000000564,0.800000000015,0.119500000005554));
#6246=CARTESIAN_POINT('',(-2.10000000001,0.80000000002,0.07));
#6247=CARTESIAN_POINT('',(-2.10000000001,0.55000000001,0.07));
#6248=CARTESIAN_POINT('',(-2.10000000001,0.55000000001,0.035));
#6249=CARTESIAN_POINT('',(-2.10000000001,0.55000000001,0.));
#6250=CARTESIAN_POINT('',(-2.10000000001,-0.55,0.));
#6251=CARTESIAN_POINT('',(-2.10000000001,-0.55,0.035));
#6252=CARTESIAN_POINT('',(-2.10000000001,-0.55,0.07));
#6253=CARTESIAN_POINT('',(-2.10000000001,-0.80000000001,0.07));
#6254=CARTESIAN_POINT('',(-2.14664802799955,-0.800000000009702,0.116053414632805));
#6255=CARTESIAN_POINT('',(-2.10000000000127,-1.35000000002,0.169000000011109));
#6256=CARTESIAN_POINT('',(-2.10000000000127,-0.80000000001,0.169000000011109));
#6257=CARTESIAN_POINT('',(-2.10471463577643,-1.35000000001,0.168401279903066));
#6258=CARTESIAN_POINT('',(-2.10000000001,-1.35,0.16900000002));
#6259=CARTESIAN_POINT('',(-2.10000000001,-1.35,0.07000000001));
#6260=CARTESIAN_POINT('',(-2.10000000001,-1.35,0.0690100000099));
#6261=CARTESIAN_POINT('',(-2.10000000000573,-1.39999875002446,0.0697499937537408));
#6262=CARTESIAN_POINT('',(-2.1,-1.45000000001,1.45000000001));
#6263=CARTESIAN_POINT('',(-2.1,-1.45000000001,0.990000000006667));
#6264=CARTESIAN_POINT('',(-2.1,-1.45000000001,0.530000000003333));
#6265=CARTESIAN_POINT('',(-2.1,-1.45000000001,0.07));
#6266=CARTESIAN_POINT('',(-2.1,-1.45000000001,0.0653999999999667));
#6267=CARTESIAN_POINT('',(-2.1,-1.45000000001,0.0607999999999333));
#6268=CARTESIAN_POINT('',(-2.1,-1.45000000001,0.0561999999999));
#6269=CARTESIAN_POINT('',(-2.10000000000333,-1.450000000005,1.45000000000667));
#6270=CARTESIAN_POINT('',(-2.10000000001,-0.85,1.45));
#6271=CARTESIAN_POINT('',(-2.10000000001,-1.45,1.45));
#6272=CARTESIAN_POINT('',(-2.100000000005,-0.85,1.450000000005));
#6273=CARTESIAN_POINT('',(-2.1,0.85000000001,1.45000000001));
#6274=CARTESIAN_POINT('',(-2.1,-0.85,1.45000000001));
#6275=CARTESIAN_POINT('',(-2.100000000005,0.85000000001,1.450000000005));
#6276=CARTESIAN_POINT('',(-2.10000000001,1.45000000001,1.45));
#6277=CARTESIAN_POINT('',(-2.10000000001,0.85000000001,1.45));
#6278=CARTESIAN_POINT('',(-2.10000000000333,1.45000000000666,1.45000000001));
#6279=CARTESIAN_POINT('',(-2.1,1.44999999999999,0.0562000000099));
#6280=CARTESIAN_POINT('',(-2.1,1.44999999999999,0.0608000000099333));
#6281=CARTESIAN_POINT('',(-2.1,1.44999999999999,0.0654000000099667));
#6282=CARTESIAN_POINT('',(-2.1,1.44999999999999,0.07000000001));
#6283=CARTESIAN_POINT('',(-2.1,1.44999999999999,0.530000000013333));
#6284=CARTESIAN_POINT('',(-2.1,1.44999999999999,0.990000000016667));
#6285=CARTESIAN_POINT('',(-2.1,1.44999999999999,1.45000000002));
#6286=CARTESIAN_POINT('',(-2.200398361138,-1.075,0.5627009983157));
#6287=CARTESIAN_POINT('',(-2.15079672228459,-0.80000000001,0.568999999998913));
#6288=CARTESIAN_POINT('',(-2.25000000001968,-0.80000000001,0.556401996628896));
#6289=CARTESIAN_POINT('',(-2.16071705004992,-0.800000000006667,0.567740199674218));
#6290=CARTESIAN_POINT('',(-2.25000000001023,-0.800000000006667,0.556401996636157));
#6291=CARTESIAN_POINT('',(-2.25000000000859,-0.80000000001,0.556401996630305));
#6292=CARTESIAN_POINT('',(-2.25000000000859,-1.35000000002,0.556401996630305));
#6293=CARTESIAN_POINT('',(-2.25000000001023,-1.35000000001,0.556401996636157));
#6294=CARTESIAN_POINT('',(-2.25000000002,-1.35,0.556401996631392));
#6295=CARTESIAN_POINT('',(-2.150796722286,-1.35,0.56900000001));
#6296=CARTESIAN_POINT('',(-2.16071705004992,-1.350000000005,0.567740199674218));
#6297=CARTESIAN_POINT('',(-2.16071705004851,-1.075,0.567740199663129));
#6298=CARTESIAN_POINT('',(-2.1,-1.075,0.169));
#6299=CARTESIAN_POINT('',(-2.1,-1.35000000001,0.169));
#6300=CARTESIAN_POINT('',(-2.1992032987256,-1.34999987500375,0.156402161976974));
#6301=CARTESIAN_POINT('',(-2.19920327772369,-1.35000000001,0.156401996631441));
#6302=CARTESIAN_POINT('',(-2.19920327772369,-1.16666666667333,0.156401996631441));
#6303=CARTESIAN_POINT('',(-2.19920327772369,-0.983333333336667,0.156401996631441));
#6304=CARTESIAN_POINT('',(-2.19920327772369,-0.8,0.156401996631441));
#6305=CARTESIAN_POINT('',(-2.10000000001,-0.80000000001,0.06900000000001));
#6306=CARTESIAN_POINT('',(-2.10000000001,-0.983333333346667,0.06900000000001));
#6307=CARTESIAN_POINT('',(-2.10000000001,-1.16666666668333,0.06900000000001));
#6308=CARTESIAN_POINT('',(-2.10000000001,-1.35000000002,0.06900000000001));
#6309=CARTESIAN_POINT('',(-2.10000000001,-1.36666658335083,0.06900000000001));
#6310=CARTESIAN_POINT('',(-2.10000000001,-1.38333316668167,0.06900000000001));
#6311=CARTESIAN_POINT('',(-2.10000000001,-1.3999997500125,0.06900000000001));
#6312=CARTESIAN_POINT('',(-2.224601638862,-1.075,0.3564019966314));
#6313=CARTESIAN_POINT('',(-2.19295448911656,-0.80000000001,0.107195761840838));
#6314=CARTESIAN_POINT('',(-2.19920327772386,-0.80000000001,0.156401996631418));
#6315=CARTESIAN_POINT('',(-2.25000000000155,-0.80000000001,0.556401996642473));
#6316=CARTESIAN_POINT('',(-2.19920327772372,-1.35,0.156401996631436));
#6317=CARTESIAN_POINT('',(-2.25000000001,-1.35,0.5564019966414));
#6318=CARTESIAN_POINT('',(-1.8,-1.075,0.069));
#6319=CARTESIAN_POINT('',(-1.50000000001,-0.80000000001,0.069));
#6320=CARTESIAN_POINT('',(-2.10000000002,-0.80000000001,0.069));
#6321=CARTESIAN_POINT('',(-2.14960142036444,-0.80000000001,0.069));
#6322=CARTESIAN_POINT('',(-1.50000000000667,-0.800000000013333,0.0695000000033333));
#6323=CARTESIAN_POINT('',(-1.50000000001,-1.35000000002,0.069));
#6324=CARTESIAN_POINT('',(-1.50000000001,-0.80000000001,0.069));
#6325=CARTESIAN_POINT('',(-1.500000000005,-1.35000000001333,0.0695000000033333));
#6326=CARTESIAN_POINT('',(-2.10000000001,-1.35000000001,0.069));
#6327=CARTESIAN_POINT('',(-1.5,-1.35000000001,0.069));
#6328=CARTESIAN_POINT('',(-1.875,-1.35,0.319));
#6329=CARTESIAN_POINT('',(-2.10000000001,-1.35,0.06900000001));
#6330=CARTESIAN_POINT('',(-2.19920327774386,-1.35,0.156401996651565));
#6331=CARTESIAN_POINT('',(-2.13531868891037,-1.35000000001,0.367740199663143));
#6332=CARTESIAN_POINT('',(-2.13531868891037,-1.075,0.367740199663143));
#6333=CARTESIAN_POINT('',(-2.13531868891037,-0.80000000001,0.367740199663143));
#6334=CARTESIAN_POINT('',(-2.10992032777364,-1.075,0.167740199674252));
#6335=CARTESIAN_POINT('',(-1.875,-0.8,0.319));
#6336=CARTESIAN_POINT('',(-1.5,-1.075,0.035));
#6337=CARTESIAN_POINT('',(-1.50000000001,-0.80000000002,0.07));
#6338=CARTESIAN_POINT('',(-1.50000000001,-0.55000000001,0.07));
#6339=CARTESIAN_POINT('',(-1.50000000001,-0.550000000005,0.035));
#6340=CARTESIAN_POINT('',(-1.50000000001,-0.55,0.));
#6341=CARTESIAN_POINT('',(-1.50000000001,-1.60000000001,0.));
#6342=CARTESIAN_POINT('',(-1.50000000001,-1.60000000001026,0.035));
#6343=CARTESIAN_POINT('',(-1.50000000001,-1.60000000002,0.07));
#6344=CARTESIAN_POINT('',(-1.50000000001,-1.35000000001,0.07));
#6345=CARTESIAN_POINT('',(2.05,-1.064733944378,1.65));
#6346=CARTESIAN_POINT('',(2.05,-0.75,1.85000000001));
#6347=CARTESIAN_POINT('',(2.05,-1.379467888765,1.85000000001));
#6348=CARTESIAN_POINT('',(2.05000000001,-0.750000000003333,1.85000000000667));
#6349=CARTESIAN_POINT('',(2.05000000000683,-1.3794678887585,1.85000000000667));
#6350=CARTESIAN_POINT('',(2.0500000000005,-1.3794678887555,1.45));
#6351=CARTESIAN_POINT('',(2.0500000000005,-1.3794678887555,1.85000000001));
#6352=CARTESIAN_POINT('',(2.0500000000035,-1.37946788876517,1.45000000000333));
#6353=CARTESIAN_POINT('',(2.05000000001,-0.85000000001,1.45));
#6354=CARTESIAN_POINT('',(2.05000000001,-1.379467888775,1.45));
#6355=CARTESIAN_POINT('',(2.05000000001,-0.850000000006667,1.45000000000333));
#6356=CARTESIAN_POINT('',(2.05,-0.85000000001,1.45));
#6357=CARTESIAN_POINT('',(2.05,-0.85000000001,1.55000000001));
#6358=CARTESIAN_POINT('',(2.05000000001,-0.850000000006667,1.55000000000667));
#6359=CARTESIAN_POINT('',(2.05,-0.85000000001,1.55000000001));
#6360=CARTESIAN_POINT('',(2.05,-0.75,1.55000000001));
#6361=CARTESIAN_POINT('',(2.05000000001,-0.750000000003333,1.55000000000333));
#6362=CARTESIAN_POINT('',(2.05,-0.75000000001,1.55));
#6363=CARTESIAN_POINT('',(2.05,-0.75000000001,1.85000000001));
#6364=CARTESIAN_POINT('',(1.964733944378,-1.464733944378,1.65));
#6365=CARTESIAN_POINT('',(2.0500000000105,-1.3794678887455,1.85000000001));
#6366=CARTESIAN_POINT('',(1.8794678887555,-1.5500000000005,1.85000000001));
#6367=CARTESIAN_POINT('',(1.87946788876517,-1.5500000000035,1.85000000000667));
#6368=CARTESIAN_POINT('',(1.8794678887555,-1.5500000000005,1.85000000001));
#6369=CARTESIAN_POINT('',(1.8794678887555,-1.5500000000005,1.45));
#6370=CARTESIAN_POINT('',(1.8794678887585,-1.55000000000683,1.45000000000333));
#6371=CARTESIAN_POINT('',(2.05000000001,-1.379467888765,1.45));
#6372=CARTESIAN_POINT('',(1.879467888755,-1.55000000002,1.45));
#6373=CARTESIAN_POINT('',(1.522792206136,-1.022792206136,1.7));
#6374=CARTESIAN_POINT('',(1.24999999999,-1.295584412282,1.55000000001));
#6375=CARTESIAN_POINT('',(1.795584412272,-0.75,1.55000000001));
#6376=CARTESIAN_POINT('',(1.25,-1.295584412282,1.55000000000333));
#6377=CARTESIAN_POINT('',(1.79558441227867,-0.750000000003333,1.55000000000333));
#6378=CARTESIAN_POINT('',(1.25,-1.295584412272,1.85000000001));
#6379=CARTESIAN_POINT('',(1.25,-1.295584412272,1.55));
#6380=CARTESIAN_POINT('',(1.25,-1.295584412282,1.85000000000667));
#6381=CARTESIAN_POINT('',(1.795584412282,-0.75000000001,1.85));
#6382=CARTESIAN_POINT('',(1.25,-1.295584412292,1.85));
#6383=CARTESIAN_POINT('',(1.79558441227867,-0.750000000003333,1.85000000000667));
#6384=CARTESIAN_POINT('',(1.795584412282,-0.75,1.55));
#6385=CARTESIAN_POINT('',(1.795584412282,-0.75,1.85000000001));
#6386=CARTESIAN_POINT('',(1.25,-1.422792206136,1.7));
#6387=CARTESIAN_POINT('',(1.25,-1.55000000002,1.55000000001));
#6388=CARTESIAN_POINT('',(1.25,-1.295584412282,1.55000000001));
#6389=CARTESIAN_POINT('',(1.25000000000667,-1.55000000001,1.55000000000333));
#6390=CARTESIAN_POINT('',(1.25,-1.55000000001,1.85000000001));
#6391=CARTESIAN_POINT('',(1.25,-1.55000000001,1.55));
#6392=CARTESIAN_POINT('',(1.25000000000667,-1.55000000001,1.85000000000667));
#6393=CARTESIAN_POINT('',(1.25000000001,-1.295584412282,1.85));
#6394=CARTESIAN_POINT('',(1.25000000001,-1.55000000002,1.85));
#6395=CARTESIAN_POINT('',(1.65,-1.15,1.85));
#6396=CARTESIAN_POINT('',(2.05000000002,-0.75000000001,1.85));
#6397=CARTESIAN_POINT('',(1.795584412282,-0.75000000001,1.85));
#6398=CARTESIAN_POINT('',(1.25000000001,-1.55000000001,1.85));
#6399=CARTESIAN_POINT('',(1.879467888775,-1.55000000001,1.85));
#6400=CARTESIAN_POINT('',(1.65,-1.15,1.55));
#6401=CARTESIAN_POINT('',(2.05000000002,-0.75,1.55000000001));
#6402=CARTESIAN_POINT('',(1.795584412282,-0.75,1.55000000001));
#6403=CARTESIAN_POINT('',(1.919848480994,-0.85000000001,1.55));
#6404=CARTESIAN_POINT('',(2.05000000002,-0.85000000001,1.55));
#6405=CARTESIAN_POINT('',(1.919848480994,-0.850000000005,1.550000000005));
#6406=CARTESIAN_POINT('',(1.837005768519,-0.85,1.55000000001));
#6407=CARTESIAN_POINT('',(1.919848480994,-0.85,1.55000000001));
#6408=CARTESIAN_POINT('',(1.83700576851917,-0.850000000000167,1.55000000000667));
#6409=CARTESIAN_POINT('',(1.77842712476625,-0.90857864376275,1.55));
#6410=CARTESIAN_POINT('',(1.837005768529,-0.85,1.55));
#6411=CARTESIAN_POINT('',(1.7784271247615,-0.908578643758,1.550000000005));
#6412=CARTESIAN_POINT('',(1.408578643773,-1.278427124756,1.55));
#6413=CARTESIAN_POINT('',(1.77842712476625,-0.90857864376275,1.55));
#6414=CARTESIAN_POINT('',(1.40857864376825,-1.27842712475125,1.550000000005));
#6415=CARTESIAN_POINT('',(1.35000000001,-1.337005768519,1.55));
#6416=CARTESIAN_POINT('',(1.408578643773,-1.278427124756,1.55));
#6417=CARTESIAN_POINT('',(1.3500000000035,-1.3370057685125,1.55000000000667));
#6418=CARTESIAN_POINT('',(1.35000000001,-1.419848480983,1.55));
#6419=CARTESIAN_POINT('',(1.35000000001,-1.337005768509,1.55));
#6420=CARTESIAN_POINT('',(1.350000000005,-1.419848480983,1.550000000005));
#6421=CARTESIAN_POINT('',(1.35000000001,-1.55000000001,1.55));
#6422=CARTESIAN_POINT('',(1.35000000001,-1.419848480983,1.55));
#6423=CARTESIAN_POINT('',(1.35000000001,-1.55000000000667,1.55000000000667));
#6424=CARTESIAN_POINT('',(1.25000000001,-1.55000000001,1.55));
#6425=CARTESIAN_POINT('',(1.35000000002,-1.55000000001,1.55));
#6426=CARTESIAN_POINT('',(1.922792206136,-0.75,1.7));
#6427=CARTESIAN_POINT('',(1.564733944378,-1.55,1.65));
#6428=CARTESIAN_POINT('',(1.35000000001,-1.55,1.45));
#6429=CARTESIAN_POINT('',(1.35000000001,-1.55,1.55000000001));
#6430=CARTESIAN_POINT('',(1.35000000000333,-1.55000000000667,1.45000000000333));
#6431=CARTESIAN_POINT('',(1.879467888765,-1.55000000001,1.45));
#6432=CARTESIAN_POINT('',(1.35,-1.55000000001,1.45));
#6433=CARTESIAN_POINT('',(1.8,-1.475,0.07));
#6434=CARTESIAN_POINT('',(-1.50000000001,-0.55000000001,0.07));
#6435=CARTESIAN_POINT('',(-2.10000000002,-0.55000000001,0.07));
#6436=CARTESIAN_POINT('',(-1.50000000001,-0.550000000006667,0.0700000000022809));
#6437=CARTESIAN_POINT('',(-2.10000000001333,-0.550000000003333,0.0700000000022809));
#6438=CARTESIAN_POINT('',(-1.50000000001,-0.80000000002,0.07));
#6439=CARTESIAN_POINT('',(-1.50000000001,-0.55000000001,0.07));
#6440=CARTESIAN_POINT('',(-1.50000000001,-0.80000000002,0.07));
#6441=CARTESIAN_POINT('',(-1.8,-0.80000000001,0.07));
#6442=CARTESIAN_POINT('',(-2.10000000002,-0.80000000001,0.07));
#6443=CARTESIAN_POINT('',(-2.10000000001,-0.55,0.07));
#6444=CARTESIAN_POINT('',(-2.10000000001,-0.80000000001,0.07));
#6445=CARTESIAN_POINT('',(-1.559310784658,-0.55,0.475));
#6446=CARTESIAN_POINT('',(-2.10000000001,-0.55,0.));
#6447=CARTESIAN_POINT('',(-2.10000000001,-0.55,0.07000000001));
#6448=CARTESIAN_POINT('',(-2.10000000001333,-0.55,0.));
#6449=CARTESIAN_POINT('',(-1.50000000001,-0.55,0.));
#6450=CARTESIAN_POINT('',(-2.10000000002,-0.55,0.));
#6451=CARTESIAN_POINT('',(-1.50000000001,-0.55,0.));
#6452=CARTESIAN_POINT('',(-1.50000000001,-0.55,0.07000000001));
#6453=CARTESIAN_POINT('',(-1.50000000001,-0.55,0.));
#6454=CARTESIAN_POINT('',(1.5,-1.075,0.035));
#6455=CARTESIAN_POINT('',(1.5,1.60000000002,0.07000000001));
#6456=CARTESIAN_POINT('',(1.5,1.35000000001,0.07000000001));
#6457=CARTESIAN_POINT('',(1.500000000005,1.600000000005,0.0700000000092107));
#6458=CARTESIAN_POINT('',(1.50000006250125,1.34999999376106,0.069500000005));
#6459=CARTESIAN_POINT('',(1.5,1.35000000002,0.06900000001));
#6460=CARTESIAN_POINT('',(1.5,0.80000000001,0.06900000001));
#6461=CARTESIAN_POINT('',(1.5,0.800000000015,0.06950000001));
#6462=CARTESIAN_POINT('',(1.5,0.80000000002,0.07000000001));
#6463=CARTESIAN_POINT('',(1.5,0.55000000001,0.07000000001));
#6464=CARTESIAN_POINT('',(1.5,0.55000000001,0.0700000000084213));
#6465=CARTESIAN_POINT('',(1.5,0.55000000001,0.07000000001));
#6466=CARTESIAN_POINT('',(1.5,0.55000000001,0.));
#6467=CARTESIAN_POINT('',(1.5,0.550000000005,0.));
#6468=CARTESIAN_POINT('',(1.5,0.55,0.));
#6469=CARTESIAN_POINT('',(1.5,1.60000000001,0.));
#6470=CARTESIAN_POINT('',(1.500000000005,1.600000000005,0.));
#6471=CARTESIAN_POINT('',(1.50000000001,1.6,0.07000000001));
#6472=CARTESIAN_POINT('',(1.50000000001,1.6,0.));
#6473=CARTESIAN_POINT('',(-1.45,0.,0.41));
#6474=CARTESIAN_POINT('',(-1.285,0.35000000001,0.41000000001));
#6475=CARTESIAN_POINT('',(-1.285,-0.35,0.41000000001));
#6476=CARTESIAN_POINT('',(-1.28500000000333,0.350000000006667,0.410000000006667));
#6477=CARTESIAN_POINT('',(-1.28500000000667,-0.350000000003333,0.410000000006667));
#6478=CARTESIAN_POINT('',(-1.61500000001,0.35,0.41000000001));
#6479=CARTESIAN_POINT('',(-1.285,0.35,0.41000000001));
#6480=CARTESIAN_POINT('',(-1.61500000000667,0.350000000003333,0.410000000006667));
#6481=CARTESIAN_POINT('',(-1.61500000001,0.35,0.41));
#6482=CARTESIAN_POINT('',(-1.61500000001,-0.35000000001,0.41));
#6483=CARTESIAN_POINT('',(-1.61500000001,-0.350000000006667,0.410000000006667));
#6484=CARTESIAN_POINT('',(-1.61500000002,-0.35000000001,0.41));
#6485=CARTESIAN_POINT('',(-1.28500000001,-0.35000000001,0.41));
#6486=CARTESIAN_POINT('',(-1.615,0.,0.39));
#6487=CARTESIAN_POINT('',(-1.61500000001,-0.35000000001,0.37));
#6488=CARTESIAN_POINT('',(-1.61500000001,0.35,0.37));
#6489=CARTESIAN_POINT('',(-1.61500000001167,-0.350000000006667,0.370000000003333));
#6490=CARTESIAN_POINT('',(-1.61500000000833,0.350000000003333,0.370000000003333));
#6491=CARTESIAN_POINT('',(-1.61500000002,-0.35,0.37));
#6492=CARTESIAN_POINT('',(-1.61500000001,-0.35,0.41000000001));
#6493=CARTESIAN_POINT('',(-1.61500000002,0.35,0.37));
#6494=CARTESIAN_POINT('',(-1.61500000001,0.35,0.41000000001));
#6495=CARTESIAN_POINT('',(-1.45,-0.35,0.39));
#6496=CARTESIAN_POINT('',(-1.28500000001,-0.35000000001,0.37));
#6497=CARTESIAN_POINT('',(-1.61500000002,-0.35000000001,0.37));
#6498=CARTESIAN_POINT('',(-1.28500000000667,-0.350000000003333,0.370000000003333));
#6499=CARTESIAN_POINT('',(-1.285,-0.35000000001,0.41000000001));
#6500=CARTESIAN_POINT('',(-1.285,-0.35000000001,0.37));
#6501=CARTESIAN_POINT('',(-1.285,0.,0.39));
#6502=CARTESIAN_POINT('',(-1.28500000001,0.35,0.41000000001));
#6503=CARTESIAN_POINT('',(-1.28500000001,0.35,0.37));
#6504=CARTESIAN_POINT('',(-1.28500000000333,0.350000000006667,0.370000000003333));
#6505=CARTESIAN_POINT('',(-1.28500000001,0.35000000001,0.37));
#6506=CARTESIAN_POINT('',(-1.28500000001,-0.35,0.37));
#6507=CARTESIAN_POINT('',(-1.45,0.35,0.39));
#6508=CARTESIAN_POINT('',(-1.61500000001,0.35000000001,0.37));
#6509=CARTESIAN_POINT('',(-1.285,0.35000000001,0.37));
#6510=CARTESIAN_POINT('',(-1.559310784658,-0.55,0.475));
#6511=CARTESIAN_POINT('',(-1.368621569327,-0.55000000001,0.58));
#6512=CARTESIAN_POINT('',(-1.75000000002,-0.549999999999989,0.58));
#6513=CARTESIAN_POINT('',(-1.36862165380718,-0.550000125006113,0.5800000000025));
#6514=CARTESIAN_POINT('',(-1.75000000001,-0.550000000004998,0.580000000006667));
#6515=CARTESIAN_POINT('',(-1.368621569327,-0.55,0.58000000001));
#6516=CARTESIAN_POINT('',(-1.368621569327,-0.55,0.37));
#6517=CARTESIAN_POINT('',(-1.36862168196693,-0.550000166671708,0.37));
#6518=CARTESIAN_POINT('',(-1.75000000002,-0.549999999999989,0.37));
#6519=CARTESIAN_POINT('',(-1.368621569327,-0.55000000001,0.37));
#6520=CARTESIAN_POINT('',(-1.75000000001,-0.550000000004998,0.370000000003333));
#6521=CARTESIAN_POINT('',(-1.75,-0.55000000001,0.58000000001));
#6522=CARTESIAN_POINT('',(-1.75,-0.55000000001,0.37));
#6523=CARTESIAN_POINT('',(1.4968026818E-12,-7.234213228458E-13,0.475));
#6524=CARTESIAN_POINT('',(-1.28674136273815,-0.721055937788408,0.58));
#6525=CARTESIAN_POINT('',(-1.3331910958985,-0.638165291150735,0.58));
#6526=CARTESIAN_POINT('',(-1.36862156931865,-0.549999999998816,0.58));
#6527=CARTESIAN_POINT('',(-1.28674136274291,-0.721055937793543,0.58000000001));
#6528=CARTESIAN_POINT('',(-1.286741362748,-0.7210559377984,0.37000000001));
#6529=CARTESIAN_POINT('',(-1.28674136274798,-0.721055937798377,0.58000000002));
#6530=CARTESIAN_POINT('',(-1.28674133439993,-0.721055732673956,0.370000000005));
#6531=CARTESIAN_POINT('',(-1.36862156931746,-0.55000000000016,0.37));
#6532=CARTESIAN_POINT('',(-1.33319109589719,-0.638165291152087,0.37));
#6533=CARTESIAN_POINT('',(-1.28674136273671,-0.721055937789744,0.37));
#6534=CARTESIAN_POINT('',(-1.281586399182,-1.354472090043E-13,0.37));
#6535=CARTESIAN_POINT('',(-0.81317279837455,0.24748737342525,0.37));
#6536=CARTESIAN_POINT('',(-1.28674136275778,0.721055937808417,0.37));
#6537=CARTESIAN_POINT('',(-0.813172798371194,0.247487373421928,0.370000000006667));
#6538=CARTESIAN_POINT('',(-1.28674136280463,0.721055937688974,0.370000083333333));
#6539=CARTESIAN_POINT('',(-1.2867413627381,0.721055937788389,0.37));
#6540=CARTESIAN_POINT('',(-1.31770785151167,0.665795506696606,0.37));
#6541=CARTESIAN_POINT('',(-1.34500125370517,0.608776860766742,0.37));
#6542=CARTESIAN_POINT('',(-1.3686215693186,0.549999999998796,0.37));
#6543=CARTESIAN_POINT('',(-1.36862163690664,0.550000100003516,0.370000000002));
#6544=CARTESIAN_POINT('',(-1.368621569327,0.55000000001,0.37));
#6545=CARTESIAN_POINT('',(-1.49574771289133,0.550000000006663,0.37));
#6546=CARTESIAN_POINT('',(-1.62287385645567,0.550000000003326,0.37));
#6547=CARTESIAN_POINT('',(-1.75000000002,0.549999999999989,0.37));
#6548=CARTESIAN_POINT('',(-1.7500000000125,0.550000000002497,0.37));
#6549=CARTESIAN_POINT('',(-1.75000000001,0.55,0.37));
#6550=CARTESIAN_POINT('',(-1.75000000001,-0.55000000001,0.37));
#6551=CARTESIAN_POINT('',(-1.28674136274805,-0.72105593779845,0.37));
#6552=CARTESIAN_POINT('',(-0.813172798364666,-0.247487373415133,0.37));
#6553=CARTESIAN_POINT('',(-0.813172798362594,-0.247487373421652,0.37000000001));
#6554=CARTESIAN_POINT('',(-0.8131727983846,-0.2474873734153,0.37));
#6555=CARTESIAN_POINT('',(-0.8131727983745,0.2474873734253,0.37));
#6556=CARTESIAN_POINT('',(-1.28500000001,0.35000000001,0.37));
#6557=CARTESIAN_POINT('',(-1.28500000001,-0.35,0.37));
#6558=CARTESIAN_POINT('',(-1.28500000000667,-0.350000000003333,0.370000000003333));
#6559=CARTESIAN_POINT('',(-1.28500000001,-0.35000000001,0.37));
#6560=CARTESIAN_POINT('',(-1.61500000002,-0.35000000001,0.37));
#6561=CARTESIAN_POINT('',(-1.75,0.,0.475));
#6562=CARTESIAN_POINT('',(-1.75000000001,-0.55000000001,0.58));
#6563=CARTESIAN_POINT('',(-1.75000000001,0.55,0.58));
#6564=CARTESIAN_POINT('',(-1.75000000000667,0.550000000003333,0.580000000006667));
#6565=CARTESIAN_POINT('',(-1.75,0.55000000001,0.37));
#6566=CARTESIAN_POINT('',(-1.75,0.55000000001,0.58000000001));
#6567=CARTESIAN_POINT('',(1.35,-1.443502884254,1.5));
#6568=CARTESIAN_POINT('',(1.35000000001,-1.419848480983,1.45));
#6569=CARTESIAN_POINT('',(1.35000000001,-1.337005768509,1.45));
#6570=CARTESIAN_POINT('',(1.350000000005,-1.419848480983,1.450000000005));
#6571=CARTESIAN_POINT('',(1.3500000000035,-1.3370057685125,1.45000000000333));
#6572=CARTESIAN_POINT('',(1.35000000001,-1.55000000001,1.45));
#6573=CARTESIAN_POINT('',(1.35000000001,-1.419848480983,1.45));
#6574=CARTESIAN_POINT('',(1.35000000000333,-1.55000000000667,1.45000000000333));
#6575=CARTESIAN_POINT('',(1.35000000001,-1.55,1.45));
#6576=CARTESIAN_POINT('',(1.35000000001,-1.55,1.55000000001));
#6577=CARTESIAN_POINT('',(1.35000000001,-1.55000000000667,1.55000000000667));
#6578=CARTESIAN_POINT('',(1.35,-1.419848480983,1.55000000001));
#6579=CARTESIAN_POINT('',(1.35,-1.55000000001,1.55000000001));
#6580=CARTESIAN_POINT('',(1.350000000005,-1.419848480983,1.550000000005));
#6581=CARTESIAN_POINT('',(1.35000000001,-1.419848480983,1.55));
#6582=CARTESIAN_POINT('',(1.35000000001,-1.337005768509,1.55));
#6583=CARTESIAN_POINT('',(1.3500000000035,-1.3370057685125,1.55000000000667));
#6584=CARTESIAN_POINT('',(1.35,-1.337005768519,1.45));
#6585=CARTESIAN_POINT('',(1.35,-1.337005768519,1.55000000001));
#6586=CARTESIAN_POINT('',(1.943502884254,-0.85,1.5));
#6587=CARTESIAN_POINT('',(1.837005768519,-0.85,1.45));
#6588=CARTESIAN_POINT('',(1.837005768519,-0.85,1.55000000001));
#6589=CARTESIAN_POINT('',(1.83700576851917,-0.850000000000167,1.45000000000333));
#6590=CARTESIAN_POINT('',(1.83700576851917,-0.850000000000167,1.55000000000667));
#6591=CARTESIAN_POINT('',(1.837005768519,-0.85,1.55000000001));
#6592=CARTESIAN_POINT('',(1.919848480994,-0.85,1.55000000001));
#6593=CARTESIAN_POINT('',(1.919848480994,-0.850000000005,1.550000000005));
#6594=CARTESIAN_POINT('',(1.919848480994,-0.85,1.55000000001));
#6595=CARTESIAN_POINT('',(2.05000000002,-0.85,1.55000000001));
#6596=CARTESIAN_POINT('',(2.05000000001,-0.850000000006667,1.55000000000667));
#6597=CARTESIAN_POINT('',(2.05,-0.85000000001,1.45));
#6598=CARTESIAN_POINT('',(2.05,-0.85000000001,1.55000000001));
#6599=CARTESIAN_POINT('',(2.05000000001,-0.850000000006667,1.45000000000333));
#6600=CARTESIAN_POINT('',(2.05000000002,-0.85,1.45000000001));
#6601=CARTESIAN_POINT('',(1.919848480994,-0.85,1.45000000001));
#6602=CARTESIAN_POINT('',(1.919848480994,-0.850000000005,1.450000000005));
#6603=CARTESIAN_POINT('',(1.837005768519,-0.85000000001,1.45));
#6604=CARTESIAN_POINT('',(1.919848480994,-0.85000000001,1.45));
#6605=CARTESIAN_POINT('',(1.593502884255,-1.093502884255,1.5));
#6606=CARTESIAN_POINT('',(1.77842712476625,-0.90857864376275,1.45));
#6607=CARTESIAN_POINT('',(1.837005768529,-0.85,1.45));
#6608=CARTESIAN_POINT('',(1.7784271247615,-0.908578643758,1.450000000005));
#6609=CARTESIAN_POINT('',(1.408578643773,-1.278427124756,1.45));
#6610=CARTESIAN_POINT('',(1.77842712476625,-0.90857864376275,1.45));
#6611=CARTESIAN_POINT('',(1.40857864376825,-1.27842712475125,1.450000000005));
#6612=CARTESIAN_POINT('',(1.35000000001,-1.337005768519,1.45));
#6613=CARTESIAN_POINT('',(1.408578643773,-1.278427124756,1.45));
#6614=CARTESIAN_POINT('',(1.35000000001,-1.337005768519,1.55));
#6615=CARTESIAN_POINT('',(1.408578643773,-1.278427124756,1.55));
#6616=CARTESIAN_POINT('',(1.40857864376825,-1.27842712475125,1.550000000005));
#6617=CARTESIAN_POINT('',(1.77842712475675,-0.90857864375325,1.55000000001));
#6618=CARTESIAN_POINT('',(1.4085786437635,-1.2784271247465,1.55000000001));
#6619=CARTESIAN_POINT('',(1.7784271247615,-0.908578643758,1.550000000005));
#6620=CARTESIAN_POINT('',(1.77842712476625,-0.90857864376275,1.55));
#6621=CARTESIAN_POINT('',(1.837005768529,-0.85,1.55));
#6622=CARTESIAN_POINT('',(-1.564733944378,-1.55,1.65));
#6623=CARTESIAN_POINT('',(-1.35,-1.55000000001,1.55000000002));
#6624=CARTESIAN_POINT('',(-1.35,-1.55000000001,1.45000000001));
#6625=CARTESIAN_POINT('',(-1.35000000000667,-1.55000000001,1.55000000001));
#6626=CARTESIAN_POINT('',(-1.35000000000333,-1.55000000001,1.45000000000667));
#6627=CARTESIAN_POINT('',(-1.35000000001,-1.55000000001,1.55));
#6628=CARTESIAN_POINT('',(-1.25,-1.55000000001,1.55));
#6629=CARTESIAN_POINT('',(-1.25000000000333,-1.55000000001,1.55000000000333));
#6630=CARTESIAN_POINT('',(-1.25,-1.55000000001,1.85000000001));
#6631=CARTESIAN_POINT('',(-1.25,-1.55000000001,1.55));
#6632=CARTESIAN_POINT('',(-1.25000000000667,-1.55000000001,1.85000000000667));
#6633=CARTESIAN_POINT('',(-1.879467888775,-1.55000000001,1.85));
#6634=CARTESIAN_POINT('',(-1.25000000001,-1.55000000001,1.85));
#6635=CARTESIAN_POINT('',(-1.87946788876183,-1.55000000000683,1.85000000000667));
#6636=CARTESIAN_POINT('',(-1.879467888765,-1.55,1.45));
#6637=CARTESIAN_POINT('',(-1.879467888765,-1.55,1.85000000001));
#6638=CARTESIAN_POINT('',(-1.87946788876183,-1.5500000000035,1.45000000000333));
#6639=CARTESIAN_POINT('',(-1.35,-1.55000000001,1.45));
#6640=CARTESIAN_POINT('',(-1.879467888765,-1.55000000001,1.45));
#6641=CARTESIAN_POINT('',(-1.964733944378,-1.464733944378,1.65));
#6642=CARTESIAN_POINT('',(-1.879467888765,-1.55000000001,1.45));
#6643=CARTESIAN_POINT('',(-2.05000000002,-1.379467888755,1.45));
#6644=CARTESIAN_POINT('',(-2.05000000000683,-1.37946788876183,1.45000000000333));
#6645=CARTESIAN_POINT('',(-2.05000000001,-1.379467888765,1.85));
#6646=CARTESIAN_POINT('',(-1.879467888755,-1.55000000002,1.85));
#6647=CARTESIAN_POINT('',(-2.0500000000035,-1.37946788876183,1.85000000000667));
#6648=CARTESIAN_POINT('',(-2.0500000000005,-1.3794678887555,1.45));
#6649=CARTESIAN_POINT('',(-2.0500000000005,-1.3794678887555,1.85000000001));
#6650=CARTESIAN_POINT('',(1.564733944378,1.55,1.65));
#6651=CARTESIAN_POINT('',(1.25000000001,1.55,1.85000000001));
#6652=CARTESIAN_POINT('',(1.879467888775,1.55,1.85000000001));
#6653=CARTESIAN_POINT('',(1.25000000001,1.55000000000333,1.85000000001));
#6654=CARTESIAN_POINT('',(1.87946788876182,1.55000000000051,1.85000000001));
#6655=CARTESIAN_POINT('',(1.8794678887555,1.5500000000005,1.45));
#6656=CARTESIAN_POINT('',(1.8794678887555,1.5500000000005,1.85000000001));
#6657=CARTESIAN_POINT('',(1.87946790340541,1.54999998536009,1.45));
#6658=CARTESIAN_POINT('',(0.,1.55000000001,1.45));
#6659=CARTESIAN_POINT('',(1.35000004167292,1.5499999583369,1.45000008333583));
#6660=CARTESIAN_POINT('',(1.35000000001,1.55,1.45000000001));
#6661=CARTESIAN_POINT('',(1.35000000001,1.55,1.48333333334367));
#6662=CARTESIAN_POINT('',(1.35000000001,1.55,1.51666666667734));
#6663=CARTESIAN_POINT('',(1.35000000001,1.55,1.55000000001101));
#6664=CARTESIAN_POINT('',(1.350000000005,1.550000000005,1.5500000000105));
#6665=CARTESIAN_POINT('',(1.35000000001,1.55,1.55000000001));
#6666=CARTESIAN_POINT('',(1.25,1.55,1.55000000001));
#6667=CARTESIAN_POINT('',(1.25000000000333,1.55000000000333,1.55000000001));
#6668=CARTESIAN_POINT('',(1.25000000001,1.55,1.55000000001));
#6669=CARTESIAN_POINT('',(1.25000000001,1.55,1.85000000002));
#6670=CARTESIAN_POINT('',(1.522792206136,1.022792206136,1.7));
#6671=CARTESIAN_POINT('',(1.795584412282,0.74999999999,1.55000000001));
#6672=CARTESIAN_POINT('',(1.25,1.295584412272,1.55000000001));
#6673=CARTESIAN_POINT('',(1.795584412277,0.75,1.550000000005));
#6674=CARTESIAN_POINT('',(1.25,1.295584412272,1.55000000000667));
#6675=CARTESIAN_POINT('',(1.795584412272,0.75,1.85000000001));
#6676=CARTESIAN_POINT('',(1.795584412272,0.75,1.55));
#6677=CARTESIAN_POINT('',(1.79558441227867,0.750000000003333,1.85));
#6678=CARTESIAN_POINT('',(1.25000000001,1.295584412282,1.85));
#6679=CARTESIAN_POINT('',(1.795584412292,0.75,1.85));
#6680=CARTESIAN_POINT('',(1.25000000000667,1.29558441227533,1.85000000000333));
#6681=CARTESIAN_POINT('',(1.25,1.295584412272,1.55));
#6682=CARTESIAN_POINT('',(1.25,1.295584412272,1.85000000001));
#6683=CARTESIAN_POINT('',(-1.65,-1.15,1.55));
#6684=CARTESIAN_POINT('',(2.05,1.064733944378,1.55000000001));
#6685=CARTESIAN_POINT('',(2.04999995000158,0.750000000005,1.55));
#6686=CARTESIAN_POINT('',(2.05,0.849999950009152,1.55000000001));
#6687=CARTESIAN_POINT('',(1.65,0.75,1.55));
#6688=CARTESIAN_POINT('',(1.25,1.295584412272,1.55000000001));
#6689=CARTESIAN_POINT('',(1.25,1.55000000001,1.55000000001));
#6690=CARTESIAN_POINT('',(1.35,1.55000000002,1.55000000001));
#6691=CARTESIAN_POINT('',(1.35,1.419848480993,1.55000000001));
#6692=CARTESIAN_POINT('',(1.350000000005,1.419848480993,1.550000000005));
#6693=CARTESIAN_POINT('',(1.35000000001,1.337005768519,1.55));
#6694=CARTESIAN_POINT('',(1.35000000001,1.419848480993,1.55));
#6695=CARTESIAN_POINT('',(1.35000000001,1.337005768509,1.55));
#6696=CARTESIAN_POINT('',(1.593502884255,1.093502884254,1.55));
#6697=CARTESIAN_POINT('',(1.83700578922218,0.85,1.55));
#6698=CARTESIAN_POINT('',(1.943502884254,0.85,1.55));
#6699=CARTESIAN_POINT('',(-1.65,-1.15,1.85));
#6700=CARTESIAN_POINT('',(1.25000000001,1.55000000001,1.85));
#6701=CARTESIAN_POINT('',(1.25000000001,1.295584412272,1.85));
#6702=CARTESIAN_POINT('',(1.795584412282,0.75000000001,1.85));
#6703=CARTESIAN_POINT('',(2.05000000002,0.75000000001,1.85));
#6704=CARTESIAN_POINT('',(2.05000000000351,0.75000000001,1.85000000000667));
#6705=CARTESIAN_POINT('',(2.05,1.379467888775,1.85000000001));
#6706=CARTESIAN_POINT('',(2.05,0.75000000001,1.85000000001));
#6707=CARTESIAN_POINT('',(2.05000000000017,1.37946788876517,1.85000000001333));
#6708=CARTESIAN_POINT('',(1.8794678887455,1.5500000000105,1.85000000001));
#6709=CARTESIAN_POINT('',(2.0500000000005,1.3794678887555,1.85000000001));
#6710=CARTESIAN_POINT('',(1.25,1.422792206136,1.7));
#6711=CARTESIAN_POINT('',(1.922792206136,0.75,1.7));
#6712=CARTESIAN_POINT('',(2.05,0.75000000001,1.85000000001));
#6713=CARTESIAN_POINT('',(2.05,0.75000000001,1.55));
#6714=CARTESIAN_POINT('',(1.964733944378,1.464733944378,1.65));
#6715=CARTESIAN_POINT('',(2.05,1.379467888765,1.45000000001));
#6716=CARTESIAN_POINT('',(2.05,1.379467888765,1.85000000002));
#6717=CARTESIAN_POINT('',(2.050000000005,1.37946786805266,1.450000000005));
#6718=CARTESIAN_POINT('',(1.879467888765,1.55000000001,1.45));
#6719=CARTESIAN_POINT('',(2.05,1.064733944378,1.65));
#6720=CARTESIAN_POINT('',(2.05,0.85000000001,1.55000000001));
#6721=CARTESIAN_POINT('',(2.05,0.85000000001,1.45));
#6722=CARTESIAN_POINT('',(2.050000000005,0.850000000005,1.45));
#6723=CARTESIAN_POINT('',(2.05000000001,0.,1.45));
#6724=CARTESIAN_POINT('',(1.943502884254,0.85,1.5));
#6725=CARTESIAN_POINT('',(1.919848480993,0.85000000001,1.45));
#6726=CARTESIAN_POINT('',(1.837005768509,0.85000000001,1.45));
#6727=CARTESIAN_POINT('',(1.919848480993,0.850000000005,1.450000000005));
#6728=CARTESIAN_POINT('',(1.83700576851233,0.850000000003333,1.45000000000333));
#6729=CARTESIAN_POINT('',(2.05000000001,0.85000000001,1.45));
#6730=CARTESIAN_POINT('',(1.919848480993,0.85000000001,1.45));
#6731=CARTESIAN_POINT('',(1.837005768519,0.85,1.45));
#6732=CARTESIAN_POINT('',(1.837005768519,0.85,1.55000000001));
#6733=CARTESIAN_POINT('',(1.593502884255,1.093502884254,1.5));
#6734=CARTESIAN_POINT('',(1.408578643763,1.278427124766,1.45));
#6735=CARTESIAN_POINT('',(1.35,1.337005768529,1.45));
#6736=CARTESIAN_POINT('',(1.408578643758,1.278427124761,1.450000000005));
#6737=CARTESIAN_POINT('',(1.35000000001,1.337005768519,1.45));
#6738=CARTESIAN_POINT('',(1.77842712475625,0.90857864377275,1.45));
#6739=CARTESIAN_POINT('',(1.408578643763,1.278427124766,1.45));
#6740=CARTESIAN_POINT('',(1.77842712475125,0.90857864376775,1.450000000005));
#6741=CARTESIAN_POINT('',(1.837005768519,0.85000000001,1.45));
#6742=CARTESIAN_POINT('',(1.77842712475625,0.90857864377275,1.45));
#6743=CARTESIAN_POINT('',(1.35,1.337005768509,1.45));
#6744=CARTESIAN_POINT('',(1.35,1.337005768509,1.55000000001));
#6745=CARTESIAN_POINT('',(-2.05,-1.064733944378,1.65));
#6746=CARTESIAN_POINT('',(-2.05000000001,0.85,1.45000000001));
#6747=CARTESIAN_POINT('',(-2.05000000001,0.85,1.55000000002));
#6748=CARTESIAN_POINT('',(-2.05000000001018,0.850000000003333,1.45000000000333));
#6749=CARTESIAN_POINT('',(-2.05000000001,0.850000000005,1.5500000000055));
#6750=CARTESIAN_POINT('',(-2.05000000001,0.85000000001,1.55));
#6751=CARTESIAN_POINT('',(-2.05000000001,0.75,1.55));
#6752=CARTESIAN_POINT('',(-2.05000000001013,0.75,1.5500000000025));
#6753=CARTESIAN_POINT('',(-2.05000000001,0.75,1.55));
#6754=CARTESIAN_POINT('',(-2.05000000001,0.75,1.85000000001));
#6755=CARTESIAN_POINT('',(-2.05000000001018,0.750000000003333,1.85000000000333));
#6756=CARTESIAN_POINT('',(-2.05000000001,1.379467888765,1.85));
#6757=CARTESIAN_POINT('',(-2.05000000001,0.75,1.85));
#6758=CARTESIAN_POINT('',(-2.05000000000737,1.3794678887643,1.85000000000333));
#6759=CARTESIAN_POINT('',(-2.05,1.379467888765,1.45));
#6760=CARTESIAN_POINT('',(-2.05,1.379467888765,1.85000000001));
#6761=CARTESIAN_POINT('',(-2.05000000000667,1.379467888765,1.45));
#6762=CARTESIAN_POINT('',(-2.05000000001,0.85,1.45));
#6763=CARTESIAN_POINT('',(-2.05000000001,1.379467888765,1.45));
#6764=CARTESIAN_POINT('',(-1.964733944378,1.464733944378,1.65));
#6765=CARTESIAN_POINT('',(-2.05000000001,1.379467888765,1.45));
#6766=CARTESIAN_POINT('',(-1.879467888755,1.55000000002,1.45));
#6767=CARTESIAN_POINT('',(-1.8794678887643,1.55000000000737,1.45000000000333));
#6768=CARTESIAN_POINT('',(-1.879467888765,1.55000000001,1.85));
#6769=CARTESIAN_POINT('',(-2.05000000002,1.379467888755,1.85));
#6770=CARTESIAN_POINT('',(-1.87946788877167,1.55,1.85000000001));
#6771=CARTESIAN_POINT('',(-1.879467888765,1.55,1.45000000001));
#6772=CARTESIAN_POINT('',(-1.879467888765,1.55,1.85000000002));
#6773=CARTESIAN_POINT('',(0.,0.,1.45));
#6774=CARTESIAN_POINT('',(-1.95,-1.45,1.45));
#6775=CARTESIAN_POINT('',(-2.1,-1.45000000001,1.4499997500075));
#6776=CARTESIAN_POINT('',(-1.94999987500374,-1.60000000000125,1.450000000005));
#6777=CARTESIAN_POINT('',(-1.9499997500075,-1.600000000005,1.45));
#6778=CARTESIAN_POINT('',(-1.74999983334166,-1.600000000005,1.45));
#6779=CARTESIAN_POINT('',(-1.54999991667583,-1.600000000005,1.45));
#6780=CARTESIAN_POINT('',(-1.35000000001,-1.600000000005,1.45));
#6781=CARTESIAN_POINT('',(-1.35000000001,-1.60000000000375,1.4500000000025));
#6782=CARTESIAN_POINT('',(-1.35000000001,-1.60000000001,1.45));
#6783=CARTESIAN_POINT('',(-0.450000000006667,-1.60000000001,1.45));
#6784=CARTESIAN_POINT('',(0.449999999996667,-1.60000000001,1.45));
#6785=CARTESIAN_POINT('',(1.35,-1.60000000001,1.45));
#6786=CARTESIAN_POINT('',(1.35,-1.600000000005,1.4500000000025));
#6787=CARTESIAN_POINT('',(1.35,-1.60000000001,1.45));
#6788=CARTESIAN_POINT('',(1.55,-1.60000000001,1.45));
#6789=CARTESIAN_POINT('',(1.75,-1.60000000001,1.45));
#6790=CARTESIAN_POINT('',(1.95,-1.60000000001,1.45));
#6791=CARTESIAN_POINT('',(1.95001818891826,-1.59999992223785,1.450000000004));
#6792=CARTESIAN_POINT('',(1.95001818896645,-1.59999998071672,1.45));
#6793=CARTESIAN_POINT('',(2.04949068872917,-1.59989142521795,1.45));
#6794=CARTESIAN_POINT('',(2.0994845880339,-1.54989879303316,1.45));
#6795=CARTESIAN_POINT('',(2.09999988688064,-1.45002208416234,1.45));
#6796=CARTESIAN_POINT('',(2.09999990260123,-1.45002208426641,1.4500000000032));
#6797=CARTESIAN_POINT('',(2.10000000001,-1.45000000001,1.45));
#6798=CARTESIAN_POINT('',(2.10000000001,-1.25000000001,1.45));
#6799=CARTESIAN_POINT('',(2.10000000001,-1.05000000001,1.45));
#6800=CARTESIAN_POINT('',(2.10000000001,-0.85000000001,1.45));
#6801=CARTESIAN_POINT('',(2.100000000005,-0.85000000001,1.4500000000025));
#6802=CARTESIAN_POINT('',(2.10000000001,-0.85000000001,1.45));
#6803=CARTESIAN_POINT('',(2.10000000001,-0.28333333334,1.45));
#6804=CARTESIAN_POINT('',(2.10000000001,0.28333333333,1.45));
#6805=CARTESIAN_POINT('',(2.10000000001,0.85,1.45));
#6806=CARTESIAN_POINT('',(2.100000000005,0.85,1.4500000000025));
#6807=CARTESIAN_POINT('',(2.10000000001,0.85,1.45));
#6808=CARTESIAN_POINT('',(2.10000000001,1.05,1.45));
#6809=CARTESIAN_POINT('',(2.10000000001,1.25,1.45));
#6810=CARTESIAN_POINT('',(2.10000000001,1.45,1.45));
#6811=CARTESIAN_POINT('',(2.09999992223782,1.45001818918493,1.450000000004));
#6812=CARTESIAN_POINT('',(2.09999998071643,1.45001818923312,1.45));
#6813=CARTESIAN_POINT('',(2.0998914251286,1.54949068881851,1.45));
#6814=CARTESIAN_POINT('',(2.04989879294391,1.59948458803435,1.45));
#6815=CARTESIAN_POINT('',(1.95002208416235,1.59999988688064,1.45));
#6816=CARTESIAN_POINT('',(1.95002208426642,1.59999990260123,1.4500000000032));
#6817=CARTESIAN_POINT('',(1.95000000001,1.60000000001,1.45));
#6818=CARTESIAN_POINT('',(1.75000000001,1.60000000001,1.45));
#6819=CARTESIAN_POINT('',(1.55000000001,1.60000000001,1.45));
#6820=CARTESIAN_POINT('',(1.35000000001,1.60000000001,1.45));
#6821=CARTESIAN_POINT('',(1.35000000001,1.600000000005,1.4500000000025));
#6822=CARTESIAN_POINT('',(1.35000000001,1.60000000001,1.45));
#6823=CARTESIAN_POINT('',(0.450000000006667,1.60000000001,1.45));
#6824=CARTESIAN_POINT('',(-0.449999999996667,1.60000000001,1.45));
#6825=CARTESIAN_POINT('',(-1.35,1.60000000001,1.45));
#6826=CARTESIAN_POINT('',(-1.35,1.600000000005,1.4500000000025));
#6827=CARTESIAN_POINT('',(-1.35,1.60000000001,1.45));
#6828=CARTESIAN_POINT('',(-1.55,1.60000000001,1.45));
#6829=CARTESIAN_POINT('',(-1.75,1.60000000001,1.45));
#6830=CARTESIAN_POINT('',(-1.95,1.60000000001,1.45));
#6831=CARTESIAN_POINT('',(-1.95001818918497,1.59999992223782,1.450000000004));
#6832=CARTESIAN_POINT('',(-1.95001818923316,1.59999998071643,1.45));
#6833=CARTESIAN_POINT('',(-2.04949802014065,1.59989141712782,1.45));
#6834=CARTESIAN_POINT('',(-2.09949195706627,1.54989142355902,1.45));
#6835=CARTESIAN_POINT('',(-2.10000000001,1.45000000001,1.45));
#6836=CARTESIAN_POINT('',(-2.100000000005,1.44999987500374,1.449999875005));
#6837=CARTESIAN_POINT('',(-2.10000000001,1.45000000001,1.45));
#6838=CARTESIAN_POINT('',(-2.10000000001,0.85000000001,1.45));
#6839=CARTESIAN_POINT('',(-2.100000000005,0.85000000001,1.450000000005));
#6840=CARTESIAN_POINT('',(-2.10000000001,0.85000000001,1.45));
#6841=CARTESIAN_POINT('',(-2.10000000001,-0.85,1.45));
#6842=CARTESIAN_POINT('',(-2.100000000005,-0.85,1.450000000005));
#6843=CARTESIAN_POINT('',(-2.10000000001,-0.85,1.45));
#6844=CARTESIAN_POINT('',(-2.10000000001,-1.45,1.45));
#6845=CARTESIAN_POINT('',(-1.35000000001,1.419848480983,1.45));
#6846=CARTESIAN_POINT('',(-1.35000000001,1.337005768509,1.45));
#6847=CARTESIAN_POINT('',(-1.350000000005,1.419848480983,1.450000000005));
#6848=CARTESIAN_POINT('',(-1.35000000000683,1.3370057685125,1.45));
#6849=CARTESIAN_POINT('',(-1.35000000001,1.337005768519,1.45));
#6850=CARTESIAN_POINT('',(-1.408578643773,1.278427124756,1.45));
#6851=CARTESIAN_POINT('',(-1.40857864376825,1.27842712475125,1.450000000005));
#6852=CARTESIAN_POINT('',(-1.77842712475675,0.90857864375325,1.45000000001));
#6853=CARTESIAN_POINT('',(-1.4085786437635,1.2784271247465,1.45000000001));
#6854=CARTESIAN_POINT('',(-1.7784271247615,0.908578643758,1.450000000005));
#6855=CARTESIAN_POINT('',(-1.77842712476625,0.90857864376275,1.45));
#6856=CARTESIAN_POINT('',(-1.837005768529,0.85,1.45));
#6857=CARTESIAN_POINT('',(-1.83700576851913,0.850000000005125,1.45));
#6858=CARTESIAN_POINT('',(-1.837005768519,0.85000000001,1.45));
#6859=CARTESIAN_POINT('',(-1.919848480993,0.85000000001,1.45));
#6860=CARTESIAN_POINT('',(-1.919848480993,0.850000000005,1.450000000005));
#6861=CARTESIAN_POINT('',(-1.919848480993,0.85000000001,1.45));
#6862=CARTESIAN_POINT('',(-2.05000000002,0.85000000001,1.45));
#6863=CARTESIAN_POINT('',(-1.879467888765,1.55000000001,1.45));
#6864=CARTESIAN_POINT('',(-1.35,1.55000000001,1.45));
#6865=CARTESIAN_POINT('',(-1.35,1.55000000001,1.45000000000333));
#6866=CARTESIAN_POINT('',(-1.35,1.419848480983,1.45000000001));
#6867=CARTESIAN_POINT('',(-1.35,1.55000000001,1.45000000001));
#6868=CARTESIAN_POINT('',(1.35000000001,0.,1.45));
#6869=CARTESIAN_POINT('',(-1.408578643763,-1.278427124766,1.45));
#6870=CARTESIAN_POINT('',(-1.35,-1.337005768529,1.45));
#6871=CARTESIAN_POINT('',(-1.408578643758,-1.278427124761,1.450000000005));
#6872=CARTESIAN_POINT('',(-1.35,-1.337005768519,1.45000000000333));
#6873=CARTESIAN_POINT('',(-1.35000000001,-1.337005768519,1.45));
#6874=CARTESIAN_POINT('',(-1.35000000001,-1.419848480983,1.45));
#6875=CARTESIAN_POINT('',(-1.350000000005,-1.419848480983,1.450000000005));
#6876=CARTESIAN_POINT('',(-1.35,-1.55000000002,1.45000000001));
#6877=CARTESIAN_POINT('',(-1.35,-1.419848480983,1.45000000001));
#6878=CARTESIAN_POINT('',(-2.05000000001,-1.379467888775,1.45));
#6879=CARTESIAN_POINT('',(-2.05000000001,-0.85000000001,1.45));
#6880=CARTESIAN_POINT('',(-2.05000000001,-0.850000000003333,1.45000000000333));
#6881=CARTESIAN_POINT('',(-1.919848480983,-0.85,1.45000000001));
#6882=CARTESIAN_POINT('',(-2.05000000001,-0.85,1.45000000001));
#6883=CARTESIAN_POINT('',(-1.919848480983,-0.850000000005,1.450000000005));
#6884=CARTESIAN_POINT('',(-1.919848480983,-0.85000000001,1.45));
#6885=CARTESIAN_POINT('',(-1.837005768509,-0.85000000001,1.45));
#6886=CARTESIAN_POINT('',(-1.83700576851233,-0.850000000006667,1.45));
#6887=CARTESIAN_POINT('',(-1.837005768519,-0.85000000001,1.45));
#6888=CARTESIAN_POINT('',(-1.77842712475625,-0.90857864377275,1.45));
#6889=CARTESIAN_POINT('',(-1.77842712475125,-0.90857864376775,1.450000000005));
#6890=CARTESIAN_POINT('',(-1.408578643753,-1.278427124756,1.45000000001));
#6891=CARTESIAN_POINT('',(-1.77842712474625,-0.90857864376275,1.45000000001));
#6892=CARTESIAN_POINT('',(1.837005768519,-0.85000000001,1.45));
#6893=CARTESIAN_POINT('',(1.919848480994,-0.85000000001,1.45));
#6894=CARTESIAN_POINT('',(1.919848480994,-0.850000000005,1.450000000005));
#6895=CARTESIAN_POINT('',(1.919848480994,-0.85000000001,1.45));
#6896=CARTESIAN_POINT('',(2.05000000002,-0.85000000001,1.45));
#6897=CARTESIAN_POINT('',(2.05000000001,-0.850000000006667,1.45000000000333));
#6898=CARTESIAN_POINT('',(2.05000000001,-0.85000000001,1.45));
#6899=CARTESIAN_POINT('',(2.05000000001,-1.379467888775,1.45));
#6900=CARTESIAN_POINT('',(2.0500000000035,-1.37946788876517,1.45000000000333));
#6901=CARTESIAN_POINT('',(2.05000000001,-1.379467888765,1.45));
#6902=CARTESIAN_POINT('',(1.879467888755,-1.55000000002,1.45));
#6903=CARTESIAN_POINT('',(1.8794678887585,-1.55000000000683,1.45000000000333));
#6904=CARTESIAN_POINT('',(1.879467888765,-1.55000000001,1.45));
#6905=CARTESIAN_POINT('',(1.35,-1.55000000001,1.45));
#6906=CARTESIAN_POINT('',(-1.17665042944,1.47500000001,1.45000000001));
#6907=CARTESIAN_POINT('',(-1.9500000000001,0.7016504294499,1.45000000001));
#6908=CARTESIAN_POINT('',(-1.17665042945333,1.47500000000666,1.45000000001));
#6909=CARTESIAN_POINT('',(-1.95000000000504,0.701650429453167,1.45000000000667));
#6910=CARTESIAN_POINT('',(-1.17665042946,1.47500000001,1.45));
#6911=CARTESIAN_POINT('',(1.17665042945,1.47499999999993,1.45));
#6912=CARTESIAN_POINT('',(1.17665042945333,1.47500000000166,1.45000000000667));
#6913=CARTESIAN_POINT('',(1.17665042946,1.47500000001,1.45));
#6914=CARTESIAN_POINT('',(1.95000000002015,0.701650429449745,1.45));
#6915=CARTESIAN_POINT('',(1.95000000000676,0.701650429453024,1.45000000000667));
#6916=CARTESIAN_POINT('',(1.95000000001,0.7016504294596,1.45));
#6917=CARTESIAN_POINT('',(1.95000000002007,-0.7016504294498,1.45));
#6918=CARTESIAN_POINT('',(1.95000000000421,-0.701650429455675,1.45000000001));
#6919=CARTESIAN_POINT('',(1.95000000001,-0.7016504294598,1.45));
#6920=CARTESIAN_POINT('',(1.17665042944995,-1.47500000001995,1.45));
#6921=CARTESIAN_POINT('',(1.17665042945333,-1.47500000000666,1.45000000001));
#6922=CARTESIAN_POINT('',(-1.17665042945,-1.475,1.45000000001));
#6923=CARTESIAN_POINT('',(1.17665042946,-1.475,1.45000000001));
#6924=CARTESIAN_POINT('',(-1.17665042945333,-1.47500000000166,1.45000000000667));
#6925=CARTESIAN_POINT('',(-1.9500000000102,-0.7016504294398,1.45000000001));
#6926=CARTESIAN_POINT('',(-1.17665042945,-1.475,1.45000000001));
#6927=CARTESIAN_POINT('',(-1.95000000000676,-0.701650429453024,1.45000000000667));
#6928=CARTESIAN_POINT('',(-1.95,0.7016504294498,1.45000000001));
#6929=CARTESIAN_POINT('',(-1.95,-0.7016504294596,1.45000000001));
#6930=CARTESIAN_POINT('',(-1.522792206136,1.022792206136,1.7));
#6931=CARTESIAN_POINT('',(-1.25,1.295584412282,1.85000000001));
#6932=CARTESIAN_POINT('',(-1.25,1.295584412282,1.55));
#6933=CARTESIAN_POINT('',(-1.25,1.295584412287,1.850000000005));
#6934=CARTESIAN_POINT('',(-1.25,1.29558441227533,1.55000000000667));
#6935=CARTESIAN_POINT('',(-1.795584412282,0.75000000001,1.85));
#6936=CARTESIAN_POINT('',(-1.25,1.295584412292,1.85));
#6937=CARTESIAN_POINT('',(-1.79558441227867,0.750000000006667,1.85000000000333));
#6938=CARTESIAN_POINT('',(-1.795584412272,0.75,1.85000000001));
#6939=CARTESIAN_POINT('',(-1.795584412272,0.75,1.55));
#6940=CARTESIAN_POINT('',(-1.79558441227533,0.75,1.55000000000667));
#6941=CARTESIAN_POINT('',(-1.795584412272,0.75,1.55000000001));
#6942=CARTESIAN_POINT('',(-1.24999999999,1.295584412282,1.55000000001));
#6943=CARTESIAN_POINT('',(-1.65,-1.15,1.55));
#6944=CARTESIAN_POINT('',(-1.25,1.295584412282,1.55000000001));
#6945=CARTESIAN_POINT('',(-1.25,1.55000000002,1.55000000001));
#6946=CARTESIAN_POINT('',(-1.2500000000075,1.55000000000263,1.5500000000075));
#6947=CARTESIAN_POINT('',(-1.795584412282,0.75,1.55000000001));
#6948=CARTESIAN_POINT('',(-2.05000000002,0.75,1.55000000001));
#6949=CARTESIAN_POINT('',(-2.05000000001,0.85000000001,1.55));
#6950=CARTESIAN_POINT('',(-2.05000000001,0.75,1.55));
#6951=CARTESIAN_POINT('',(-2.05000000001026,0.85000000001,1.55));
#6952=CARTESIAN_POINT('',(-1.919848480993,0.85000000001,1.55));
#6953=CARTESIAN_POINT('',(-2.05000000002,0.85000000001,1.55));
#6954=CARTESIAN_POINT('',(-1.919848480993,0.85000000001,1.55));
#6955=CARTESIAN_POINT('',(-1.837005768519,0.85000000001,1.55));
#6956=CARTESIAN_POINT('',(-1.919848480993,0.85000000001,1.55));
#6957=CARTESIAN_POINT('',(-1.83700576850713,0.850000000007625,1.550000000005));
#6958=CARTESIAN_POINT('',(-1.77842712475675,0.90857864375325,1.55000000001));
#6959=CARTESIAN_POINT('',(-1.8370057685195,0.8499999999905,1.55000000001));
#6960=CARTESIAN_POINT('',(-1.7784271247615,0.908578643758,1.550000000005));
#6961=CARTESIAN_POINT('',(-1.408578643773,1.278427124756,1.55));
#6962=CARTESIAN_POINT('',(-1.77842712476625,0.90857864376275,1.55));
#6963=CARTESIAN_POINT('',(-1.40857864376825,1.27842712475125,1.550000000005));
#6964=CARTESIAN_POINT('',(-1.3500000000005,1.3370057685095,1.55000000001));
#6965=CARTESIAN_POINT('',(-1.4085786437635,1.2784271247465,1.55000000001));
#6966=CARTESIAN_POINT('',(-1.35000000000017,1.33700576850983,1.55000000001));
#6967=CARTESIAN_POINT('',(-1.35,1.419848480983,1.55000000001));
#6968=CARTESIAN_POINT('',(-1.35,1.337005768509,1.55000000001));
#6969=CARTESIAN_POINT('',(-1.35,1.419848480983,1.55000000001));
#6970=CARTESIAN_POINT('',(-1.35,1.55000000001,1.55000000001));
#6971=CARTESIAN_POINT('',(-1.35,1.419848480983,1.55000000001));
#6972=CARTESIAN_POINT('',(-1.35000000000526,1.550000000005,1.55000000001));
#6973=CARTESIAN_POINT('',(-1.25000000001,1.55,1.55000000001));
#6974=CARTESIAN_POINT('',(-1.35000000002,1.55,1.55000000001));
#6975=CARTESIAN_POINT('',(1.922792206136,0.75,1.7));
#6976=CARTESIAN_POINT('',(-2.05000000002,0.75000000001,1.85));
#6977=CARTESIAN_POINT('',(-1.795584412282,0.75000000001,1.85));
#6978=CARTESIAN_POINT('',(-1.65,-1.15,1.85));
#6979=CARTESIAN_POINT('',(-1.25,1.55000000002,1.85000000001));
#6980=CARTESIAN_POINT('',(-1.25,1.295584412282,1.85000000001));
#6981=CARTESIAN_POINT('',(-1.25000000000667,1.55000000000351,1.85000000001));
#6982=CARTESIAN_POINT('',(-1.879467888775,1.55,1.85000000001));
#6983=CARTESIAN_POINT('',(-1.25000000001,1.55,1.85000000001));
#6984=CARTESIAN_POINT('',(-1.25,-1.422792206136,1.7));
#6985=CARTESIAN_POINT('',(-1.25000000001,1.55,1.85000000001));
#6986=CARTESIAN_POINT('',(-1.25000000001,1.55,1.55));
#6987=CARTESIAN_POINT('',(1.564733944378,1.55,1.65));
#6988=CARTESIAN_POINT('',(-1.35,1.55000000001,1.45));
#6989=CARTESIAN_POINT('',(-1.35,1.55000000001,1.55000000001));
#6990=CARTESIAN_POINT('',(-1.25000000001,1.55,1.55000000001));
#6991=CARTESIAN_POINT('',(-1.35000000002,1.55,1.55000000001));
#6992=CARTESIAN_POINT('',(-1.35,-1.443502884254,1.5));
#6993=CARTESIAN_POINT('',(-1.3500000000005,1.3370057685095,1.45));
#6994=CARTESIAN_POINT('',(-1.3500000000005,1.3370057685095,1.55000000001));
#6995=CARTESIAN_POINT('',(1.943502884254,0.85,1.5));
#6996=CARTESIAN_POINT('',(-1.837005768519,0.85000000001,1.45));
#6997=CARTESIAN_POINT('',(-1.919848480993,0.85000000001,1.45));
#6998=CARTESIAN_POINT('',(-1.919848480993,0.850000000005,1.450000000005));
#6999=CARTESIAN_POINT('',(-1.8370057685095,0.8500000000005,1.55000000001));
#7000=CARTESIAN_POINT('',(-1.8370057685095,0.8500000000005,1.45));
#7001=CARTESIAN_POINT('',(-1.837005768519,0.85000000001,1.55));
#7002=CARTESIAN_POINT('',(-1.919848480993,0.85000000001,1.55));
#7003=CARTESIAN_POINT('',(-1.919848480993,0.850000000005,1.550000000005));
#7004=CARTESIAN_POINT('',(-2.05000000002,0.85,1.55000000001));
#7005=CARTESIAN_POINT('',(-1.919848480993,0.85,1.55000000001));
#7006=CARTESIAN_POINT('',(-2.05000000001026,0.85,1.5500000000105));
#7007=CARTESIAN_POINT('',(-2.05000000001,0.85,1.45000000001));
#7008=CARTESIAN_POINT('',(-2.05000000001,0.85,1.55000000002));
#7009=CARTESIAN_POINT('',(-2.05000000001026,0.85,1.45000000001));
#7010=CARTESIAN_POINT('',(-1.919848480993,0.85,1.45000000001));
#7011=CARTESIAN_POINT('',(-2.05000000002,0.85,1.45000000001));
#7012=CARTESIAN_POINT('',(-1.593502884255,1.093502884255,1.5));
#7013=CARTESIAN_POINT('',(1.35,-1.443502884254,1.5));
#7014=CARTESIAN_POINT('',(-1.522792206136,-1.022792206136,1.7));
#7015=CARTESIAN_POINT('',(-1.795584412282,-0.75,1.85000000001));
#7016=CARTESIAN_POINT('',(-1.795584412282,-0.75,1.55));
#7017=CARTESIAN_POINT('',(-1.795584412282,-0.75,1.85000000000667));
#7018=CARTESIAN_POINT('',(-1.795584412282,-0.75,1.55000000000333));
#7019=CARTESIAN_POINT('',(-1.25000000001,-1.295584412282,1.85));
#7020=CARTESIAN_POINT('',(-1.795584412292,-0.75,1.85));
#7021=CARTESIAN_POINT('',(-1.25000000000333,-1.29558441227867,1.85000000000667));
#7022=CARTESIAN_POINT('',(-1.25,-1.295584412282,1.55));
#7023=CARTESIAN_POINT('',(-1.25,-1.295584412282,1.85000000001));
#7024=CARTESIAN_POINT('',(-1.25000000000333,-1.29558441227867,1.55000000000333));
#7025=CARTESIAN_POINT('',(-1.25,-1.295584412272,1.55000000001));
#7026=CARTESIAN_POINT('',(-1.795584412282,-0.74999999999,1.55000000001));
#7027=CARTESIAN_POINT('',(-1.65,-1.15,1.55));
#7028=CARTESIAN_POINT('',(-2.05000000001,-0.75000000001,1.55));
#7029=CARTESIAN_POINT('',(-2.05000000001,-0.85000000002,1.55));
#7030=CARTESIAN_POINT('',(-2.05000000001,-0.750000000006667,1.55000000000333));
#7031=CARTESIAN_POINT('',(-2.05000000001,-0.850000000003671,1.55000000000667));
#7032=CARTESIAN_POINT('',(-1.795584412282,-0.75,1.55000000001));
#7033=CARTESIAN_POINT('',(-2.05000000002,-0.75,1.55000000001));
#7034=CARTESIAN_POINT('',(-1.25,-1.55000000002,1.55000000001));
#7035=CARTESIAN_POINT('',(-1.25,-1.295584412282,1.55000000001));
#7036=CARTESIAN_POINT('',(-1.35000000001,-1.55000000001,1.55));
#7037=CARTESIAN_POINT('',(-1.25,-1.55000000001,1.55));
#7038=CARTESIAN_POINT('',(-1.35000000000667,-1.55000000001,1.55000000001));
#7039=CARTESIAN_POINT('',(-1.35000000001,-1.419848480983,1.55));
#7040=CARTESIAN_POINT('',(-1.35000000001,-1.55000000002,1.55));
#7041=CARTESIAN_POINT('',(-1.350000000005,-1.419848480983,1.550000000005));
#7042=CARTESIAN_POINT('',(-1.35,-1.337005768519,1.55000000001));
#7043=CARTESIAN_POINT('',(-1.35,-1.419848480983,1.55000000001));
#7044=CARTESIAN_POINT('',(-1.35,-1.337005768519,1.55000000000667));
#7045=CARTESIAN_POINT('',(-1.408578643753,-1.278427124756,1.55000000001));
#7046=CARTESIAN_POINT('',(-1.34999999999,-1.337005768519,1.55000000001));
#7047=CARTESIAN_POINT('',(-1.408578643758,-1.278427124761,1.550000000005));
#7048=CARTESIAN_POINT('',(-1.77842712475625,-0.90857864377275,1.55));
#7049=CARTESIAN_POINT('',(-1.408578643763,-1.278427124766,1.55));
#7050=CARTESIAN_POINT('',(-1.77842712475125,-0.90857864376775,1.550000000005));
#7051=CARTESIAN_POINT('',(-1.837005768509,-0.85,1.55000000001));
#7052=CARTESIAN_POINT('',(-1.77842712474625,-0.90857864376275,1.55000000001));
#7053=CARTESIAN_POINT('',(-1.837005768509,-0.85,1.55000000001));
#7054=CARTESIAN_POINT('',(-1.919848480983,-0.85,1.55000000001));
#7055=CARTESIAN_POINT('',(-1.837005768509,-0.85,1.55000000001));
#7056=CARTESIAN_POINT('',(-1.919848480983,-0.85,1.55000000001));
#7057=CARTESIAN_POINT('',(-2.05000000001,-0.85,1.55000000001));
#7058=CARTESIAN_POINT('',(-1.919848480983,-0.85,1.55000000001));
#7059=CARTESIAN_POINT('',(-1.65,-1.15,1.85));
#7060=CARTESIAN_POINT('',(-1.25000000001,-1.55000000002,1.85));
#7061=CARTESIAN_POINT('',(-1.25000000001,-1.295584412282,1.85));
#7062=CARTESIAN_POINT('',(-1.795584412282,-0.75000000001,1.85));
#7063=CARTESIAN_POINT('',(-2.05000000002,-0.75000000001,1.85));
#7064=CARTESIAN_POINT('',(-2.05000000001,-0.750000000003333,1.85000000000667));
#7065=CARTESIAN_POINT('',(-2.05000000001,-0.75,1.85));
#7066=CARTESIAN_POINT('',(-2.05000000001,-1.379467888765,1.85));
#7067=CARTESIAN_POINT('',(-1.922792206136,-0.75,1.7));
#7068=CARTESIAN_POINT('',(-2.05000000001,-0.75,1.55));
#7069=CARTESIAN_POINT('',(-2.05000000001,-0.75,1.85000000001));
#7070=CARTESIAN_POINT('',(-1.25,-1.422792206136,1.7));
#7071=CARTESIAN_POINT('',(-2.05,-1.064733944378,1.65));
#7072=CARTESIAN_POINT('',(-2.05000000001,-0.85,1.45));
#7073=CARTESIAN_POINT('',(-2.05000000001,-0.85,1.55000000001));
#7074=CARTESIAN_POINT('',(1.943502884254,-0.85,1.5));
#7075=CARTESIAN_POINT('',(-1.837005768509,-0.85,1.45));
#7076=CARTESIAN_POINT('',(-1.837005768509,-0.85,1.55000000001));
#7077=CARTESIAN_POINT('',(-1.593502884255,-1.093502884254,1.5));
#7078=CARTESIAN_POINT('',(-1.35,-1.337005768519,1.45));
#7079=CARTESIAN_POINT('',(-1.35,-1.337005768519,1.55000000001));
#7080=CARTESIAN_POINT('',(-1.35,-1.443502884254,1.5));
#7081=CARTESIAN_POINT('',(-1.35,-1.55000000001,1.55000000002));
#7082=CARTESIAN_POINT('',(-1.35,-1.55000000001,1.45000000001));
#7083=CARTESIAN_POINT('',(0.,-1.6,0.725));
#7084=CARTESIAN_POINT('',(-1.50000000001,-1.60000000001,0.));
#7085=CARTESIAN_POINT('',(1.5,-1.60000000001,0.));
#7086=CARTESIAN_POINT('',(-1.50000000000667,-1.60000000000667,0.));
#7087=CARTESIAN_POINT('',(1.50000000000333,-1.60000000001,0.));
#7088=CARTESIAN_POINT('',(1.5,-1.60000000001,0.07000000001));
#7089=CARTESIAN_POINT('',(1.5,-1.60000000001,0.));
#7090=CARTESIAN_POINT('',(1.50000000000333,-1.60000000000667,0.0700000000066667));
#7091=CARTESIAN_POINT('',(1.5,-1.60000000001,0.07));
#7092=CARTESIAN_POINT('',(1.95000000001,-1.60000000001,0.07));
#7093=CARTESIAN_POINT('',(1.95000000001167,-1.60000000000333,0.0700000000033333));
#7094=CARTESIAN_POINT('',(1.95000000001,-1.6,1.45000000001));
#7095=CARTESIAN_POINT('',(1.95000000001,-1.6,0.990000000006667));
#7096=CARTESIAN_POINT('',(1.95000000001,-1.6,0.530000000003333));
#7097=CARTESIAN_POINT('',(1.95000000001,-1.6,0.07));
#7098=CARTESIAN_POINT('',(-1.94999999999999,-1.6,0.07000000001));
#7099=CARTESIAN_POINT('',(-1.94999999999999,-1.6,0.530000000013333));
#7100=CARTESIAN_POINT('',(-1.94999999999999,-1.6,0.990000000016667));
#7101=CARTESIAN_POINT('',(-1.94999999999999,-1.6,1.45000000002));
#7102=CARTESIAN_POINT('',(-1.94999992187812,-1.59999999999996,0.07000025001));
#7103=CARTESIAN_POINT('',(-1.95000000002,-1.60000000001,0.07));
#7104=CARTESIAN_POINT('',(-1.50000000001,-1.60000000001,0.07));
#7105=CARTESIAN_POINT('',(-1.50000000000667,-1.60000000001018,0.0700000000022809));
#7106=CARTESIAN_POINT('',(-1.5,-1.60000000001,0.07000000001));
#7107=CARTESIAN_POINT('',(-1.5,-1.60000000001,0.));
#7108=CARTESIAN_POINT('',(1.8,-1.475,0.07));
#7109=CARTESIAN_POINT('',(-1.50000000001,-1.60000000002,0.07));
#7110=CARTESIAN_POINT('',(-1.50000000001,-1.35000000001,0.07));
#7111=CARTESIAN_POINT('',(-1.50000000001,-1.35000000001,0.07));
#7112=CARTESIAN_POINT('',(-1.95,-1.45,0.07000000001));
#7113=CARTESIAN_POINT('',(-2.100000000005,-1.45000000001,0.07000025));
#7114=CARTESIAN_POINT('',(-2.10000000001,-1.35,0.07));
#7115=CARTESIAN_POINT('',(-2.10000000001,-1.45000000001,0.07));
#7116=CARTESIAN_POINT('',(-2.10000000001,-1.35,0.07));
#7117=CARTESIAN_POINT('',(-1.8,-1.35000000001,0.07));
#7118=CARTESIAN_POINT('',(-1.95,-1.45,0.76));
#7119=CARTESIAN_POINT('',(-2.1,-1.45000000001,1.45000000001));
#7120=CARTESIAN_POINT('',(-2.1,-1.45000000001,0.990000000006667));
#7121=CARTESIAN_POINT('',(-2.1,-1.45000000001,0.530000000003333));
#7122=CARTESIAN_POINT('',(-2.1,-1.45000000001,0.07));
#7123=CARTESIAN_POINT('',(-2.1,-1.45000000001,0.0653999999999667));
#7124=CARTESIAN_POINT('',(-2.1,-1.45000000001,0.0607999999999333));
#7125=CARTESIAN_POINT('',(-2.1,-1.45000000001,0.0561999999999));
#7126=CARTESIAN_POINT('',(0.,1.6,0.725));
#7127=CARTESIAN_POINT('',(1.95000000001,1.6,1.45000000002));
#7128=CARTESIAN_POINT('',(1.95000000001,1.6,0.07000000001));
#7129=CARTESIAN_POINT('',(1.95000000001,1.6,0.070000000005));
#7130=CARTESIAN_POINT('',(0.,1.6,0.07000000001));
#7131=CARTESIAN_POINT('',(1.50000000001,1.6,0.07000000001));
#7132=CARTESIAN_POINT('',(1.50000000001,1.6,0.));
#7133=CARTESIAN_POINT('',(1.50000000000667,1.60000000000667,0.));
#7134=CARTESIAN_POINT('',(1.50000000001,1.6,0.));
#7135=CARTESIAN_POINT('',(-1.5,1.6,0.));
#7136=CARTESIAN_POINT('',(-1.50000000000333,1.60000000001,0.));
#7137=CARTESIAN_POINT('',(-1.50000000001,1.6,0.));
#7138=CARTESIAN_POINT('',(-1.50000000001,1.6,0.07000000001));
#7139=CARTESIAN_POINT('',(-1.50000000000333,1.60000000000333,0.0700000000089475));
#7140=CARTESIAN_POINT('',(-1.5,1.6,0.07000000001));
#7141=CARTESIAN_POINT('',(-1.95000000001,1.6,0.07000000001));
#7142=CARTESIAN_POINT('',(-1.95000000000667,1.6,0.0700000000033333));
#7143=CARTESIAN_POINT('',(-1.95000000001,1.6,0.07));
#7144=CARTESIAN_POINT('',(-1.95000000001,1.6,1.45000000001));
#7145=CARTESIAN_POINT('',(-2.200398361138,1.075,0.5627009983157));
#7146=CARTESIAN_POINT('',(-2.25000000000859,1.35000000002,0.556401996630305));
#7147=CARTESIAN_POINT('',(-2.25000000000859,0.80000000001,0.556401996630305));
#7148=CARTESIAN_POINT('',(-2.25000000001023,1.35000000001,0.556401996636157));
#7149=CARTESIAN_POINT('',(-2.25000000001023,0.800000000006667,0.556401996636157));
#7150=CARTESIAN_POINT('',(-2.25000000002,0.8,0.556401996631392));
#7151=CARTESIAN_POINT('',(-2.150796722286,0.8,0.56900000001));
#7152=CARTESIAN_POINT('',(-2.1557568855483,0.800000000005,0.568370094996368));
#7153=CARTESIAN_POINT('',(-2.16071705004851,1.075,0.567740199663129));
#7154=CARTESIAN_POINT('',(-2.15575688616286,1.350000000005,0.568370099835716));
#7155=CARTESIAN_POINT('',(-2.15079672228459,1.35000000001,0.568999999998913));
#7156=CARTESIAN_POINT('',(-2.25000000001968,1.35000000001,0.556401996628896));
#7157=CARTESIAN_POINT('',(-2.1,1.075,0.169));
#7158=CARTESIAN_POINT('',(-2.1,1.35000000001,0.169));
#7159=CARTESIAN_POINT('',(-2.1992032777237,1.35000000001,0.15640199663144));
#7160=CARTESIAN_POINT('',(-2.10001550051579,1.40000000000499,0.069500000005));
#7161=CARTESIAN_POINT('',(-2.10000000001,0.8,0.07));
#7162=CARTESIAN_POINT('',(-2.10000000001,1.00000000000167,0.07));
#7163=CARTESIAN_POINT('',(-2.10000000001,1.20000000000333,0.07));
#7164=CARTESIAN_POINT('',(-2.10000000001,1.400000000005,0.07));
#7165=CARTESIAN_POINT('',(-2.09372004236794,0.80000000001,0.0695483239423943));
#7166=CARTESIAN_POINT('',(-2.1,0.80000000001,0.169));
#7167=CARTESIAN_POINT('',(-2.19920329872562,0.800000125005,0.156402161977129));
#7168=CARTESIAN_POINT('',(-2.19920327772369,0.80000000001,0.156401996631441));
#7169=CARTESIAN_POINT('',(-2.19920327772369,0.983333333346667,0.156401996631441));
#7170=CARTESIAN_POINT('',(-2.19920327772369,1.16666666668333,0.156401996631441));
#7171=CARTESIAN_POINT('',(-2.19920327772369,1.35000000002,0.156401996631441));
#7172=CARTESIAN_POINT('',(-2.224601638862,1.075,0.3564019966314));
#7173=CARTESIAN_POINT('',(-2.19920327772386,1.35000000001,0.156401996631418));
#7174=CARTESIAN_POINT('',(-2.25000000000155,1.35000000001,0.556401996642473));
#7175=CARTESIAN_POINT('',(-2.19920327772372,0.8,0.156401996631436));
#7176=CARTESIAN_POINT('',(-2.25000000001,0.8,0.5564019966414));
#7177=CARTESIAN_POINT('',(1.8,-1.475,0.07));
#7178=CARTESIAN_POINT('',(-1.95,1.45,0.07));
#7179=CARTESIAN_POINT('',(-1.5,1.60000000001,0.07000000001));
#7180=CARTESIAN_POINT('',(-1.5,1.35,0.07000000001));
#7181=CARTESIAN_POINT('',(-1.5000000000075,1.35000000001,0.0695000000025));
#7182=CARTESIAN_POINT('',(-1.50000000001,1.35000000002,0.07));
#7183=CARTESIAN_POINT('',(-1.50000000001,1.16666666668333,0.07));
#7184=CARTESIAN_POINT('',(-1.50000000001,0.983333333346667,0.07));
#7185=CARTESIAN_POINT('',(-1.50000000001,0.80000000001,0.07));
#7186=CARTESIAN_POINT('',(-1.5000000000075,0.80000000001,0.0695000000025));
#7187=CARTESIAN_POINT('',(-1.5,0.80000000001,0.07000000001));
#7188=CARTESIAN_POINT('',(-1.5,0.55,0.07000000001));
#7189=CARTESIAN_POINT('',(-1.5,0.5500000000025,0.035000000005));
#7190=CARTESIAN_POINT('',(-2.10000000001,0.55,0.07000000001));
#7191=CARTESIAN_POINT('',(-1.5,0.55,0.07000000001));
#7192=CARTESIAN_POINT('',(-2.10000000001,0.550000000005,0.070000000005));
#7193=CARTESIAN_POINT('',(-2.10000000001,0.80000000002,0.07));
#7194=CARTESIAN_POINT('',(-2.10000000001,0.55000000001,0.07));
#7195=CARTESIAN_POINT('',(-1.875,0.8,0.319));
#7196=CARTESIAN_POINT('',(-2.09609430443018,0.8,0.0655589283060355));
#7197=CARTESIAN_POINT('',(-2.09711518535408,0.8,0.0664583646262882));
#7198=CARTESIAN_POINT('',(-2.10000000001,0.8,0.06900000001));
#7199=CARTESIAN_POINT('',(-2.19920327774386,0.8,0.156401996651565));
#7200=CARTESIAN_POINT('',(-2.15079672227896,0.80000000001,0.569000000022164));
#7201=CARTESIAN_POINT('',(-2.10000000000127,0.80000000001,0.169000000011109));
#7202=CARTESIAN_POINT('',(-2.09375118386596,0.80000000001,0.119793548450561));
#7203=CARTESIAN_POINT('',(-2.08932791473037,0.80000000001,0.0849624102401932));
#7204=CARTESIAN_POINT('',(-2.08871322665488,0.80000000001,0.0801220343423735));
#7205=CARTESIAN_POINT('',(-2.08755598144684,0.80000000001,0.0710092793756319));
#7206=CARTESIAN_POINT('',(-2.08692357403852,0.80000000001,0.0660293721691666));
#7207=CARTESIAN_POINT('',(-2.10496016388747,0.800000000007396,0.16837009984277));
#7208=CARTESIAN_POINT('',(-2.10000000000127,0.8,0.169000000011109));
#7209=CARTESIAN_POINT('',(-2.11693224055489,0.8,0.302333331729005));
#7210=CARTESIAN_POINT('',(-2.1338644811085,0.8,0.4356666634469));
#7211=CARTESIAN_POINT('',(-2.15079672166211,0.8,0.568999995164796));
#7212=CARTESIAN_POINT('',(-2.13531868891037,1.075,0.367740199663143));
#7213=CARTESIAN_POINT('',(-2.10992032777364,1.075,0.167740199674252));
#7214=CARTESIAN_POINT('',(-2.10496016388964,1.350000000005,0.168370099844948));
#7215=CARTESIAN_POINT('',(-2.10992032777366,1.35000000001,0.167740199674431));
#7216=CARTESIAN_POINT('',(-2.12685256853241,1.35000000001,0.301073533007693));
#7217=CARTESIAN_POINT('',(-2.14378480929117,1.35000000001,0.434406866340956));
#7218=CARTESIAN_POINT('',(-2.16071705004992,1.35000000001,0.567740199674218));
#7219=CARTESIAN_POINT('',(-1.875,1.35,0.319));
#7220=CARTESIAN_POINT('',(-2.10000000001,1.35,0.16900000002));
#7221=CARTESIAN_POINT('',(-2.10000000001,1.35,0.07000000001));
#7222=CARTESIAN_POINT('',(-2.10000000001,1.35,0.0690100000099));
#7223=CARTESIAN_POINT('',(-2.10000000000015,1.35,0.0689999999998354));
#7224=CARTESIAN_POINT('',(-2.199203277734,1.35,0.1564019966414));
#7225=CARTESIAN_POINT('',(-1.5,1.075,0.035));
#7226=CARTESIAN_POINT('',(-1.5,0.55000000001,0.));
#7227=CARTESIAN_POINT('',(-1.5,1.60000000002,0.));
#7228=CARTESIAN_POINT('',(-1.95,1.45,0.76));
#7229=CARTESIAN_POINT('',(-2.1,1.44999999999999,0.0562000000099));
#7230=CARTESIAN_POINT('',(-2.1,1.44999999999999,0.0608000000099333));
#7231=CARTESIAN_POINT('',(-2.1,1.44999999999999,0.0654000000099667));
#7232=CARTESIAN_POINT('',(-2.1,1.44999999999999,0.07000000001));
#7233=CARTESIAN_POINT('',(-2.1,1.44999999999999,0.530000000013333));
#7234=CARTESIAN_POINT('',(-2.1,1.44999999999999,0.990000000016667));
#7235=CARTESIAN_POINT('',(-2.1,1.44999999999999,1.45000000002));
#7236=CARTESIAN_POINT('',(2.1,0.,0.725));
#7237=CARTESIAN_POINT('',(2.1,-1.45000000001,1.45000000002));
#7238=CARTESIAN_POINT('',(2.1,-1.45000000001,0.07000000001));
#7239=CARTESIAN_POINT('',(2.10000000000333,-1.45000000001,0.0700000000066667));
#7240=CARTESIAN_POINT('',(2.1,-1.45000000002,0.07000000001));
#7241=CARTESIAN_POINT('',(2.1,-1.35000000001,0.07000000001));
#7242=CARTESIAN_POINT('',(2.10001779658763,-1.35000000001,0.0695000000090124));
#7243=CARTESIAN_POINT('',(2.1,-1.35000000001,0.069010000009892));
#7244=CARTESIAN_POINT('',(2.1,-1.35000000001,0.07000000001));
#7245=CARTESIAN_POINT('',(2.1,-1.35000000001,0.1690000000208));
#7246=CARTESIAN_POINT('',(2.10495701498308,-1.34999975,0.168345303720419));
#7247=CARTESIAN_POINT('',(2.1,-1.34999975,0.1690000000108));
#7248=CARTESIAN_POINT('',(2.1,-1.16666650000288,0.1690000000108));
#7249=CARTESIAN_POINT('',(2.1,-0.98333325000576,0.1690000000108));
#7250=CARTESIAN_POINT('',(2.1,-0.80000000000864,0.1690000000108));
#7251=CARTESIAN_POINT('',(2.10496019539172,-0.800000050008797,0.168370347849229));
#7252=CARTESIAN_POINT('',(2.1,-0.80000000001,0.1690000000108));
#7253=CARTESIAN_POINT('',(2.1,-0.80000000001,0.07));
#7254=CARTESIAN_POINT('',(2.1,-0.80000000001,0.069009999999892));
#7255=CARTESIAN_POINT('',(2.10001779658527,-0.800000000008572,0.0695000000090124));
#7256=CARTESIAN_POINT('',(2.1,-0.80000000001,0.07000000001));
#7257=CARTESIAN_POINT('',(2.1,-0.55,0.07000000001));
#7258=CARTESIAN_POINT('',(2.10000000000333,-0.550000000006667,0.0700000000056142));
#7259=CARTESIAN_POINT('',(2.1,-0.55000000001,0.07000000001));
#7260=CARTESIAN_POINT('',(2.1,-0.55000000001,0.));
#7261=CARTESIAN_POINT('',(2.10000000000667,-0.550000000006667,0.));
#7262=CARTESIAN_POINT('',(2.1,-0.55000000001,0.));
#7263=CARTESIAN_POINT('',(2.1,0.55,0.));
#7264=CARTESIAN_POINT('',(2.10000000000667,0.550000000003333,0.));
#7265=CARTESIAN_POINT('',(2.1,0.55000000001,0.));
#7266=CARTESIAN_POINT('',(2.1,0.55000000001,0.07000000001));
#7267=CARTESIAN_POINT('',(2.10000000000667,0.550000000006667,0.0700000000089475));
#7268=CARTESIAN_POINT('',(2.1,0.55000000001,0.07000000001));
#7269=CARTESIAN_POINT('',(2.1,0.80000000002,0.07000000001));
#7270=CARTESIAN_POINT('',(2.14671338495697,0.800000029985287,0.116101625239216));
#7271=CARTESIAN_POINT('',(2.1,0.800000029985287,0.1690000000108));
#7272=CARTESIAN_POINT('',(2.1,0.983333261658291,0.1690000000108));
#7273=CARTESIAN_POINT('',(2.1,1.1666664933313,0.1690000000108));
#7274=CARTESIAN_POINT('',(2.1,1.3499997250043,0.1690000000108));
#7275=CARTESIAN_POINT('',(2.10496017964109,1.3499997250043,0.168370223845483));
#7276=CARTESIAN_POINT('',(2.1,1.35000000001,0.1690000000108));
#7277=CARTESIAN_POINT('',(2.1,1.35000000001,0.07));
#7278=CARTESIAN_POINT('',(2.1,1.35000000001,0.069009999999892));
#7279=CARTESIAN_POINT('',(2.10002356296054,1.35000025000473,0.0695000000173124));
#7280=CARTESIAN_POINT('',(2.1,1.35,0.07000000001));
#7281=CARTESIAN_POINT('',(2.1,1.45000000001,0.07000000001));
#7282=CARTESIAN_POINT('',(2.1,1.45000000000667,0.0700000000033333));
#7283=CARTESIAN_POINT('',(2.1,1.45000000001,0.07));
#7284=CARTESIAN_POINT('',(2.1,1.45000000001,1.45000000001));
#7285=CARTESIAN_POINT('',(0.,0.,0.));
#7286=CARTESIAN_POINT('',(1.5,0.55,0.));
#7287=CARTESIAN_POINT('',(1.5,1.60000000001,0.));
#7288=CARTESIAN_POINT('',(1.500000000005,0.5500000000025,0.035000000005));
#7289=CARTESIAN_POINT('',(2.10000000002,0.55,0.));
#7290=CARTESIAN_POINT('',(1.50000000001,0.55,0.));
#7291=CARTESIAN_POINT('',(2.10000000002,-0.55,0.));
#7292=CARTESIAN_POINT('',(1.50000000001,-0.55,0.));
#7293=CARTESIAN_POINT('',(1.50000000000333,-0.550000000006667,0.));
#7294=CARTESIAN_POINT('',(1.5,-1.60000000002,0.));
#7295=CARTESIAN_POINT('',(1.5,-0.55000000001,0.));
#7296=CARTESIAN_POINT('',(1.5,-1.60000000001333,0.0350000000033333));
#7297=CARTESIAN_POINT('',(-1.50000000001,-1.60000000001,0.));
#7298=CARTESIAN_POINT('',(1.5,-1.60000000001,0.));
#7299=CARTESIAN_POINT('',(-1.50000000000667,-1.60000000000667,0.));
#7300=CARTESIAN_POINT('',(-1.50000000001,-0.55,0.));
#7301=CARTESIAN_POINT('',(-1.50000000001,-1.60000000001,0.));
#7302=CARTESIAN_POINT('',(-2.10000000001,0.55000000001,0.));
#7303=CARTESIAN_POINT('',(-2.10000000001,-0.55,0.));
#7304=CARTESIAN_POINT('',(-2.10000000000667,0.550000000006667,0.));
#7305=CARTESIAN_POINT('',(-1.5,0.55,0.));
#7306=CARTESIAN_POINT('',(-2.10000000001,0.55,0.));
#7307=CARTESIAN_POINT('',(2.1,-1.075,0.169));
#7308=CARTESIAN_POINT('',(2.1,-1.35000000001,0.169));
#7309=CARTESIAN_POINT('',(2.19920327772837,-1.3500000000075,0.15640199663877));
#7310=CARTESIAN_POINT('',(2.1,-0.8,0.07));
#7311=CARTESIAN_POINT('',(2.1,-0.983333333336667,0.07));
#7312=CARTESIAN_POINT('',(2.1,-1.16666666667333,0.07));
#7313=CARTESIAN_POINT('',(2.1,-1.35000000001,0.07));
#7314=CARTESIAN_POINT('',(2.1,-0.80000000001,0.169));
#7315=CARTESIAN_POINT('',(2.19920327772937,-0.8000000000075,0.156401996640584));
#7316=CARTESIAN_POINT('',(2.19920327772528,-1.35000000002,0.156401996642607));
#7317=CARTESIAN_POINT('',(2.19920327772528,-0.80000000001,0.156401996642607));
#7318=CARTESIAN_POINT('',(2.224601638862,1.075,0.3564019966314));
#7319=CARTESIAN_POINT('',(2.19920327772528,-0.80000000001,0.156401996642607));
#7320=CARTESIAN_POINT('',(2.25000000000296,-0.80000000001,0.556401996653564));
#7321=CARTESIAN_POINT('',(2.25000000000671,-0.80000000001,0.556401996638058));
#7322=CARTESIAN_POINT('',(2.25000000000859,-1.35000000002,0.556401996630305));
#7323=CARTESIAN_POINT('',(2.25000000000859,-0.80000000001,0.556401996630305));
#7324=CARTESIAN_POINT('',(2.25000000001295,-1.35000000000667,0.556401996641024));
#7325=CARTESIAN_POINT('',(2.25000000002027,-1.35,0.556401996651366));
#7326=CARTESIAN_POINT('',(2.199203277734,-1.35,0.1564019966415));
#7327=CARTESIAN_POINT('',(1.8,-1.475,0.07));
#7328=CARTESIAN_POINT('',(1.5,-1.35000000002,0.07));
#7329=CARTESIAN_POINT('',(1.5,-1.16666666668333,0.07));
#7330=CARTESIAN_POINT('',(1.5,-0.983333333346667,0.07));
#7331=CARTESIAN_POINT('',(1.5,-0.80000000001,0.07));
#7332=CARTESIAN_POINT('',(1.500000000005,-0.80000000001,0.069500000005));
#7333=CARTESIAN_POINT('',(1.500000000005,-1.35000000001,0.069500000005));
#7334=CARTESIAN_POINT('',(1.5,-0.55,0.07000000001));
#7335=CARTESIAN_POINT('',(1.5,-0.80000000001,0.07000000001));
#7336=CARTESIAN_POINT('',(1.5,-0.550000000006667,0.0700000000056142));
#7337=CARTESIAN_POINT('',(2.10000000001,-0.55000000001,0.07));
#7338=CARTESIAN_POINT('',(1.5,-0.55000000001,0.07));
#7339=CARTESIAN_POINT('',(1.95,-1.45,0.07000000001));
#7340=CARTESIAN_POINT('',(1.5,-1.60000000001,0.07));
#7341=CARTESIAN_POINT('',(1.95000000001,-1.60000000001,0.07));
#7342=CARTESIAN_POINT('',(1.5,-1.35,0.07000000001));
#7343=CARTESIAN_POINT('',(1.5,-1.60000000001,0.07000000001));
#7344=CARTESIAN_POINT('',(1.875,-0.8,0.319));
#7345=CARTESIAN_POINT('',(2.19920327774395,-0.8,0.156401996651559));
#7346=CARTESIAN_POINT('',(2.10000000001,-0.8,0.06900000001));
#7347=CARTESIAN_POINT('',(2.10000003149622,-0.8,0.16900024801884));
#7348=CARTESIAN_POINT('',(2.11693226175666,-0.8,0.302333498682918));
#7349=CARTESIAN_POINT('',(2.13386449201711,-0.8,0.435666749346996));
#7350=CARTESIAN_POINT('',(2.15079672227755,-0.8,0.569000000011073));
#7351=CARTESIAN_POINT('',(2.15575688616303,-0.800000000005,0.568370099837101));
#7352=CARTESIAN_POINT('',(2.25000000000859,-0.80000000001,0.556401996630305));
#7353=CARTESIAN_POINT('',(2.1507967222735,-0.80000000001,0.569000000000321));
#7354=CARTESIAN_POINT('',(1.875,-1.35,0.319));
#7355=CARTESIAN_POINT('',(2.199203277734,-1.35,0.1564019966415));
#7356=CARTESIAN_POINT('',(2.10000000000005,-1.35,0.0689999999999411));
#7357=CARTESIAN_POINT('',(2.150796722276,-1.35,0.569000000020008));
#7358=CARTESIAN_POINT('',(2.25000000001,-1.35,0.5564019966414));
#7359=CARTESIAN_POINT('',(2.15575688616726,-1.35,0.568370099836565));
#7360=CARTESIAN_POINT('',(2.150796722286,-1.35,0.56900000001));
#7361=CARTESIAN_POINT('',(2.13386343188963,-1.35,0.435658401302985));
#7362=CARTESIAN_POINT('',(2.11693014149325,-1.35,0.302316802595971));
#7363=CARTESIAN_POINT('',(2.09999685109688,-1.35,0.168975203888957));
#7364=CARTESIAN_POINT('',(2.200398361138,1.075,0.5627009983157));
#7365=CARTESIAN_POINT('',(2.16071705004851,-1.075,0.567740199663129));
#7366=CARTESIAN_POINT('',(2.13531868891037,-1.075,0.367740199663143));
#7367=CARTESIAN_POINT('',(1.5,-1.075,0.035));
#7368=CARTESIAN_POINT('',(1.5,-0.55000000001,0.));
#7369=CARTESIAN_POINT('',(1.5,-0.55000000001,0.07000000001));
#7370=CARTESIAN_POINT('',(1.95,-1.45,0.76));
#7371=CARTESIAN_POINT('',(-1.559310784658,-0.55,0.475));
#7372=CARTESIAN_POINT('',(1.8,-1.475,0.07));
#7373=CARTESIAN_POINT('',(1.8,0.80000000001,0.07));
#7374=CARTESIAN_POINT('',(1.5000000000025,0.8000000000125,0.069500000005));
#7375=CARTESIAN_POINT('',(1.50000000001,0.55,0.07000000001));
#7376=CARTESIAN_POINT('',(2.10000000002,0.55,0.07000000001));
#7377=CARTESIAN_POINT('',(1.5,0.80000000002,0.07000000001));
#7378=CARTESIAN_POINT('',(1.5,0.55000000001,0.07000000001));
#7379=CARTESIAN_POINT('',(-1.559310784658,0.55,0.475));
#7380=CARTESIAN_POINT('',(1.8,-1.475,0.07));
#7381=CARTESIAN_POINT('',(1.95,1.45,0.07));
#7382=CARTESIAN_POINT('',(2.1,1.35000000002,0.07));
#7383=CARTESIAN_POINT('',(2.1,1.1666666766751,0.07));
#7384=CARTESIAN_POINT('',(2.1,0.983333353330191,0.07));
#7385=CARTESIAN_POINT('',(2.1,0.800000029985287,0.07));
#7386=CARTESIAN_POINT('',(2.14671338495697,0.80000000001,0.07));
#7387=CARTESIAN_POINT('',(1.93114225664131,0.80000000001,0.07));
#7388=CARTESIAN_POINT('',(1.71557112832565,0.80000000001,0.07));
#7389=CARTESIAN_POINT('',(1.50000000001,0.80000000001,0.07));
#7390=CARTESIAN_POINT('',(1.5,0.80000000001,0.07));
#7391=CARTESIAN_POINT('',(1.5,0.983333333346667,0.07));
#7392=CARTESIAN_POINT('',(1.5,1.16666666668333,0.07));
#7393=CARTESIAN_POINT('',(1.5,1.35000000002,0.07));
#7394=CARTESIAN_POINT('',(1.95,1.45,0.76));
#7395=CARTESIAN_POINT('',(2.1,-1.075,0.169));
#7396=CARTESIAN_POINT('',(2.19852987394659,1.35,0.151915974125815));
#7397=CARTESIAN_POINT('',(2.19031653410608,1.35,0.104546616040935));
#7398=CARTESIAN_POINT('',(2.14919422582928,1.35,0.069011647061315));
#7399=CARTESIAN_POINT('',(2.10002368136672,1.35,0.0690000028040356));
#7400=CARTESIAN_POINT('',(2.19833888622588,1.34999975505748,0.151949089353022));
#7401=CARTESIAN_POINT('',(2.19920327772528,0.8,0.156401996642607));
#7402=CARTESIAN_POINT('',(2.19920327772528,1.35000000001,0.156401996642607));
#7403=CARTESIAN_POINT('',(2.224601638862,1.075,0.3564019966314));
#7404=CARTESIAN_POINT('',(2.25000000000859,0.80000000001,0.556401996630305));
#7405=CARTESIAN_POINT('',(2.25000000000859,1.35000000002,0.556401996630305));
#7406=CARTESIAN_POINT('',(2.24999981367702,0.80000016667,0.556401852295202));
#7407=CARTESIAN_POINT('',(2.24999981366937,1.349999833345,0.556401852292415));
#7408=CARTESIAN_POINT('',(2.25000000002027,0.8,0.556401996651366));
#7409=CARTESIAN_POINT('',(2.199203277734,0.8,0.1564019966415));
#7410=CARTESIAN_POINT('',(2.19295445762977,0.8,0.107195513836021));
#7411=CARTESIAN_POINT('',(2.19807228149188,1.35000000001,0.147495939852133));
#7412=CARTESIAN_POINT('',(2.19920327772527,1.35000000001,0.156401996642509));
#7413=CARTESIAN_POINT('',(2.25000000000296,1.35000000001,0.556401996653564));
#7414=CARTESIAN_POINT('',(2.200398361138,1.075,0.5627009983157));
#7415=CARTESIAN_POINT('',(2.16071705004851,1.075,0.567740199663129));
#7416=CARTESIAN_POINT('',(2.15575688616303,1.350000000005,0.568370099837101));
#7417=CARTESIAN_POINT('',(2.15575688616726,0.8,0.568370099836565));
#7418=CARTESIAN_POINT('',(2.150796722276,0.8,0.569000000020008));
#7419=CARTESIAN_POINT('',(2.25000000001,0.8,0.5564019966414));
#7420=CARTESIAN_POINT('',(2.25000000000859,1.35000000001,0.556401996630305));
#7421=CARTESIAN_POINT('',(2.1507967222735,1.35000000001,0.569000000000321));
#7422=CARTESIAN_POINT('',(-1.875,1.35,0.319));
#7423=CARTESIAN_POINT('',(2.10992034352108,1.35,0.167740323677842));
#7424=CARTESIAN_POINT('',(2.1268525790306,1.35,0.301073615675879));
#7425=CARTESIAN_POINT('',(2.14378481454011,1.35,0.434406907673917));
#7426=CARTESIAN_POINT('',(2.16071705004963,1.35,0.567740199671954));
#7427=CARTESIAN_POINT('',(-1.875,0.8,0.319));
#7428=CARTESIAN_POINT('',(2.16071705004963,0.8,0.567740199671954));
#7429=CARTESIAN_POINT('',(2.14182825673223,0.8,0.418999946592935));
#7430=CARTESIAN_POINT('',(2.12293946341483,0.8,0.270259693513915));
#7431=CARTESIAN_POINT('',(2.10405067009744,0.8,0.121519440434896));
#7432=CARTESIAN_POINT('',(2.13531868891037,-1.075,0.367740199663143));
#7433=CARTESIAN_POINT('',(0.,0.,0.38));
#7434=CARTESIAN_POINT('',(0.,0.,0.38000000001));
#7435=CARTESIAN_POINT('',(-0.45,0.,0.380000000015));
#7436=CARTESIAN_POINT('',(0.45,-5.51091059616309E-17,0.38000000001));
#7437=CARTESIAN_POINT('',(0.45,-5.51091059616309E-17,0.38000000001));
#7438=CARTESIAN_POINT('',(0.45,-0.117809724509617,0.38000000001));
#7439=CARTESIAN_POINT('',(0.401502106624416,-0.234893996443477,0.38000000001));
#7440=CARTESIAN_POINT('',(0.234893996443477,-0.401502106624416,0.38000000001));
#7441=CARTESIAN_POINT('',(0.117809724509617,-0.45,0.38000000001));
#7442=CARTESIAN_POINT('',(-0.117809724509617,-0.45,0.38000000001));
#7443=CARTESIAN_POINT('',(-0.234893996443477,-0.401502106624416,0.38000000001));
#7444=CARTESIAN_POINT('',(-0.401502106624416,-0.234893996443477,0.38000000001));
#7445=CARTESIAN_POINT('',(-0.45,-0.117809724509617,0.38000000001));
#7446=CARTESIAN_POINT('',(-0.45,0.,0.38000000001));
#7447=CARTESIAN_POINT('',(0.,0.,0.365));
#7448=CARTESIAN_POINT('',(0.,0.,0.35));
#7449=CARTESIAN_POINT('',(-0.45,-4.13318294712232E-17,0.350000000005));
#7450=CARTESIAN_POINT('',(-0.45,0.,0.38000000002));
#7451=CARTESIAN_POINT('',(-0.45,0.,0.370000000016667));
#7452=CARTESIAN_POINT('',(-0.45,0.,0.360000000013333));
#7453=CARTESIAN_POINT('',(-0.45,0.,0.35000000001));
#7454=CARTESIAN_POINT('',(0.,0.,0.38000000001));
#7455=CARTESIAN_POINT('',(-0.45,-1.10218211923262E-16,0.38000000001));
#7456=CARTESIAN_POINT('',(-0.45,0.,0.38000000002));
#7457=CARTESIAN_POINT('',(-0.45,0.,0.370000000016667));
#7458=CARTESIAN_POINT('',(-0.45,0.,0.360000000013333));
#7459=CARTESIAN_POINT('',(-0.45,0.,0.35000000001));
#7460=CARTESIAN_POINT('',(0.,0.,0.36));
#7461=CARTESIAN_POINT('',(0.,0.,0.35000000001));
#7462=CARTESIAN_POINT('',(0.813172886752866,-0.247487461803688,0.3500001250025));
#7463=CARTESIAN_POINT('',(0.813172886757928,0.247487461808542,0.350000125005));
#7464=CARTESIAN_POINT('',(0.813172798364532,-0.247487373415285,0.37000000001));
#7465=CARTESIAN_POINT('',(0.813172798364532,-0.247487373415285,0.366666666675));
#7466=CARTESIAN_POINT('',(0.813172798364532,-0.247487373415285,0.360000000005));
#7467=CARTESIAN_POINT('',(0.813172798364531,-0.247487373415285,0.353333333335));
#7468=CARTESIAN_POINT('',(0.813172798364532,-0.247487373415285,0.35));
#7469=CARTESIAN_POINT('',(0.813172916219001,-0.247487491269737,0.369999833338333));
#7470=CARTESIAN_POINT('',(0.,0.,0.37000000001));
#7471=CARTESIAN_POINT('',(0.813172886762653,0.247487461794714,0.369999875005));
#7472=CARTESIAN_POINT('',(0.813172798362623,0.247487373421555,0.35000000001));
#7473=CARTESIAN_POINT('',(0.813172798362341,0.247487373422484,0.35666666668));
#7474=CARTESIAN_POINT('',(0.813172798362058,0.247487373423412,0.36333333335));
#7475=CARTESIAN_POINT('',(0.813172798361776,0.247487373424341,0.37000000002));
#7476=CARTESIAN_POINT('',(1.4968026818E-12,-7.234213228458E-13,0.475));
#7477=CARTESIAN_POINT('',(1.28674136273815,0.721055937788408,0.58));
#7478=CARTESIAN_POINT('',(1.3331910958985,0.638165291150735,0.58));
#7479=CARTESIAN_POINT('',(1.36862156931865,0.549999999998816,0.58));
#7480=CARTESIAN_POINT('',(1.28674156982623,0.721055909169958,0.579999833336667));
#7481=CARTESIAN_POINT('',(1.368621569327,0.550000000005,0.580000000005));
#7482=CARTESIAN_POINT('',(1.28674136273625,0.721055937791813,0.37000000001));
#7483=CARTESIAN_POINT('',(1.28674136273848,0.721055937787826,0.440000000013333));
#7484=CARTESIAN_POINT('',(1.28674136274071,0.721055937783838,0.510000000016667));
#7485=CARTESIAN_POINT('',(1.28674136274295,0.721055937779851,0.58000000002));
#7486=CARTESIAN_POINT('',(1.28674132494666,0.721055664296946,0.37000016667));
#7487=CARTESIAN_POINT('',(1.36862156931746,0.55000000000016,0.37));
#7488=CARTESIAN_POINT('',(1.33319109589719,0.638165291152087,0.37));
#7489=CARTESIAN_POINT('',(1.28674136273671,0.721055937789744,0.37));
#7490=CARTESIAN_POINT('',(1.36862168196293,0.550000166676714,0.37));
#7491=CARTESIAN_POINT('',(1.368621569327,0.55,0.37));
#7492=CARTESIAN_POINT('',(1.368621569327,0.55,0.58000000001));
#7493=CARTESIAN_POINT('',(-1.45,0.,0.41));
#7494=CARTESIAN_POINT('',(1.615,0.35000000001,0.41000000001));
#7495=CARTESIAN_POINT('',(1.615,-0.35,0.41000000001));
#7496=CARTESIAN_POINT('',(1.6150000000025,0.350000000007083,0.390000000005));
#7497=CARTESIAN_POINT('',(1.61500000000333,-0.350000000006667,0.410000000005614));
#7498=CARTESIAN_POINT('',(1.28500000001,0.35,0.41000000001));
#7499=CARTESIAN_POINT('',(1.61500000002,0.35,0.41000000001));
#7500=CARTESIAN_POINT('',(1.28500000000979,0.3500000000025,0.3900000000025));
#7501=CARTESIAN_POINT('',(1.28500000001,0.35,0.41));
#7502=CARTESIAN_POINT('',(1.28500000001,-0.35000000001,0.41));
#7503=CARTESIAN_POINT('',(1.28500000000667,-0.350000000006667,0.410000000002281));
#7504=CARTESIAN_POINT('',(1.285,-0.35000000001,0.41));
#7505=CARTESIAN_POINT('',(1.61500000001,-0.35000000001,0.41));
#7506=CARTESIAN_POINT('',(-1.45,-0.35,0.39));
#7507=CARTESIAN_POINT('',(1.61500000001,-0.35000000001,0.37));
#7508=CARTESIAN_POINT('',(1.285,-0.35000000001,0.37));
#7509=CARTESIAN_POINT('',(1.615000000005,-0.350000000005,0.37));
#7510=CARTESIAN_POINT('',(1.28500000001,-0.35000000001,0.37));
#7511=CARTESIAN_POINT('',(1.615,-0.35000000001,0.41000000001));
#7512=CARTESIAN_POINT('',(1.615,-0.35000000001,0.37));
#7513=CARTESIAN_POINT('',(1.28500000001,-0.35,0.37));
#7514=CARTESIAN_POINT('',(1.28500000001,-0.35,0.41000000001));
#7515=CARTESIAN_POINT('',(1.285,0.,0.39));
#7516=CARTESIAN_POINT('',(1.28500000001,1.356692536092E-13,0.37));
#7517=CARTESIAN_POINT('',(1.615,0.,0.39));
#7518=CARTESIAN_POINT('',(1.61500000001,1.356692536092E-13,0.37));
#7519=CARTESIAN_POINT('',(-1.45,0.35,0.39));
#7520=CARTESIAN_POINT('',(1.281586399182,0.35000000001,0.37));
#7521=CARTESIAN_POINT('',(-1.281586399182,-1.354472090043E-13,0.37));
#7522=CARTESIAN_POINT('',(0.81317279837455,-0.24748737342525,0.37));
#7523=CARTESIAN_POINT('',(1.28674136275778,-0.721055937808417,0.37));
#7524=CARTESIAN_POINT('',(0.8131727983745,-0.2474873734252,0.37));
#7525=CARTESIAN_POINT('',(1.2867413060548,-0.721055527551859,0.37));
#7526=CARTESIAN_POINT('',(1.28674136273804,-0.721055937788357,0.37));
#7527=CARTESIAN_POINT('',(1.33319109589839,-0.638165291150688,0.37));
#7528=CARTESIAN_POINT('',(1.36862156931854,-0.549999999998771,0.37));
#7529=CARTESIAN_POINT('',(1.36862165380504,-0.5500001250033,0.3700000000025));
#7530=CARTESIAN_POINT('',(1.368621569327,-0.55000000001,0.37));
#7531=CARTESIAN_POINT('',(1.75000000002,-0.549999999999988,0.37));
#7532=CARTESIAN_POINT('',(1.75000000001,-0.550000000002497,0.37));
#7533=CARTESIAN_POINT('',(1.75000000001,-0.55000000001,0.37));
#7534=CARTESIAN_POINT('',(1.75000000001,0.55,0.37));
#7535=CARTESIAN_POINT('',(1.7500000000075,0.5500000000025,0.37));
#7536=CARTESIAN_POINT('',(1.75000000001,0.55000000001,0.37));
#7537=CARTESIAN_POINT('',(1.368621569317,0.550000000020011,0.37));
#7538=CARTESIAN_POINT('',(1.28674136274805,0.72105593779845,0.37));
#7539=CARTESIAN_POINT('',(0.813172798364666,0.247487373415133,0.37));
#7540=CARTESIAN_POINT('',(0.8131727983846,0.2474873734153,0.37));
#7541=CARTESIAN_POINT('',(0.8131727983745,-0.2474873734253,0.37));
#7542=CARTESIAN_POINT('',(1.210920362782,0.6452349378324,0.465));
#7543=CARTESIAN_POINT('',(1.6086679272093,1.0429825022597,0.35000000001));
#7544=CARTESIAN_POINT('',(1.6086679272194,1.0429825022698,0.58000000002));
#7545=CARTESIAN_POINT('',(1.60866792720929,1.04298250226004,0.350000000006667));
#7546=CARTESIAN_POINT('',(1.60866792720919,1.04298250226666,0.580000000003509));
#7547=CARTESIAN_POINT('',(0.8131727983746,0.2474873734252,0.35));
#7548=CARTESIAN_POINT('',(1.60866792721914,1.04298250226986,0.35));
#7549=CARTESIAN_POINT('',(1.608667927209,1.04298250226,0.58));
#7550=CARTESIAN_POINT('',(1.28674136273772,0.721055937788582,0.58));
#7551=CARTESIAN_POINT('',(1.4968026818E-12,-7.234213228458E-13,0.475));
#7552=CARTESIAN_POINT('',(1.36862156931735,-0.550000000000109,0.58));
#7553=CARTESIAN_POINT('',(1.33319109589708,-0.638165291152033,0.58));
#7554=CARTESIAN_POINT('',(1.28674136273661,-0.721055937789685,0.58));
#7555=CARTESIAN_POINT('',(1.36862168196289,-0.550000166676706,0.580000000006667));
#7556=CARTESIAN_POINT('',(1.28674151805523,-0.72105591632925,0.57999987500375));
#7557=CARTESIAN_POINT('',(1.368621569327,-0.55,0.37000000001));
#7558=CARTESIAN_POINT('',(1.368621569327,-0.55,0.58000000002));
#7559=CARTESIAN_POINT('',(1.28674136273804,-0.721055937788357,0.37));
#7560=CARTESIAN_POINT('',(1.33319109589839,-0.638165291150688,0.37));
#7561=CARTESIAN_POINT('',(1.36862156931854,-0.549999999998771,0.37));
#7562=CARTESIAN_POINT('',(1.28674136273804,-0.721055937788357,0.37));
#7563=CARTESIAN_POINT('',(1.28674136273804,-0.721055937788357,0.58000000001));
#7564=CARTESIAN_POINT('',(1.28674136273804,-0.721055937788357,0.545000000008333));
#7565=CARTESIAN_POINT('',(1.28674136273804,-0.721055937788357,0.475000000005));
#7566=CARTESIAN_POINT('',(1.28674136273804,-0.721055937788357,0.405000000001667));
#7567=CARTESIAN_POINT('',(1.28674136273804,-0.721055937788357,0.37));
#7568=CARTESIAN_POINT('',(-1.618370681369,0.,0.58));
#7569=CARTESIAN_POINT('',(1.75000000001,-0.55000000001,0.58));
#7570=CARTESIAN_POINT('',(1.368621569317,-0.550000000020012,0.58));
#7571=CARTESIAN_POINT('',(1.7500000000075,-0.549999975003,0.5799999500015));
#7572=CARTESIAN_POINT('',(1.286741362748,-0.7210559377985,0.58));
#7573=CARTESIAN_POINT('',(1.60866792721918,-1.04298250226982,0.58));
#7574=CARTESIAN_POINT('',(1.60866792720917,-1.04298250226008,0.5800000000025));
#7575=CARTESIAN_POINT('',(1.608667927209,-1.04298250226,0.58));
#7576=CARTESIAN_POINT('',(1.95000000001987,-0.701650429449469,0.58));
#7577=CARTESIAN_POINT('',(1.95000000001243,-0.701650429454534,0.5800000000025));
#7578=CARTESIAN_POINT('',(1.95000000001,-0.7016504294596,0.58));
#7579=CARTESIAN_POINT('',(1.94999999999993,0.7016504294496,0.58));
#7580=CARTESIAN_POINT('',(1.94999999999995,0.701650429466313,0.58));
#7581=CARTESIAN_POINT('',(1.95000000001,0.7016504294596,0.58));
#7582=CARTESIAN_POINT('',(1.60866792719918,1.04298250227018,0.58));
#7583=CARTESIAN_POINT('',(1.618370681369,0.55000000001,0.58));
#7584=CARTESIAN_POINT('',(1.74999995834042,0.549999958333747,0.5799999166675));
#7585=CARTESIAN_POINT('',(1.75000000001,0.,0.58));
#7586=CARTESIAN_POINT('',(-1.559310784658,-0.55,0.475));
#7587=CARTESIAN_POINT('',(1.75,-0.55,0.58000000001));
#7588=CARTESIAN_POINT('',(1.75,-0.55,0.510000000006667));
#7589=CARTESIAN_POINT('',(1.75,-0.55,0.440000000003333));
#7590=CARTESIAN_POINT('',(1.75,-0.55,0.37));
#7591=CARTESIAN_POINT('',(-1.559310784658,0.55,0.475));
#7592=CARTESIAN_POINT('',(1.75,0.55,0.37));
#7593=CARTESIAN_POINT('',(1.75,0.55,0.4399999722225));
#7594=CARTESIAN_POINT('',(1.75,0.55,0.509999944445));
#7595=CARTESIAN_POINT('',(1.75,0.55,0.5799999166675));
#7596=CARTESIAN_POINT('',(1.75,0.,0.475));
#7597=CARTESIAN_POINT('',(-0.5784009742328,1.144086399182,0.465));
#7598=CARTESIAN_POINT('',(1.28674136273804,-0.721055937788357,0.58000000001));
#7599=CARTESIAN_POINT('',(1.28674136273804,-0.721055937788357,0.545000000008333));
#7600=CARTESIAN_POINT('',(1.28674136273804,-0.721055937788357,0.475000000005));
#7601=CARTESIAN_POINT('',(1.28674136273804,-0.721055937788357,0.405000000001667));
#7602=CARTESIAN_POINT('',(1.28674136273804,-0.721055937788357,0.37));
#7603=CARTESIAN_POINT('',(1.28674118596624,-0.721055761016717,0.37000025));
#7604=CARTESIAN_POINT('',(0.81317279837455,-0.24748737342525,0.37));
#7605=CARTESIAN_POINT('',(1.28674136275778,-0.721055937808417,0.37));
#7606=CARTESIAN_POINT('',(1.608667927209,-1.04298250226,0.35));
#7607=CARTESIAN_POINT('',(0.813172798364506,-0.247487373415394,0.35));
#7608=CARTESIAN_POINT('',(1.60866792720928,-1.04298250225362,0.35));
#7609=CARTESIAN_POINT('',(1.6086679271995,-1.0429825022505,0.35));
#7610=CARTESIAN_POINT('',(1.6086679271995,-1.0429825022505,0.58000000001));
#7611=CARTESIAN_POINT('',(1.95,0.,1.015));
#7612=CARTESIAN_POINT('',(1.95,-0.701650429469834,1.45000000002));
#7613=CARTESIAN_POINT('',(1.95,-0.7016504294596,0.58000000001));
#7614=CARTESIAN_POINT('',(1.95000000000421,-0.701650429455675,1.45000000001));
#7615=CARTESIAN_POINT('',(1.95000000001,0.7016504294596,1.45));
#7616=CARTESIAN_POINT('',(1.95000000002007,-0.7016504294498,1.45));
#7617=CARTESIAN_POINT('',(1.95000000000676,0.701650429453024,1.45000000000667));
#7618=CARTESIAN_POINT('',(1.95,0.7016504294596,0.58));
#7619=CARTESIAN_POINT('',(1.95,0.7016504294596,1.45000000001));
#7620=CARTESIAN_POINT('',(1.563325214725,1.088325214725,0.9));
#7621=CARTESIAN_POINT('',(1.17665042946,1.47500000001,1.45));
#7622=CARTESIAN_POINT('',(1.95000000002015,0.701650429449745,1.45));
#7623=CARTESIAN_POINT('',(1.17665042945333,1.47500000000166,1.45000000000667));
#7624=CARTESIAN_POINT('',(1.17665042944498,1.47500000000502,0.35));
#7625=CARTESIAN_POINT('',(1.17665042945,1.475,1.45000000001));
#7626=CARTESIAN_POINT('',(1.17665042945249,1.47500000000751,0.35));
#7627=CARTESIAN_POINT('',(1.608667927209,1.04298250226,0.35));
#7628=CARTESIAN_POINT('',(1.17665042944978,1.47500000001978,0.35));
#7629=CARTESIAN_POINT('',(1.563325214725,-1.088325214725,0.9));
#7630=CARTESIAN_POINT('',(1.608667927209,-1.04298250226,0.58));
#7631=CARTESIAN_POINT('',(1.95000000001987,-0.701650429449469,0.58));
#7632=CARTESIAN_POINT('',(1.17665042946,-1.47500000001,0.35));
#7633=CARTESIAN_POINT('',(1.60866792721935,-1.04298250225035,0.35));
#7634=CARTESIAN_POINT('',(1.17665042946,-1.47500000000166,0.350000000006667));
#7635=CARTESIAN_POINT('',(1.17665042946,-1.475,1.45000000002));
#7636=CARTESIAN_POINT('',(1.17665042946,-1.475,0.35000000001));
#7637=CARTESIAN_POINT('',(1.17665042945333,-1.47500000000666,1.45000000001));
#7638=CARTESIAN_POINT('',(1.95000000001,-0.7016504294598,1.45));
#7639=CARTESIAN_POINT('',(1.17665042944995,-1.47500000001995,1.45));
#7640=CARTESIAN_POINT('',(-1.618370681369,0.,0.58));
#7641=CARTESIAN_POINT('',(0.9093145750607,-1.475,0.58000000001));
#7642=CARTESIAN_POINT('',(0.,-1.475,0.58000000001));
#7643=CARTESIAN_POINT('',(0.90931457505575,-1.475,0.58000000001));
#7644=CARTESIAN_POINT('',(1.91757417236648E-12,-1.47500000000179,0.580000000005));
#7645=CARTESIAN_POINT('',(0.72105593778855,-1.28674136273775,0.58000000001));
#7646=CARTESIAN_POINT('',(0.90931457506075,-1.47500000000995,0.58000000001));
#7647=CARTESIAN_POINT('',(0.721055909178966,-1.28674156982886,0.58000000001));
#7648=CARTESIAN_POINT('',(0.721055937798134,-1.28674136273782,0.58));
#7649=CARTESIAN_POINT('',(0.556093139698172,-1.37918216593991,0.58));
#7650=CARTESIAN_POINT('',(0.372613398828007,-1.42715950581052,0.58));
#7651=CARTESIAN_POINT('',(0.189656996882555,-1.47500000000357,0.58));
#7652=CARTESIAN_POINT('',(3.83514834473297E-12,-1.47500000000357,0.58));
#7653=CARTESIAN_POINT('',(-1.210920362782,0.6452349378327,0.465));
#7654=CARTESIAN_POINT('',(0.2474873734153,-0.8131727983645,0.37000000001));
#7655=CARTESIAN_POINT('',(0.72105593779855,-1.28674136274775,0.37000000001));
#7656=CARTESIAN_POINT('',(0.2474873734253,-0.8131727983745,0.370000000015));
#7657=CARTESIAN_POINT('',(0.721055937798575,-1.28674136274778,0.37000000001));
#7658=CARTESIAN_POINT('',(0.7210559377986,-1.2867413627478,0.37000000001));
#7659=CARTESIAN_POINT('',(0.721055937798591,-1.28674136274779,0.58000000002));
#7660=CARTESIAN_POINT('',(0.909314575070767,-1.475,0.35));
#7661=CARTESIAN_POINT('',(0.9093145750607,-1.475,0.58000000001));
#7662=CARTESIAN_POINT('',(0.909314575067388,-1.47500000001,0.35));
#7663=CARTESIAN_POINT('',(0.2474873734252,-0.8131727983746,0.35));
#7664=CARTESIAN_POINT('',(0.909314575070697,-1.47500000002,0.35));
#7665=CARTESIAN_POINT('',(0.247487373419814,-0.813172798371854,0.350000000006667));
#7666=CARTESIAN_POINT('',(0.2474873734253,-0.8131727983745,0.35000000001));
#7667=CARTESIAN_POINT('',(0.247487373435301,-0.813172798384501,0.37000000002));
#7668=CARTESIAN_POINT('',(-1.618370681369,0.,0.58));
#7669=CARTESIAN_POINT('',(0.,-1.475,0.58000000001));
#7670=CARTESIAN_POINT('',(-0.9093145750608,-1.475,0.58000000001));
#7671=CARTESIAN_POINT('',(0.,-1.47499999999998,0.580000000005));
#7672=CARTESIAN_POINT('',(-0.90931457505569,-1.475,0.580000000007632));
#7673=CARTESIAN_POINT('',(0.,-1.47499999999996,0.58));
#7674=CARTESIAN_POINT('',(-0.189097929268151,-1.47499999999996,0.58));
#7675=CARTESIAN_POINT('',(-0.372613398823494,-1.42715950580797,0.58));
#7676=CARTESIAN_POINT('',(-0.555605427543564,-1.37945546696931,0.58));
#7677=CARTESIAN_POINT('',(-0.721055937793222,-1.28674136273643,0.58));
#7678=CARTESIAN_POINT('',(-0.721055916330884,-1.28674151805459,0.57999987500125));
#7679=CARTESIAN_POINT('',(-0.7210559377985,-1.286741362748,0.58));
#7680=CARTESIAN_POINT('',(-0.90931457507069,-1.47500000002011,0.58));
#7681=CARTESIAN_POINT('',(1.4968026818E-12,-7.234213228458E-13,0.475));
#7682=CARTESIAN_POINT('',(0.,4.085620730621E-14,0.58));
#7683=CARTESIAN_POINT('',(0.721055937795743,-1.28674136273355,0.58));
#7684=CARTESIAN_POINT('',(0.7210559377986,-1.2867413627478,0.37000000001));
#7685=CARTESIAN_POINT('',(0.721055937798591,-1.28674136274779,0.58000000002));
#7686=CARTESIAN_POINT('',(0.7210559377986,-1.2867413627478,0.37000000001));
#7687=CARTESIAN_POINT('',(0.,4.085620730621E-14,0.37000000001));
#7688=CARTESIAN_POINT('',(-0.721055819940542,-1.28674124488994,0.37000016667));
#7689=CARTESIAN_POINT('',(-0.721055937788309,-1.28674136273772,0.58000000001));
#7690=CARTESIAN_POINT('',(-0.721055937788309,-1.28674136273772,0.545000000008333));
#7691=CARTESIAN_POINT('',(-0.721055937788309,-1.28674136273772,0.475000000005));
#7692=CARTESIAN_POINT('',(-0.721055937788309,-1.28674136273772,0.405000000001667));
#7693=CARTESIAN_POINT('',(-0.721055937788309,-1.28674136273772,0.37));
#7694=CARTESIAN_POINT('',(1.210920362782,0.6452349378324,0.465));
#7695=CARTESIAN_POINT('',(-0.24748737342525,-0.81317279837455,0.37));
#7696=CARTESIAN_POINT('',(-0.721055937808467,-1.28674136275783,0.37));
#7697=CARTESIAN_POINT('',(-0.247487491271172,-0.813172916218565,0.369999833338333));
#7698=CARTESIAN_POINT('',(-0.247487373415285,-0.813172798364532,0.37000000001));
#7699=CARTESIAN_POINT('',(-0.247487373415285,-0.813172798364532,0.366666666675));
#7700=CARTESIAN_POINT('',(-0.247487373415285,-0.813172798364532,0.360000000005));
#7701=CARTESIAN_POINT('',(-0.247487373415285,-0.813172798364531,0.353333333335));
#7702=CARTESIAN_POINT('',(-0.247487373415285,-0.813172798364532,0.35));
#7703=CARTESIAN_POINT('',(-0.247487491267135,-0.813172916215446,0.35000016667));
#7704=CARTESIAN_POINT('',(-0.9093145750608,-1.47500000001,0.35));
#7705=CARTESIAN_POINT('',(-0.247487373415253,-0.813172798364547,0.35));
#7706=CARTESIAN_POINT('',(-0.909314575067513,-1.47500000001338,0.350000000003333));
#7707=CARTESIAN_POINT('',(-0.9093145750608,-1.475,0.58000000002));
#7708=CARTESIAN_POINT('',(-0.9093145750608,-1.475,0.35000000001));
#7709=CARTESIAN_POINT('',(0.,-1.475,0.9));
#7710=CARTESIAN_POINT('',(0.9093145750607,-1.47500000001,0.35));
#7711=CARTESIAN_POINT('',(1.17665042947,-1.47499999999993,0.35));
#7712=CARTESIAN_POINT('',(0.9093145750607,-1.475,0.58000000001));
#7713=CARTESIAN_POINT('',(0.,-1.475,0.58000000001));
#7714=CARTESIAN_POINT('',(9.58764079413144E-13,-1.47500000000293,0.580000000005));
#7715=CARTESIAN_POINT('',(0.,-1.475,0.58000000001));
#7716=CARTESIAN_POINT('',(-0.9093145750608,-1.475,0.58000000001));
#7717=CARTESIAN_POINT('',(-1.17665042946,-1.47500000001,0.35));
#7718=CARTESIAN_POINT('',(-0.9093145750508,-1.47500000002007,0.35));
#7719=CARTESIAN_POINT('',(-1.17665042945079,-1.47500000000747,0.350000000003333));
#7720=CARTESIAN_POINT('',(-1.17665042945,-1.475,1.45000000001));
#7721=CARTESIAN_POINT('',(-1.17665042944498,-1.47500000000502,0.35));
#7722=CARTESIAN_POINT('',(-1.17665042945333,-1.47500000000166,1.45000000000667));
#7723=CARTESIAN_POINT('',(-1.17665042945,-1.475,1.45000000001));
#7724=CARTESIAN_POINT('',(1.17665042946,-1.475,1.45000000001));
#7725=CARTESIAN_POINT('',(0.,0.,0.36));
#7726=CARTESIAN_POINT('',(0.,0.,0.35000000001));
#7727=CARTESIAN_POINT('',(0.,0.,0.37000000001));
#7728=CARTESIAN_POINT('',(0.,0.,0.35));
#7729=CARTESIAN_POINT('',(-0.81317279836455,0.24748737341525,0.35000000001));
#7730=CARTESIAN_POINT('',(-1.60866792720915,1.04298250225985,0.35000000001));
#7731=CARTESIAN_POINT('',(-0.813172798367862,0.247487373418628,0.350000000003333));
#7732=CARTESIAN_POINT('',(-1.60866792721423,1.04298250226494,0.350000000005));
#7733=CARTESIAN_POINT('',(-0.813172798364502,0.2474873734153,0.35));
#7734=CARTESIAN_POINT('',(-0.8131727983746,-0.2474873734253,0.35));
#7735=CARTESIAN_POINT('',(-0.813172798371281,-0.247487373421866,0.350000000006667));
#7736=CARTESIAN_POINT('',(-1.6086679272193,-1.0429825022697,0.35000000001));
#7737=CARTESIAN_POINT('',(-0.8131727983747,-0.2474873734251,0.35000000001));
#7738=CARTESIAN_POINT('',(-1.6086679271995,-1.0429825022499,0.350000000005));
#7739=CARTESIAN_POINT('',(-1.17665042944,-1.47500000001,0.35000000001));
#7740=CARTESIAN_POINT('',(-1.6086679271995,-1.0429825022505,0.35000000001));
#7741=CARTESIAN_POINT('',(-1.17665042946,-1.47500000001,0.35));
#7742=CARTESIAN_POINT('',(-0.9093145750508,-1.47500000002007,0.35));
#7743=CARTESIAN_POINT('',(-0.909314575057517,-1.47500000000829,0.350000000006667));
#7744=CARTESIAN_POINT('',(-0.9093145750608,-1.47500000001,0.35));
#7745=CARTESIAN_POINT('',(-0.247487373415253,-0.813172798364547,0.35));
#7746=CARTESIAN_POINT('',(-0.247487373418674,-0.813172798367811,0.350000000003333));
#7747=CARTESIAN_POINT('',(-0.2474873734153,-0.813172798364535,0.35));
#7748=CARTESIAN_POINT('',(0.2474873734253,-0.8131727983746,0.35));
#7749=CARTESIAN_POINT('',(0.247487373421933,-0.813172798371214,0.350000000006667));
#7750=CARTESIAN_POINT('',(0.2474873734252,-0.8131727983746,0.35));
#7751=CARTESIAN_POINT('',(0.909314575070697,-1.47500000002,0.35));
#7752=CARTESIAN_POINT('',(0.909314575066566,-1.47500000001082,0.350000000003333));
#7753=CARTESIAN_POINT('',(0.9093145750607,-1.47500000001,0.35));
#7754=CARTESIAN_POINT('',(1.17665042947,-1.47499999999993,0.35));
#7755=CARTESIAN_POINT('',(0.813172798364502,-0.2474873734154,0.35));
#7756=CARTESIAN_POINT('',(0.8131727983746,0.2474873734252,0.35));
#7757=CARTESIAN_POINT('',(0.,1.47500000001,0.35));
#7758=CARTESIAN_POINT('',(0.909314575055875,1.47500000001496,0.35));
#7759=CARTESIAN_POINT('',(0.9093145750608,1.47500000001,0.35));
#7760=CARTESIAN_POINT('',(0.247487373415253,0.813172798364547,0.35));
#7761=CARTESIAN_POINT('',(0.247487373420326,0.813172798369496,0.3500000000025));
#7762=CARTESIAN_POINT('',(0.2474873734153,0.813172798364535,0.35));
#7763=CARTESIAN_POINT('',(-0.2474873734252,0.8131727983746,0.35));
#7764=CARTESIAN_POINT('',(-0.247487461808542,0.813172886757928,0.350000125005));
#7765=CARTESIAN_POINT('',(-0.2474873734252,0.8131727983746,0.35));
#7766=CARTESIAN_POINT('',(-0.909314575070697,1.47500000002,0.35));
#7767=CARTESIAN_POINT('',(-0.909314575063215,1.47500000001252,0.35));
#7768=CARTESIAN_POINT('',(0.,1.47500000001,0.35));
#7769=CARTESIAN_POINT('',(-1.1766504233885,1.4749999853538,0.350000000005));
#7770=CARTESIAN_POINT('',(-1.563325214725,1.088325214725,0.35000000001));
#7771=CARTESIAN_POINT('',(-1.618370681369,0.,0.58));
#7772=CARTESIAN_POINT('',(0.,1.47500000001,0.58));
#7773=CARTESIAN_POINT('',(-0.9093145750607,1.47500000002007,0.58));
#7774=CARTESIAN_POINT('',(-9.58787086183242E-13,1.47500000000588,0.58));
#7775=CARTESIAN_POINT('',(-0.90931457506743,1.4750000000167,0.58));
#7776=CARTESIAN_POINT('',(-0.9093145750607,1.47500000001,0.58));
#7777=CARTESIAN_POINT('',(-0.721055937788407,1.28674136273789,0.58));
#7778=CARTESIAN_POINT('',(-0.721055916328357,1.28674151805377,0.5799998750025));
#7779=CARTESIAN_POINT('',(-0.721055937798134,1.28674136273782,0.58));
#7780=CARTESIAN_POINT('',(-0.556093139698172,1.37918216593991,0.58));
#7781=CARTESIAN_POINT('',(-0.372613398828007,1.42715950581052,0.58));
#7782=CARTESIAN_POINT('',(-0.189656996882555,1.47500000000357,0.58));
#7783=CARTESIAN_POINT('',(-3.83514834473297E-12,1.47500000000357,0.58));
#7784=CARTESIAN_POINT('',(-1.618370681369,0.,0.58));
#7785=CARTESIAN_POINT('',(0.9093145750608,1.47500000001,0.58));
#7786=CARTESIAN_POINT('',(0.,1.47500000001,0.58));
#7787=CARTESIAN_POINT('',(0.909314575061602,1.4750000000106,0.580000000006843));
#7788=CARTESIAN_POINT('',(0.,1.47499999999996,0.58));
#7789=CARTESIAN_POINT('',(0.189097929268151,1.47499999999996,0.58));
#7790=CARTESIAN_POINT('',(0.372613398823494,1.42715950580797,0.58));
#7791=CARTESIAN_POINT('',(0.555605427543564,1.37945546696931,0.58));
#7792=CARTESIAN_POINT('',(0.721055937793222,1.28674136273643,0.58));
#7793=CARTESIAN_POINT('',(0.72105591633363,1.28674151805698,0.580000000005));
#7794=CARTESIAN_POINT('',(0.90931457507095,1.47500000001985,0.58000000001));
#7795=CARTESIAN_POINT('',(0.7210559377988,1.2867413627477,0.58000000001));
#7796=CARTESIAN_POINT('',(0.,1.475,0.9));
#7797=CARTESIAN_POINT('',(0.90931457506095,1.47500000000985,0.35000000001));
#7798=CARTESIAN_POINT('',(0.90931457506095,1.47500000000985,0.58000000002));
#7799=CARTESIAN_POINT('',(-1.17665042946,1.47500000001,1.45));
#7800=CARTESIAN_POINT('',(1.17665042945,1.47499999999993,1.45));
#7801=CARTESIAN_POINT('',(-1.17665042945,1.475,0.35000000001));
#7802=CARTESIAN_POINT('',(-1.17665042945,1.475,1.45000000002));
#7803=CARTESIAN_POINT('',(-0.909314575065783,1.47500000001498,0.35));
#7804=CARTESIAN_POINT('',(-0.90931457506075,1.47500000000995,0.58000000001));
#7805=CARTESIAN_POINT('',(0.,0.,0.36));
#7806=CARTESIAN_POINT('',(0.,0.,0.35000000001));
#7807=CARTESIAN_POINT('',(0.2474873734254,0.8131727983743,0.37000000001));
#7808=CARTESIAN_POINT('',(0.247487373435468,0.813172798384368,0.35));
#7809=CARTESIAN_POINT('',(0.247487373423511,0.813172798368521,0.370000000005));
#7810=CARTESIAN_POINT('',(0.,0.,0.37000000001));
#7811=CARTESIAN_POINT('',(-0.247487461795784,0.813172886762519,0.369999875005));
#7812=CARTESIAN_POINT('',(-0.247487373421555,0.813172798362623,0.35000000001));
#7813=CARTESIAN_POINT('',(-0.247487373423677,0.813172798361977,0.35666666668));
#7814=CARTESIAN_POINT('',(-0.2474873734258,0.813172798361331,0.36333333335));
#7815=CARTESIAN_POINT('',(-0.247487373427922,0.813172798360685,0.37000000002));
#7816=CARTESIAN_POINT('',(-1.281586399182,-1.354472090043E-13,0.37));
#7817=CARTESIAN_POINT('',(0.72105593780875,1.28674136275765,0.37000000001));
#7818=CARTESIAN_POINT('',(0.2474873734254,0.8131727983743,0.37000000001));
#7819=CARTESIAN_POINT('',(0.721055731991609,1.28674133371754,0.370000000005));
#7820=CARTESIAN_POINT('',(0.7210559377984,1.286741362748,0.37));
#7821=CARTESIAN_POINT('',(0.500142157694022,1.40890742418805,0.37));
#7822=CARTESIAN_POINT('',(0.288686117420792,1.45638772823967,0.37));
#7823=CARTESIAN_POINT('',(0.138718259463678,1.49006148607877,0.37));
#7824=CARTESIAN_POINT('',(-0.0121003573354393,1.48870565219046,0.37));
#7825=CARTESIAN_POINT('',(-0.182165845872076,1.48717679217647,0.37));
#7826=CARTESIAN_POINT('',(-0.354480665977417,1.43999982813619,0.37));
#7827=CARTESIAN_POINT('',(-0.530078768169636,1.39192395545387,0.37));
#7828=CARTESIAN_POINT('',(-0.7210559377984,1.286741362748,0.37));
#7829=CARTESIAN_POINT('',(-0.721055731778945,1.28674133350261,0.370000125005));
#7830=CARTESIAN_POINT('',(-0.7210559377984,1.286741362748,0.37));
#7831=CARTESIAN_POINT('',(-0.247487373415133,0.813172798364666,0.37));
#7832=CARTESIAN_POINT('',(-0.2474873734152,0.813172798384567,0.37));
#7833=CARTESIAN_POINT('',(0.2474873734252,0.8131727983745,0.37));
#7834=CARTESIAN_POINT('',(1.4968026818E-12,-7.234213228458E-13,0.475));
#7835=CARTESIAN_POINT('',(0.,-4.085620730621E-14,0.58));
#7836=CARTESIAN_POINT('',(-0.721055937791603,1.28674136273587,0.37000000001));
#7837=CARTESIAN_POINT('',(-0.721055937787613,1.28674136273811,0.440000000013333));
#7838=CARTESIAN_POINT('',(-0.721055937783623,1.28674136274034,0.510000000016667));
#7839=CARTESIAN_POINT('',(-0.721055937779632,1.28674136274258,0.58000000002));
#7840=CARTESIAN_POINT('',(0.,-4.085620730621E-14,0.37000000001));
#7841=CARTESIAN_POINT('',(0.7210559377988,1.2867413627477,0.58000000001));
#7842=CARTESIAN_POINT('',(0.721055937798765,1.28674136274767,0.37));
#7843=CARTESIAN_POINT('',(-0.5784009742328,1.144086399182,0.465));
#7844=CARTESIAN_POINT('',(-1.210920362782,-0.6452349378324,0.465));
#7845=CARTESIAN_POINT('',(-1.563325214725,1.088325214725,0.9));
#7846=CARTESIAN_POINT('',(-1.95,0.701650429449566,0.58));
#7847=CARTESIAN_POINT('',(-1.95,0.7016504294598,1.45000000001));
#7848=CARTESIAN_POINT('',(-1.95000000001494,0.701650429449517,0.58));
#7849=CARTESIAN_POINT('',(-1.608667927209,1.04298250226,0.58));
#7850=CARTESIAN_POINT('',(-1.60866796256447,1.04298246690453,0.580000000005));
#7851=CARTESIAN_POINT('',(-1.60866792721932,1.04298250227002,0.35));
#7852=CARTESIAN_POINT('',(-1.60866792720915,1.04298250225985,0.58000000001));
#7853=CARTESIAN_POINT('',(-1.563325214725,-1.088325214725,0.9));
#7854=CARTESIAN_POINT('',(-1.6086679272093,-1.0429825022597,0.465));
#7855=CARTESIAN_POINT('',(-1.60866792720424,-1.04298250226494,0.5799999500015));
#7856=CARTESIAN_POINT('',(-1.95000000001,-0.7016504294596,0.58));
#7857=CARTESIAN_POINT('',(-1.60866792719918,-1.04298250227018,0.58));
#7858=CARTESIAN_POINT('',(-1.95000000000172,-0.701650429453,0.580000000003333));
#7859=CARTESIAN_POINT('',(-1.9500000000002,-0.7016504294498,0.58));
#7860=CARTESIAN_POINT('',(-1.9500000000002,-0.7016504294498,1.45000000001));
#7861=CARTESIAN_POINT('',(-1.95000000000676,-0.701650429453024,1.45000000000667));
#7862=CARTESIAN_POINT('',(-1.9500000000102,-0.7016504294398,1.45000000001));
#7863=CARTESIAN_POINT('',(-1.17665042945,-1.475,1.45000000001));
#7864=CARTESIAN_POINT('',(0.,0.,0.36));
#7865=CARTESIAN_POINT('',(0.,0.,0.35000000001));
#7866=CARTESIAN_POINT('',(-0.8131727983745,0.2474873734252,0.37000000001));
#7867=CARTESIAN_POINT('',(-0.813172798384603,0.247487373435303,0.35));
#7868=CARTESIAN_POINT('',(-0.8131727983745,0.2474873734252,0.370000000007004));
#7869=CARTESIAN_POINT('',(0.,0.,0.37000000001));
#7870=CARTESIAN_POINT('',(-0.8131727983747,-0.2474873734251,0.35000000001));
#7871=CARTESIAN_POINT('',(-0.8131727983697,-0.2474873734201,0.37000000002));
#7872=CARTESIAN_POINT('',(-1.210920362782,0.6452349378327,0.465));
#7873=CARTESIAN_POINT('',(-1.28674136274805,0.72105593779855,0.58));
#7874=CARTESIAN_POINT('',(-1.28674136274062,0.721055937793064,0.580000000005));
#7875=CARTESIAN_POINT('',(-1.28674136274288,0.721055937793579,0.580000000005));
#7876=CARTESIAN_POINT('',(-1.28674136274288,0.721055937793579,0.510000000003333));
#7877=CARTESIAN_POINT('',(-1.28674136274288,0.721055937793579,0.440000000001667));
#7878=CARTESIAN_POINT('',(-1.28674136274288,0.721055937793579,0.37));
#7879=CARTESIAN_POINT('',(-0.81317279837455,0.24748737342525,0.37));
#7880=CARTESIAN_POINT('',(-1.28674136275778,0.721055937808417,0.37));
#7881=CARTESIAN_POINT('',(-1.210920362782,-0.6452349378324,0.465));
#7882=CARTESIAN_POINT('',(-1.286741362748,-0.7210559377984,0.37000000001));
#7883=CARTESIAN_POINT('',(-1.28674136274798,-0.721055937798377,0.58000000002));
#7884=CARTESIAN_POINT('',(-1.608667927209,-1.04298250226,0.58));
#7885=CARTESIAN_POINT('',(-1.95,0.,1.015));
#7886=CARTESIAN_POINT('',(-1.95,0.7016504294498,1.45000000001));
#7887=CARTESIAN_POINT('',(-1.95,-0.7016504294596,1.45000000001));
#7888=CARTESIAN_POINT('',(-1.95000000001,0.7016504294596,0.58));
#7889=CARTESIAN_POINT('',(-1.94999999999993,-0.7016504294496,0.58));
#7890=CARTESIAN_POINT('',(-1.618370681369,0.,0.58));
#7891=CARTESIAN_POINT('',(-1.75000000001,0.55000000001,0.58));
#7892=CARTESIAN_POINT('',(-1.368621569317,0.550000000020012,0.58));
#7893=CARTESIAN_POINT('',(-1.36862156931853,0.550000000004267,0.58000000001));
#7894=CARTESIAN_POINT('',(-1.36862156931741,0.550000000000141,0.58));
#7895=CARTESIAN_POINT('',(-1.33319109589713,0.638165291152104,0.58));
#7896=CARTESIAN_POINT('',(-1.28674136273662,0.721055937789794,0.58));
#7897=CARTESIAN_POINT('',(-1.368621569327,-0.55000000001,0.58));
#7898=CARTESIAN_POINT('',(-1.75000000002,-0.549999999999989,0.58));
#7899=CARTESIAN_POINT('',(-1.559310784658,0.55,0.475));
#7900=CARTESIAN_POINT('',(-1.36862156931533,0.550000000005311,0.37000000001));
#7901=CARTESIAN_POINT('',(-1.36862156931533,0.550000000005311,0.440000000013333));
#7902=CARTESIAN_POINT('',(-1.36862156931533,0.550000000005311,0.510000000016667));
#7903=CARTESIAN_POINT('',(-1.36862156931533,0.550000000005311,0.58000000002));
#7904=CARTESIAN_POINT('',(1.4968026818E-12,-7.234213228458E-13,0.475));
#7905=CARTESIAN_POINT('',(0.,0.,0.));
#7906=MECHANICAL_DESIGN_GEOMETRIC_PRESENTATION_REPRESENTATION('',(#616,
#617,#618),#7907);
#7907=(
GEOMETRIC_REPRESENTATION_CONTEXT(3)
GLOBAL_UNCERTAINTY_ASSIGNED_CONTEXT((#7911))
GLOBAL_UNIT_ASSIGNED_CONTEXT((#7917,#7916,#7915))
REPRESENTATION_CONTEXT('PTS815SJM250SMTRLFS','TOP_LEVEL_ASSEMBLY_PART')
);
#7908=(
GEOMETRIC_REPRESENTATION_CONTEXT(3)
GLOBAL_UNCERTAINTY_ASSIGNED_CONTEXT((#7912))
GLOBAL_UNIT_ASSIGNED_CONTEXT((#7917,#7916,#7915))
REPRESENTATION_CONTEXT('PTS815SJM250SMTRLFS_PART1','COMPONENT_PART')
);
#7909=(
GEOMETRIC_REPRESENTATION_CONTEXT(3)
GLOBAL_UNCERTAINTY_ASSIGNED_CONTEXT((#7913))
GLOBAL_UNIT_ASSIGNED_CONTEXT((#7917,#7916,#7915))
REPRESENTATION_CONTEXT('PTS815SJM250SMTRLFS_PART2','COMPONENT_PART')
);
#7910=(
GEOMETRIC_REPRESENTATION_CONTEXT(3)
GLOBAL_UNCERTAINTY_ASSIGNED_CONTEXT((#7914))
GLOBAL_UNIT_ASSIGNED_CONTEXT((#7917,#7916,#7915))
REPRESENTATION_CONTEXT('PTS815SJM250SMTRLFS_PART3','COMPONENT_PART')
);
#7911=UNCERTAINTY_MEASURE_WITH_UNIT(LENGTH_MEASURE(0.005),#7917,
'DISTANCE_ACCURACY_VALUE','Maximum Tolerance applied to model');
#7912=UNCERTAINTY_MEASURE_WITH_UNIT(LENGTH_MEASURE(0.005),#7917,
'DISTANCE_ACCURACY_VALUE','Maximum Tolerance applied to model');
#7913=UNCERTAINTY_MEASURE_WITH_UNIT(LENGTH_MEASURE(0.005),#7917,
'DISTANCE_ACCURACY_VALUE','Maximum Tolerance applied to model');
#7914=UNCERTAINTY_MEASURE_WITH_UNIT(LENGTH_MEASURE(0.005),#7917,
'DISTANCE_ACCURACY_VALUE','Maximum Tolerance applied to model');
#7915=(
NAMED_UNIT(*)
SI_UNIT($,.STERADIAN.)
SOLID_ANGLE_UNIT()
);
#7916=(
NAMED_UNIT(*)
PLANE_ANGLE_UNIT()
SI_UNIT($,.RADIAN.)
);
#7917=(
LENGTH_UNIT()
NAMED_UNIT(*)
SI_UNIT(.MILLI.,.METRE.)
);
#7918=PRODUCT_DEFINITION_SHAPE('','',#7925);
#7919=PRODUCT_DEFINITION_SHAPE('','',#7926);
#7920=PRODUCT_DEFINITION_SHAPE(' ','NAUO PRDDFN',#601);
#7921=PRODUCT_DEFINITION_SHAPE('','',#7927);
#7922=PRODUCT_DEFINITION_SHAPE(' ','NAUO PRDDFN',#602);
#7923=PRODUCT_DEFINITION_SHAPE('','',#7928);
#7924=PRODUCT_DEFINITION_SHAPE(' ','NAUO PRDDFN',#603);
#7925=PRODUCT_DEFINITION('','',#7933,#7929);
#7926=PRODUCT_DEFINITION('','',#7934,#7930);
#7927=PRODUCT_DEFINITION('','',#7935,#7931);
#7928=PRODUCT_DEFINITION('','',#7936,#7932);
#7929=PRODUCT_DEFINITION_CONTEXT('',#7954,'design');
#7930=PRODUCT_DEFINITION_CONTEXT('',#7954,'design');
#7931=PRODUCT_DEFINITION_CONTEXT('',#7954,'design');
#7932=PRODUCT_DEFINITION_CONTEXT('',#7954,'design');
#7933=PRODUCT_DEFINITION_FORMATION_WITH_SPECIFIED_SOURCE('','',#7941,
 .NOT_KNOWN.);
#7934=PRODUCT_DEFINITION_FORMATION_WITH_SPECIFIED_SOURCE('','',#7942,
 .NOT_KNOWN.);
#7935=PRODUCT_DEFINITION_FORMATION_WITH_SPECIFIED_SOURCE('','',#7943,
 .NOT_KNOWN.);
#7936=PRODUCT_DEFINITION_FORMATION_WITH_SPECIFIED_SOURCE('','',#7944,
 .NOT_KNOWN.);
#7937=PRODUCT_RELATED_PRODUCT_CATEGORY('','',(#7941));
#7938=PRODUCT_RELATED_PRODUCT_CATEGORY('','',(#7942));
#7939=PRODUCT_RELATED_PRODUCT_CATEGORY('','',(#7943));
#7940=PRODUCT_RELATED_PRODUCT_CATEGORY('','',(#7944));
#7941=PRODUCT('PTS815SJM250SMTRLFS','PTS815SJM250SMTRLFS',
'PTS815SJM250SMTRLFS',(#7949));
#7942=PRODUCT('PTS815SJM250SMTRLFS_PART1','PTS815SJM250SMTRLFS_PART1',
'PTS815SJM250SMTRLFS_PART1',(#7950));
#7943=PRODUCT('PTS815SJM250SMTRLFS_PART2','PTS815SJM250SMTRLFS_PART2',
'PTS815SJM250SMTRLFS_PART2',(#7951));
#7944=PRODUCT('PTS815SJM250SMTRLFS_PART3','PTS815SJM250SMTRLFS_PART3',
'PTS815SJM250SMTRLFS_PART3',(#7952));
#7945=PRODUCT_CATEGORY('','');
#7946=PRODUCT_CATEGORY('','');
#7947=PRODUCT_CATEGORY('','');
#7948=PRODUCT_CATEGORY('','');
#7949=PRODUCT_CONTEXT('',#7954,'mechanical');
#7950=PRODUCT_CONTEXT('',#7954,'mechanical');
#7951=PRODUCT_CONTEXT('',#7954,'mechanical');
#7952=PRODUCT_CONTEXT('',#7954,'mechanical');
#7953=APPLICATION_PROTOCOL_DEFINITION('international standard',
'automotive_design',2010,#7954);
#7954=APPLICATION_CONTEXT(
'core data for automotive mechanical design processes');
ENDSEC;
END-ISO-10303-21;
