ISO-10303-21;
HEADER;
FILE_DESCRIPTION((''),'2;1');
FILE_NAME('TDD01H0SB1R_SW0003_PRT','2017-03-27T',('jtrepler'),(''),
'PRO/ENGINEER BY PARAMETRIC TECHNOLOGY CORPORATION, 2011410',
'PRO/ENGINEER BY PARAMETRIC TECHNOLOGY CORPORATION, 2011410','');
FILE_SCHEMA(('AUTOMOTIVE_DESIGN_CC2 { 1 2 10303 214 -1 1 5 2 }'));
ENDSEC;
DATA;
#34=DIRECTION('',(0.E0,-3.691844965524E-5,9.999999993185E-1));
#35=VECTOR('',#34,1.043307087325E-1);
#36=CARTESIAN_POINT('',(-4.724409448819E-2,0.E0,-1.161417322835E-1));
#37=LINE('',#36,#35);
#38=CARTESIAN_POINT('',(-4.527559055118E-2,0.E0,-1.161417322835E-1));
#39=DIRECTION('',(0.E0,1.E0,0.E0));
#40=DIRECTION('',(0.E0,0.E0,-1.E0));
#41=AXIS2_PLACEMENT_3D('',#38,#39,#40);
#43=DIRECTION('',(-1.E0,0.E0,0.E0));
#44=VECTOR('',#43,9.055118110236E-2);
#45=CARTESIAN_POINT('',(4.527559055118E-2,0.E0,-1.181102362205E-1));
#46=LINE('',#45,#44);
#47=CARTESIAN_POINT('',(4.527559055118E-2,0.E0,-1.161417322835E-1));
#48=DIRECTION('',(0.E0,1.E0,0.E0));
#49=DIRECTION('',(1.E0,0.E0,0.E0));
#50=AXIS2_PLACEMENT_3D('',#47,#48,#49);
#52=DIRECTION('',(0.E0,1.087043234167E-4,-9.999999940917E-1));
#53=VECTOR('',#52,3.543307107549E-2);
#54=CARTESIAN_POINT('',(4.724409448819E-2,-3.851728017837E-6,
-8.070866141732E-2));
#55=LINE('',#54,#53);
#56=DIRECTION('',(0.E0,0.E0,-1.E0));
#57=VECTOR('',#56,2.362204724409E-2);
#58=CARTESIAN_POINT('',(4.724409448819E-2,-3.851728017837E-6,
-5.708661417323E-2));
#59=LINE('',#58,#57);
#60=DIRECTION('',(0.E0,0.E0,-1.E0));
#61=VECTOR('',#60,1.141732283465E-1);
#62=CARTESIAN_POINT('',(4.724409448819E-2,-3.851728017837E-6,
5.708661417323E-2));
#63=LINE('',#62,#61);
#64=DIRECTION('',(0.E0,0.E0,-1.E0));
#65=VECTOR('',#64,2.362204724409E-2);
#66=CARTESIAN_POINT('',(4.724409448819E-2,-3.851728017837E-6,
8.070866141732E-2));
#67=LINE('',#66,#65);
#68=DIRECTION('',(0.E0,-1.087043234167E-4,-9.999999940917E-1));
#69=VECTOR('',#68,3.543307107549E-2);
#70=CARTESIAN_POINT('',(4.724409448819E-2,0.E0,1.161417322835E-1));
#71=LINE('',#70,#69);
#72=CARTESIAN_POINT('',(4.527559055118E-2,0.E0,1.161417322835E-1));
#73=DIRECTION('',(0.E0,1.E0,0.E0));
#74=DIRECTION('',(0.E0,0.E0,1.E0));
#75=AXIS2_PLACEMENT_3D('',#72,#73,#74);
#77=DIRECTION('',(1.E0,0.E0,0.E0));
#78=VECTOR('',#77,9.055118110236E-2);
#79=CARTESIAN_POINT('',(-4.527559055118E-2,0.E0,1.181102362205E-1));
#80=LINE('',#79,#78);
#81=CARTESIAN_POINT('',(-4.527559055118E-2,0.E0,1.161417322835E-1));
#82=DIRECTION('',(0.E0,1.E0,0.E0));
#83=DIRECTION('',(-1.E0,0.E0,0.E0));
#84=AXIS2_PLACEMENT_3D('',#81,#82,#83);
#86=DIRECTION('',(0.E0,3.691844965524E-5,9.999999993185E-1));
#87=VECTOR('',#86,1.043307087325E-1);
#88=CARTESIAN_POINT('',(-4.724409448819E-2,-3.851728017837E-6,
1.181102362205E-2));
#89=LINE('',#88,#87);
#90=DIRECTION('',(0.E0,0.E0,1.E0));
#91=VECTOR('',#90,2.362204724409E-2);
#92=CARTESIAN_POINT('',(-4.724409448819E-2,-3.851728017837E-6,
-1.181102362205E-2));
#93=LINE('',#92,#91);
#94=DIRECTION('',(0.E0,0.E0,-1.E0));
#95=VECTOR('',#94,2.204724409449E-1);
#96=CARTESIAN_POINT('',(3.543307086614E-2,0.E0,1.102362204724E-1));
#97=LINE('',#96,#95);
#98=DIRECTION('',(-1.E0,0.E0,0.E0));
#99=VECTOR('',#98,7.086614173228E-2);
#100=CARTESIAN_POINT('',(3.543307086614E-2,0.E0,-1.102362204724E-1));
#101=LINE('',#100,#99);
#102=DIRECTION('',(0.E0,0.E0,1.E0));
#103=VECTOR('',#102,2.204724409449E-1);
#104=CARTESIAN_POINT('',(-3.543307086614E-2,0.E0,-1.102362204724E-1));
#105=LINE('',#104,#103);
#106=DIRECTION('',(1.E0,0.E0,0.E0));
#107=VECTOR('',#106,7.086614173228E-2);
#108=CARTESIAN_POINT('',(-3.543307086614E-2,0.E0,1.102362204724E-1));
#109=LINE('',#108,#107);
#110=DIRECTION('',(0.E0,1.E0,0.E0));
#111=VECTOR('',#110,5.901660083006E-3);
#112=CARTESIAN_POINT('',(-4.724409448819E-2,-5.905511811024E-3,
-1.181102362205E-2));
#113=LINE('',#112,#111);
#114=DIRECTION('',(0.E0,-1.E0,0.E0));
#115=VECTOR('',#114,5.905511811024E-3);
#116=CARTESIAN_POINT('',(-4.724409448819E-2,0.E0,-1.161417322835E-1));
#117=LINE('',#116,#115);
#118=CARTESIAN_POINT('',(-4.694255451078E-2,-5.905511811024E-3,
-1.181102362205E-2));
#119=DIRECTION('',(0.E0,0.E0,1.E0));
#120=DIRECTION('',(-5.106076950737E-2,9.986955481113E-1,0.E0));
#121=AXIS2_PLACEMENT_3D('',#118,#119,#120);
#123=DIRECTION('',(-6.095227129504E-1,-7.927686058350E-1,0.E0));
#124=VECTOR('',#123,6.765576626589E-3);
#125=CARTESIAN_POINT('',(-5.162425887595E-2,-2.305968230608E-3,
-1.181102362205E-2));
#126=LINE('',#125,#124);
#127=DIRECTION('',(7.927686058350E-1,-6.095227129504E-1,0.E0));
#128=VECTOR('',#127,5.905511811024E-3);
#129=CARTESIAN_POINT('',(-5.574803149606E-2,-7.669504980539E-3,
-1.181102362205E-2));
#130=LINE('',#129,#128);
#131=DIRECTION('',(6.095227129504E-1,7.927686058350E-1,0.E0));
#132=VECTOR('',#131,6.765576626589E-3);
#133=CARTESIAN_POINT('',(-5.106632713090E-2,-1.126904856095E-2,
-1.181102362205E-2));
#134=LINE('',#133,#132);
#135=DIRECTION('',(1.E0,0.E0,-1.150576113258E-14));
#136=VECTOR('',#135,3.015399774058E-4);
#137=CARTESIAN_POINT('',(-4.724409448819E-2,-5.905511811024E-3,
-1.181102362205E-2));
#138=LINE('',#137,#136);
#139=DIRECTION('',(0.E0,0.E0,1.E0));
#140=VECTOR('',#139,2.362204724409E-2);
#141=CARTESIAN_POINT('',(-4.694255451078E-2,-5.905511811024E-3,
-1.181102362205E-2));
#142=LINE('',#141,#140);
#143=DIRECTION('',(1.E0,0.E0,1.150576113258E-14));
#144=VECTOR('',#143,3.015399774058E-4);
#145=CARTESIAN_POINT('',(-4.724409448819E-2,-5.905511811024E-3,
1.181102362205E-2));
#146=LINE('',#145,#144);
#147=DIRECTION('',(0.E0,0.E0,1.E0));
#148=VECTOR('',#147,1.043307086614E-1);
#149=CARTESIAN_POINT('',(-4.724409448819E-2,-5.905511811024E-3,
1.181102362205E-2));
#150=LINE('',#149,#148);
#151=CARTESIAN_POINT('',(-4.527559055118E-2,-5.905511811024E-3,
1.161417322835E-1));
#152=DIRECTION('',(0.E0,-1.E0,0.E0));
#153=DIRECTION('',(0.E0,0.E0,1.E0));
#154=AXIS2_PLACEMENT_3D('',#151,#152,#153);
#156=DIRECTION('',(1.E0,0.E0,0.E0));
#157=VECTOR('',#156,9.055118110236E-2);
#158=CARTESIAN_POINT('',(-4.527559055118E-2,-5.905511811024E-3,
1.181102362205E-1));
#159=LINE('',#158,#157);
#160=CARTESIAN_POINT('',(4.527559055118E-2,-5.905511811024E-3,
1.161417322835E-1));
#161=DIRECTION('',(0.E0,-1.E0,0.E0));
#162=DIRECTION('',(1.E0,0.E0,0.E0));
#163=AXIS2_PLACEMENT_3D('',#160,#161,#162);
#165=DIRECTION('',(0.E0,0.E0,-1.E0));
#166=VECTOR('',#165,3.543307086614E-2);
#167=CARTESIAN_POINT('',(4.724409448819E-2,-5.905511811024E-3,
1.161417322835E-1));
#168=LINE('',#167,#166);
#169=DIRECTION('',(-1.E0,0.E0,0.E0));
#170=VECTOR('',#169,3.015399774058E-4);
#171=CARTESIAN_POINT('',(4.724409448819E-2,-5.905511811024E-3,
8.070866141732E-2));
#172=LINE('',#171,#170);
#173=DIRECTION('',(0.E0,0.E0,-1.E0));
#174=VECTOR('',#173,2.362204724409E-2);
#175=CARTESIAN_POINT('',(4.694255451078E-2,-5.905511811024E-3,
8.070866141732E-2));
#176=LINE('',#175,#174);
#177=DIRECTION('',(-1.E0,0.E0,0.E0));
#178=VECTOR('',#177,3.015399774058E-4);
#179=CARTESIAN_POINT('',(4.724409448819E-2,-5.905511811024E-3,
5.708661417323E-2));
#180=LINE('',#179,#178);
#181=DIRECTION('',(0.E0,0.E0,-1.E0));
#182=VECTOR('',#181,1.141732283465E-1);
#183=CARTESIAN_POINT('',(4.724409448819E-2,-5.905511811024E-3,
5.708661417323E-2));
#184=LINE('',#183,#182);
#185=DIRECTION('',(-1.E0,0.E0,0.E0));
#186=VECTOR('',#185,3.015399774058E-4);
#187=CARTESIAN_POINT('',(4.724409448819E-2,-5.905511811024E-3,
-5.708661417323E-2));
#188=LINE('',#187,#186);
#189=DIRECTION('',(0.E0,0.E0,-1.E0));
#190=VECTOR('',#189,2.362204724409E-2);
#191=CARTESIAN_POINT('',(4.694255451078E-2,-5.905511811024E-3,
-5.708661417323E-2));
#192=LINE('',#191,#190);
#193=DIRECTION('',(-1.E0,0.E0,0.E0));
#194=VECTOR('',#193,3.015399774058E-4);
#195=CARTESIAN_POINT('',(4.724409448819E-2,-5.905511811024E-3,
-8.070866141732E-2));
#196=LINE('',#195,#194);
#197=DIRECTION('',(0.E0,0.E0,-1.E0));
#198=VECTOR('',#197,3.543307086614E-2);
#199=CARTESIAN_POINT('',(4.724409448819E-2,-5.905511811024E-3,
-8.070866141732E-2));
#200=LINE('',#199,#198);
#201=CARTESIAN_POINT('',(4.527559055118E-2,-5.905511811024E-3,
-1.161417322835E-1));
#202=DIRECTION('',(0.E0,-1.E0,0.E0));
#203=DIRECTION('',(0.E0,0.E0,-1.E0));
#204=AXIS2_PLACEMENT_3D('',#201,#202,#203);
#206=DIRECTION('',(-1.E0,0.E0,0.E0));
#207=VECTOR('',#206,9.055118110236E-2);
#208=CARTESIAN_POINT('',(4.527559055118E-2,-5.905511811024E-3,
-1.181102362205E-1));
#209=LINE('',#208,#207);
#210=CARTESIAN_POINT('',(-4.527559055118E-2,-5.905511811024E-3,
-1.161417322835E-1));
#211=DIRECTION('',(0.E0,-1.E0,0.E0));
#212=DIRECTION('',(-1.E0,0.E0,0.E0));
#213=AXIS2_PLACEMENT_3D('',#210,#211,#212);
#215=DIRECTION('',(0.E0,0.E0,1.E0));
#216=VECTOR('',#215,1.043307086614E-1);
#217=CARTESIAN_POINT('',(-4.724409448819E-2,-5.905511811024E-3,
-1.161417322835E-1));
#218=LINE('',#217,#216);
#219=DIRECTION('',(1.E0,0.E0,0.E0));
#220=VECTOR('',#219,8.267716535433E-2);
#221=CARTESIAN_POINT('',(-4.133858267717E-2,-5.905511811024E-3,
-1.141732283465E-1));
#222=LINE('',#221,#220);
#223=DIRECTION('',(0.E0,0.E0,1.E0));
#224=VECTOR('',#223,2.243487141264E-1);
#225=CARTESIAN_POINT('',(4.330708661417E-2,-5.905511811024E-3,
-1.121743570632E-1));
#226=LINE('',#225,#224);
#227=DIRECTION('',(-1.E0,0.E0,0.E0));
#228=VECTOR('',#227,8.267716535433E-2);
#229=CARTESIAN_POINT('',(4.133858267717E-2,-5.905511811024E-3,
1.141732283465E-1));
#230=LINE('',#229,#228);
#231=DIRECTION('',(0.E0,0.E0,-1.E0));
#232=VECTOR('',#231,2.243487141264E-1);
#233=CARTESIAN_POINT('',(-4.330708661417E-2,-5.905511811024E-3,
1.121743570632E-1));
#234=LINE('',#233,#232);
#235=DIRECTION('',(0.E0,0.E0,1.E0));
#236=VECTOR('',#235,9.842519685039E-4);
#237=CARTESIAN_POINT('',(-5.106632713090E-2,-1.126904856095E-2,
-1.181102362205E-2));
#238=LINE('',#237,#236);
#239=DIRECTION('',(6.095227129504E-1,7.927686058350E-1,0.E0));
#240=VECTOR('',#239,2.271981733139E-2);
#241=CARTESIAN_POINT('',(-6.491457182846E-2,-2.928060647159E-2,
-1.082677165354E-2));
#242=LINE('',#241,#240);
#243=DIRECTION('',(0.E0,0.E0,1.E0));
#244=VECTOR('',#243,2.165354330709E-2);
#245=CARTESIAN_POINT('',(-6.491457182846E-2,-2.928060647159E-2,
-1.082677165354E-2));
#246=LINE('',#245,#244);
#247=DIRECTION('',(6.095227129504E-1,7.927686058350E-1,0.E0));
#248=VECTOR('',#247,2.271981733139E-2);
#249=CARTESIAN_POINT('',(-6.491457182846E-2,-2.928060647159E-2,
1.082677165354E-2));
#250=LINE('',#249,#248);
#251=DIRECTION('',(0.E0,0.E0,-1.E0));
#252=VECTOR('',#251,9.842519685039E-4);
#253=CARTESIAN_POINT('',(-5.106632713090E-2,-1.126904856095E-2,
1.181102362205E-2));
#254=LINE('',#253,#252);
#255=DIRECTION('',(6.095227129504E-1,7.927686058350E-1,0.E0));
#256=VECTOR('',#255,2.271981733139E-2);
#257=CARTESIAN_POINT('',(-6.959627619363E-2,-2.568106289117E-2,
1.082677165354E-2));
#258=LINE('',#257,#256);
#259=DIRECTION('',(6.095227129504E-1,7.927686058350E-1,0.E0));
#260=VECTOR('',#259,2.271981733139E-2);
#261=CARTESIAN_POINT('',(-6.959627619363E-2,-2.568106289117E-2,
-1.082677165354E-2));
#262=LINE('',#261,#260);
#263=DIRECTION('',(0.E0,0.E0,1.E0));
#264=VECTOR('',#263,9.842519685039E-4);
#265=CARTESIAN_POINT('',(-5.574803149606E-2,-7.669504980539E-3,
-1.181102362205E-2));
#266=LINE('',#265,#264);
#267=DIRECTION('',(0.E0,0.E0,1.E0));
#268=VECTOR('',#267,2.362204724409E-2);
#269=CARTESIAN_POINT('',(-5.162425887595E-2,-2.305968230608E-3,
-1.181102362205E-2));
#270=LINE('',#269,#268);
#271=DIRECTION('',(0.E0,0.E0,-1.E0));
#272=VECTOR('',#271,9.842519685039E-4);
#273=CARTESIAN_POINT('',(-5.574803149606E-2,-7.669504980539E-3,
1.181102362205E-2));
#274=LINE('',#273,#272);
#275=DIRECTION('',(7.927686058350E-1,-6.095227129504E-1,0.E0));
#276=VECTOR('',#275,5.905511811024E-3);
#277=CARTESIAN_POINT('',(-5.574803149606E-2,-7.669504980539E-3,
1.082677165354E-2));
#278=LINE('',#277,#276);
#279=DIRECTION('',(0.E0,1.E0,0.E0));
#280=VECTOR('',#279,5.905511811024E-3);
#281=CARTESIAN_POINT('',(-7.086614173228E-2,-3.158657470220E-2,
1.082677165354E-2));
#282=LINE('',#281,#280);
#283=DIRECTION('',(6.095227129504E-1,7.927686058350E-1,0.E0));
#284=VECTOR('',#283,6.765576626589E-3);
#285=CARTESIAN_POINT('',(-5.106632713090E-2,-1.126904856095E-2,
1.181102362205E-2));
#286=LINE('',#285,#284);
#287=DIRECTION('',(7.927686058350E-1,-6.095227129504E-1,0.E0));
#288=VECTOR('',#287,5.905511811024E-3);
#289=CARTESIAN_POINT('',(-5.574803149606E-2,-7.669504980539E-3,
1.181102362205E-2));
#290=LINE('',#289,#288);
#291=DIRECTION('',(-6.095227129504E-1,-7.927686058350E-1,0.E0));
#292=VECTOR('',#291,6.765576626589E-3);
#293=CARTESIAN_POINT('',(-5.162425887595E-2,-2.305968230608E-3,
1.181102362205E-2));
#294=LINE('',#293,#292);
#295=CARTESIAN_POINT('',(-4.694255451078E-2,-5.905511811024E-3,
1.181102362205E-2));
#296=DIRECTION('',(0.E0,0.E0,1.E0));
#297=DIRECTION('',(-5.106076950737E-2,9.986955481113E-1,0.E0));
#298=AXIS2_PLACEMENT_3D('',#295,#296,#297);
#300=DIRECTION('',(0.E0,1.E0,0.E0));
#301=VECTOR('',#300,5.901660083006E-3);
#302=CARTESIAN_POINT('',(-4.724409448819E-2,-5.905511811024E-3,
1.181102362205E-2));
#303=LINE('',#302,#301);
#304=DIRECTION('',(0.E0,-1.E0,0.E0));
#305=VECTOR('',#304,5.905511811024E-3);
#306=CARTESIAN_POINT('',(-4.724409448819E-2,0.E0,1.161417322835E-1));
#307=LINE('',#306,#305);
#308=DIRECTION('',(0.E0,-1.E0,0.E0));
#309=VECTOR('',#308,5.905511811024E-3);
#310=CARTESIAN_POINT('',(-4.527559055118E-2,0.E0,1.181102362205E-1));
#311=LINE('',#310,#309);
#312=DIRECTION('',(0.E0,-1.E0,0.E0));
#313=VECTOR('',#312,5.905511811024E-3);
#314=CARTESIAN_POINT('',(4.527559055118E-2,0.E0,1.181102362205E-1));
#315=LINE('',#314,#313);
#316=DIRECTION('',(0.E0,1.E0,0.E0));
#317=VECTOR('',#316,5.901660083006E-3);
#318=CARTESIAN_POINT('',(4.724409448819E-2,-5.905511811024E-3,
8.070866141732E-2));
#319=LINE('',#318,#317);
#320=DIRECTION('',(0.E0,-1.E0,0.E0));
#321=VECTOR('',#320,5.905511811024E-3);
#322=CARTESIAN_POINT('',(4.724409448819E-2,0.E0,1.161417322835E-1));
#323=LINE('',#322,#321);
#324=CARTESIAN_POINT('',(4.694255451078E-2,-5.905511811024E-3,
8.070866141732E-2));
#325=DIRECTION('',(0.E0,0.E0,-1.E0));
#326=DIRECTION('',(5.106076950737E-2,9.986955481113E-1,0.E0));
#327=AXIS2_PLACEMENT_3D('',#324,#325,#326);
#329=DIRECTION('',(6.095227129504E-1,-7.927686058350E-1,0.E0));
#330=VECTOR('',#329,6.765576626589E-3);
#331=CARTESIAN_POINT('',(5.162425887595E-2,-2.305968230608E-3,
8.070866141732E-2));
#332=LINE('',#331,#330);
#333=DIRECTION('',(-7.927686058350E-1,-6.095227129504E-1,0.E0));
#334=VECTOR('',#333,5.905511811024E-3);
#335=CARTESIAN_POINT('',(5.574803149606E-2,-7.669504980539E-3,
8.070866141732E-2));
#336=LINE('',#335,#334);
#337=DIRECTION('',(-6.095227129504E-1,7.927686058350E-1,0.E0));
#338=VECTOR('',#337,6.765576626589E-3);
#339=CARTESIAN_POINT('',(5.106632713090E-2,-1.126904856095E-2,
8.070866141732E-2));
#340=LINE('',#339,#338);
#341=DIRECTION('',(-6.095227129504E-1,7.927686058350E-1,0.E0));
#342=VECTOR('',#341,6.765576626589E-3);
#343=CARTESIAN_POINT('',(5.106632713090E-2,-1.126904856095E-2,
5.708661417323E-2));
#344=LINE('',#343,#342);
#345=DIRECTION('',(-7.927686058350E-1,-6.095227129504E-1,0.E0));
#346=VECTOR('',#345,5.905511811024E-3);
#347=CARTESIAN_POINT('',(5.574803149606E-2,-7.669504980539E-3,
5.708661417323E-2));
#348=LINE('',#347,#346);
#349=DIRECTION('',(6.095227129504E-1,-7.927686058350E-1,0.E0));
#350=VECTOR('',#349,6.765576626589E-3);
#351=CARTESIAN_POINT('',(5.162425887595E-2,-2.305968230608E-3,
5.708661417323E-2));
#352=LINE('',#351,#350);
#353=CARTESIAN_POINT('',(4.694255451078E-2,-5.905511811024E-3,
5.708661417323E-2));
#354=DIRECTION('',(0.E0,0.E0,-1.E0));
#355=DIRECTION('',(5.106076950737E-2,9.986955481113E-1,0.E0));
#356=AXIS2_PLACEMENT_3D('',#353,#354,#355);
#358=DIRECTION('',(0.E0,0.E0,-1.E0));
#359=VECTOR('',#358,9.842519685039E-4);
#360=CARTESIAN_POINT('',(5.106632713090E-2,-1.126904856095E-2,
8.070866141732E-2));
#361=LINE('',#360,#359);
#362=DIRECTION('',(-6.095227129504E-1,7.927686058350E-1,0.E0));
#363=VECTOR('',#362,2.271981733139E-2);
#364=CARTESIAN_POINT('',(6.491457182846E-2,-2.928060647159E-2,
7.972440944882E-2));
#365=LINE('',#364,#363);
#366=DIRECTION('',(0.E0,0.E0,-1.E0));
#367=VECTOR('',#366,2.165354330709E-2);
#368=CARTESIAN_POINT('',(6.491457182846E-2,-2.928060647159E-2,
7.972440944882E-2));
#369=LINE('',#368,#367);
#370=DIRECTION('',(-6.095227129504E-1,7.927686058350E-1,0.E0));
#371=VECTOR('',#370,2.271981733139E-2);
#372=CARTESIAN_POINT('',(6.491457182846E-2,-2.928060647159E-2,
5.807086614173E-2));
#373=LINE('',#372,#371);
#374=DIRECTION('',(0.E0,0.E0,1.E0));
#375=VECTOR('',#374,9.842519685039E-4);
#376=CARTESIAN_POINT('',(5.106632713090E-2,-1.126904856095E-2,
5.708661417323E-2));
#377=LINE('',#376,#375);
#378=DIRECTION('',(-6.095227129504E-1,7.927686058350E-1,0.E0));
#379=VECTOR('',#378,2.271981733139E-2);
#380=CARTESIAN_POINT('',(6.959627619363E-2,-2.568106289117E-2,
5.807086614173E-2));
#381=LINE('',#380,#379);
#382=DIRECTION('',(-6.095227129504E-1,7.927686058350E-1,0.E0));
#383=VECTOR('',#382,2.271981733139E-2);
#384=CARTESIAN_POINT('',(6.959627619363E-2,-2.568106289117E-2,
7.972440944882E-2));
#385=LINE('',#384,#383);
#386=DIRECTION('',(0.E0,0.E0,-1.E0));
#387=VECTOR('',#386,9.842519685039E-4);
#388=CARTESIAN_POINT('',(5.574803149606E-2,-7.669504980539E-3,
8.070866141732E-2));
#389=LINE('',#388,#387);
#390=DIRECTION('',(0.E0,0.E0,-1.E0));
#391=VECTOR('',#390,2.362204724409E-2);
#392=CARTESIAN_POINT('',(5.162425887595E-2,-2.305968230608E-3,
8.070866141732E-2));
#393=LINE('',#392,#391);
#394=DIRECTION('',(0.E0,0.E0,1.E0));
#395=VECTOR('',#394,9.842519685039E-4);
#396=CARTESIAN_POINT('',(5.574803149606E-2,-7.669504980539E-3,
5.708661417323E-2));
#397=LINE('',#396,#395);
#398=DIRECTION('',(-7.927686058350E-1,-6.095227129504E-1,0.E0));
#399=VECTOR('',#398,5.905511811024E-3);
#400=CARTESIAN_POINT('',(5.574803149606E-2,-7.669504980539E-3,
5.807086614173E-2));
#401=LINE('',#400,#399);
#402=DIRECTION('',(0.E0,1.E0,0.E0));
#403=VECTOR('',#402,5.905511811024E-3);
#404=CARTESIAN_POINT('',(7.086614173228E-2,-3.158657470220E-2,
5.807086614173E-2));
#405=LINE('',#404,#403);
#406=CARTESIAN_POINT('',(6.959627619363E-2,-2.568106289117E-2,
5.807086614173E-2));
#407=DIRECTION('',(0.E0,0.E0,-1.E0));
#408=DIRECTION('',(0.E0,-1.E0,0.E0));
#409=AXIS2_PLACEMENT_3D('',#406,#407,#408);
#411=CARTESIAN_POINT('',(6.959627619363E-2,-2.568106289117E-2,
7.972440944882E-2));
#412=DIRECTION('',(0.E0,0.E0,-1.E0));
#413=DIRECTION('',(0.E0,-1.E0,0.E0));
#414=AXIS2_PLACEMENT_3D('',#411,#412,#413);
#416=DIRECTION('',(0.E0,0.E0,-1.E0));
#417=VECTOR('',#416,2.165354330709E-2);
#418=CARTESIAN_POINT('',(6.959627619363E-2,-3.158657470220E-2,
7.972440944882E-2));
#419=LINE('',#418,#417);
#420=DIRECTION('',(-7.927686058350E-1,-6.095227129504E-1,0.E0));
#421=VECTOR('',#420,5.905511811024E-3);
#422=CARTESIAN_POINT('',(5.574803149606E-2,-7.669504980539E-3,
7.972440944882E-2));
#423=LINE('',#422,#421);
#424=DIRECTION('',(0.E0,1.E0,0.E0));
#425=VECTOR('',#424,5.905511811024E-3);
#426=CARTESIAN_POINT('',(7.086614173228E-2,-3.158657470220E-2,
7.972440944882E-2));
#427=LINE('',#426,#425);
#428=DIRECTION('',(1.E0,0.E0,0.E0));
#429=VECTOR('',#428,1.269865538652E-3);
#430=CARTESIAN_POINT('',(6.959627619363E-2,-3.158657470220E-2,
5.807086614173E-2));
#431=LINE('',#430,#429);
#432=DIRECTION('',(1.E0,0.E0,0.E0));
#433=VECTOR('',#432,1.269865538652E-3);
#434=CARTESIAN_POINT('',(6.959627619363E-2,-3.158657470220E-2,
7.972440944882E-2));
#435=LINE('',#434,#433);
#436=DIRECTION('',(0.E0,0.E0,-1.E0));
#437=VECTOR('',#436,9.842519685039E-4);
#438=CARTESIAN_POINT('',(7.086614173228E-2,-3.158657470220E-2,
8.070866141732E-2));
#439=LINE('',#438,#437);
#440=DIRECTION('',(0.E0,0.E0,-1.E0));
#441=VECTOR('',#440,2.362204724409E-2);
#442=CARTESIAN_POINT('',(8.267716535433E-2,-3.158657470220E-2,
8.070866141732E-2));
#443=LINE('',#442,#441);
#444=DIRECTION('',(0.E0,0.E0,1.E0));
#445=VECTOR('',#444,9.842519685039E-4);
#446=CARTESIAN_POINT('',(7.086614173228E-2,-3.158657470220E-2,
5.708661417323E-2));
#447=LINE('',#446,#445);
#448=DIRECTION('',(0.E0,1.E0,0.E0));
#449=VECTOR('',#448,5.905511811024E-3);
#450=CARTESIAN_POINT('',(7.086614173228E-2,-3.158657470220E-2,
8.070866141732E-2));
#451=LINE('',#450,#449);
#452=DIRECTION('',(1.E0,0.E0,0.E0));
#453=VECTOR('',#452,1.181102362205E-2);
#454=CARTESIAN_POINT('',(7.086614173228E-2,-2.568106289117E-2,
8.070866141732E-2));
#455=LINE('',#454,#453);
#456=DIRECTION('',(0.E0,-1.E0,0.E0));
#457=VECTOR('',#456,5.905511811024E-3);
#458=CARTESIAN_POINT('',(8.267716535433E-2,-2.568106289117E-2,
8.070866141732E-2));
#459=LINE('',#458,#457);
#460=DIRECTION('',(-1.E0,0.E0,0.E0));
#461=VECTOR('',#460,1.181102362205E-2);
#462=CARTESIAN_POINT('',(8.267716535433E-2,-3.158657470220E-2,
8.070866141732E-2));
#463=LINE('',#462,#461);
#464=DIRECTION('',(1.E0,0.E0,0.E0));
#465=VECTOR('',#464,1.269865538652E-3);
#466=CARTESIAN_POINT('',(6.959627619363E-2,-2.568106289117E-2,
5.807086614173E-2));
#467=LINE('',#466,#465);
#468=DIRECTION('',(0.E0,0.E0,1.E0));
#469=VECTOR('',#468,9.842519685039E-4);
#470=CARTESIAN_POINT('',(7.086614173228E-2,-2.568106289117E-2,
5.708661417323E-2));
#471=LINE('',#470,#469);
#472=DIRECTION('',(0.E0,0.E0,-1.E0));
#473=VECTOR('',#472,9.842519685039E-4);
#474=CARTESIAN_POINT('',(7.086614173228E-2,-2.568106289117E-2,
8.070866141732E-2));
#475=LINE('',#474,#473);
#476=DIRECTION('',(1.E0,0.E0,0.E0));
#477=VECTOR('',#476,1.269865538652E-3);
#478=CARTESIAN_POINT('',(6.959627619363E-2,-2.568106289117E-2,
7.972440944882E-2));
#479=LINE('',#478,#477);
#480=DIRECTION('',(0.E0,0.E0,-1.E0));
#481=VECTOR('',#480,2.165354330709E-2);
#482=CARTESIAN_POINT('',(6.959627619363E-2,-2.568106289117E-2,
7.972440944882E-2));
#483=LINE('',#482,#481);
#484=DIRECTION('',(0.E0,1.E0,0.E0));
#485=VECTOR('',#484,5.905511811024E-3);
#486=CARTESIAN_POINT('',(7.086614173228E-2,-3.158657470220E-2,
5.708661417323E-2));
#487=LINE('',#486,#485);
#488=DIRECTION('',(-1.E0,0.E0,0.E0));
#489=VECTOR('',#488,1.181102362205E-2);
#490=CARTESIAN_POINT('',(8.267716535433E-2,-3.158657470220E-2,
5.708661417323E-2));
#491=LINE('',#490,#489);
#492=DIRECTION('',(0.E0,-1.E0,0.E0));
#493=VECTOR('',#492,5.905511811024E-3);
#494=CARTESIAN_POINT('',(8.267716535433E-2,-2.568106289117E-2,
5.708661417323E-2));
#495=LINE('',#494,#493);
#496=DIRECTION('',(1.E0,0.E0,0.E0));
#497=VECTOR('',#496,1.181102362205E-2);
#498=CARTESIAN_POINT('',(7.086614173228E-2,-2.568106289117E-2,
5.708661417323E-2));
#499=LINE('',#498,#497);
#500=DIRECTION('',(0.E0,0.E0,-1.E0));
#501=VECTOR('',#500,2.362204724409E-2);
#502=CARTESIAN_POINT('',(8.267716535433E-2,-2.568106289117E-2,
8.070866141732E-2));
#503=LINE('',#502,#501);
#504=DIRECTION('',(0.E0,1.E0,0.E0));
#505=VECTOR('',#504,5.901660083006E-3);
#506=CARTESIAN_POINT('',(4.724409448819E-2,-5.905511811024E-3,
-5.708661417323E-2));
#507=LINE('',#506,#505);
#508=DIRECTION('',(0.E0,1.E0,0.E0));
#509=VECTOR('',#508,5.901660083006E-3);
#510=CARTESIAN_POINT('',(4.724409448819E-2,-5.905511811024E-3,
5.708661417323E-2));
#511=LINE('',#510,#509);
#512=CARTESIAN_POINT('',(4.694255451078E-2,-5.905511811024E-3,
-5.708661417323E-2));
#513=DIRECTION('',(0.E0,0.E0,-1.E0));
#514=DIRECTION('',(5.106076950737E-2,9.986955481113E-1,0.E0));
#515=AXIS2_PLACEMENT_3D('',#512,#513,#514);
#517=DIRECTION('',(6.095227129504E-1,-7.927686058350E-1,0.E0));
#518=VECTOR('',#517,6.765576626589E-3);
#519=CARTESIAN_POINT('',(5.162425887595E-2,-2.305968230608E-3,
-5.708661417323E-2));
#520=LINE('',#519,#518);
#521=DIRECTION('',(-7.927686058350E-1,-6.095227129504E-1,0.E0));
#522=VECTOR('',#521,5.905511811024E-3);
#523=CARTESIAN_POINT('',(5.574803149606E-2,-7.669504980539E-3,
-5.708661417323E-2));
#524=LINE('',#523,#522);
#525=DIRECTION('',(-6.095227129504E-1,7.927686058350E-1,0.E0));
#526=VECTOR('',#525,6.765576626589E-3);
#527=CARTESIAN_POINT('',(5.106632713090E-2,-1.126904856095E-2,
-5.708661417323E-2));
#528=LINE('',#527,#526);
#529=DIRECTION('',(-6.095227129504E-1,7.927686058350E-1,0.E0));
#530=VECTOR('',#529,6.765576626589E-3);
#531=CARTESIAN_POINT('',(5.106632713090E-2,-1.126904856095E-2,
-8.070866141732E-2));
#532=LINE('',#531,#530);
#533=DIRECTION('',(-7.927686058350E-1,-6.095227129504E-1,0.E0));
#534=VECTOR('',#533,5.905511811024E-3);
#535=CARTESIAN_POINT('',(5.574803149606E-2,-7.669504980539E-3,
-8.070866141732E-2));
#536=LINE('',#535,#534);
#537=DIRECTION('',(6.095227129504E-1,-7.927686058350E-1,0.E0));
#538=VECTOR('',#537,6.765576626589E-3);
#539=CARTESIAN_POINT('',(5.162425887595E-2,-2.305968230608E-3,
-8.070866141732E-2));
#540=LINE('',#539,#538);
#541=CARTESIAN_POINT('',(4.694255451078E-2,-5.905511811024E-3,
-8.070866141732E-2));
#542=DIRECTION('',(0.E0,0.E0,-1.E0));
#543=DIRECTION('',(5.106076950737E-2,9.986955481113E-1,0.E0));
#544=AXIS2_PLACEMENT_3D('',#541,#542,#543);
#546=DIRECTION('',(0.E0,0.E0,-1.E0));
#547=VECTOR('',#546,9.842519685039E-4);
#548=CARTESIAN_POINT('',(5.106632713090E-2,-1.126904856095E-2,
-5.708661417323E-2));
#549=LINE('',#548,#547);
#550=DIRECTION('',(-6.095227129504E-1,7.927686058350E-1,0.E0));
#551=VECTOR('',#550,2.271981733139E-2);
#552=CARTESIAN_POINT('',(6.491457182846E-2,-2.928060647159E-2,
-5.807086614173E-2));
#553=LINE('',#552,#551);
#554=DIRECTION('',(0.E0,0.E0,-1.E0));
#555=VECTOR('',#554,2.165354330709E-2);
#556=CARTESIAN_POINT('',(6.491457182846E-2,-2.928060647159E-2,
-5.807086614173E-2));
#557=LINE('',#556,#555);
#558=DIRECTION('',(-6.095227129504E-1,7.927686058350E-1,0.E0));
#559=VECTOR('',#558,2.271981733139E-2);
#560=CARTESIAN_POINT('',(6.491457182846E-2,-2.928060647159E-2,
-7.972440944882E-2));
#561=LINE('',#560,#559);
#562=DIRECTION('',(0.E0,0.E0,1.E0));
#563=VECTOR('',#562,9.842519685039E-4);
#564=CARTESIAN_POINT('',(5.106632713090E-2,-1.126904856095E-2,
-8.070866141732E-2));
#565=LINE('',#564,#563);
#566=DIRECTION('',(-6.095227129504E-1,7.927686058350E-1,0.E0));
#567=VECTOR('',#566,2.271981733139E-2);
#568=CARTESIAN_POINT('',(6.959627619363E-2,-2.568106289117E-2,
-7.972440944882E-2));
#569=LINE('',#568,#567);
#570=DIRECTION('',(-6.095227129504E-1,7.927686058350E-1,0.E0));
#571=VECTOR('',#570,2.271981733139E-2);
#572=CARTESIAN_POINT('',(6.959627619363E-2,-2.568106289117E-2,
-5.807086614173E-2));
#573=LINE('',#572,#571);
#574=DIRECTION('',(0.E0,0.E0,-1.E0));
#575=VECTOR('',#574,9.842519685039E-4);
#576=CARTESIAN_POINT('',(5.574803149606E-2,-7.669504980539E-3,
-5.708661417323E-2));
#577=LINE('',#576,#575);
#578=DIRECTION('',(0.E0,0.E0,-1.E0));
#579=VECTOR('',#578,2.362204724409E-2);
#580=CARTESIAN_POINT('',(5.162425887595E-2,-2.305968230608E-3,
-5.708661417323E-2));
#581=LINE('',#580,#579);
#582=DIRECTION('',(0.E0,0.E0,1.E0));
#583=VECTOR('',#582,9.842519685039E-4);
#584=CARTESIAN_POINT('',(5.574803149606E-2,-7.669504980539E-3,
-8.070866141732E-2));
#585=LINE('',#584,#583);
#586=DIRECTION('',(-7.927686058350E-1,-6.095227129504E-1,0.E0));
#587=VECTOR('',#586,5.905511811024E-3);
#588=CARTESIAN_POINT('',(5.574803149606E-2,-7.669504980539E-3,
-7.972440944882E-2));
#589=LINE('',#588,#587);
#590=DIRECTION('',(0.E0,1.E0,0.E0));
#591=VECTOR('',#590,5.905511811024E-3);
#592=CARTESIAN_POINT('',(7.086614173228E-2,-3.158657470220E-2,
-7.972440944882E-2));
#593=LINE('',#592,#591);
#594=CARTESIAN_POINT('',(6.959627619363E-2,-2.568106289117E-2,
-7.972440944882E-2));
#595=DIRECTION('',(0.E0,0.E0,-1.E0));
#596=DIRECTION('',(0.E0,-1.E0,0.E0));
#597=AXIS2_PLACEMENT_3D('',#594,#595,#596);
#599=CARTESIAN_POINT('',(6.959627619363E-2,-2.568106289117E-2,
-5.807086614173E-2));
#600=DIRECTION('',(0.E0,0.E0,-1.E0));
#601=DIRECTION('',(0.E0,-1.E0,0.E0));
#602=AXIS2_PLACEMENT_3D('',#599,#600,#601);
#604=DIRECTION('',(0.E0,0.E0,-1.E0));
#605=VECTOR('',#604,2.165354330709E-2);
#606=CARTESIAN_POINT('',(6.959627619363E-2,-3.158657470220E-2,
-5.807086614173E-2));
#607=LINE('',#606,#605);
#608=DIRECTION('',(-7.927686058350E-1,-6.095227129504E-1,0.E0));
#609=VECTOR('',#608,5.905511811024E-3);
#610=CARTESIAN_POINT('',(5.574803149606E-2,-7.669504980539E-3,
-5.807086614173E-2));
#611=LINE('',#610,#609);
#612=DIRECTION('',(0.E0,1.E0,0.E0));
#613=VECTOR('',#612,5.905511811024E-3);
#614=CARTESIAN_POINT('',(7.086614173228E-2,-3.158657470220E-2,
-5.807086614173E-2));
#615=LINE('',#614,#613);
#616=DIRECTION('',(1.E0,0.E0,0.E0));
#617=VECTOR('',#616,1.269865538652E-3);
#618=CARTESIAN_POINT('',(6.959627619363E-2,-3.158657470220E-2,
-7.972440944882E-2));
#619=LINE('',#618,#617);
#620=DIRECTION('',(1.E0,0.E0,0.E0));
#621=VECTOR('',#620,1.269865538652E-3);
#622=CARTESIAN_POINT('',(6.959627619363E-2,-3.158657470220E-2,
-5.807086614173E-2));
#623=LINE('',#622,#621);
#624=DIRECTION('',(0.E0,0.E0,-1.E0));
#625=VECTOR('',#624,9.842519685039E-4);
#626=CARTESIAN_POINT('',(7.086614173228E-2,-3.158657470220E-2,
-5.708661417323E-2));
#627=LINE('',#626,#625);
#628=DIRECTION('',(0.E0,0.E0,-1.E0));
#629=VECTOR('',#628,2.362204724409E-2);
#630=CARTESIAN_POINT('',(8.267716535433E-2,-3.158657470220E-2,
-5.708661417323E-2));
#631=LINE('',#630,#629);
#632=DIRECTION('',(0.E0,0.E0,1.E0));
#633=VECTOR('',#632,9.842519685039E-4);
#634=CARTESIAN_POINT('',(7.086614173228E-2,-3.158657470220E-2,
-8.070866141732E-2));
#635=LINE('',#634,#633);
#636=DIRECTION('',(0.E0,1.E0,0.E0));
#637=VECTOR('',#636,5.905511811024E-3);
#638=CARTESIAN_POINT('',(7.086614173228E-2,-3.158657470220E-2,
-5.708661417323E-2));
#639=LINE('',#638,#637);
#640=DIRECTION('',(1.E0,0.E0,0.E0));
#641=VECTOR('',#640,1.181102362205E-2);
#642=CARTESIAN_POINT('',(7.086614173228E-2,-2.568106289117E-2,
-5.708661417323E-2));
#643=LINE('',#642,#641);
#644=DIRECTION('',(0.E0,-1.E0,0.E0));
#645=VECTOR('',#644,5.905511811024E-3);
#646=CARTESIAN_POINT('',(8.267716535433E-2,-2.568106289117E-2,
-5.708661417323E-2));
#647=LINE('',#646,#645);
#648=DIRECTION('',(-1.E0,0.E0,0.E0));
#649=VECTOR('',#648,1.181102362205E-2);
#650=CARTESIAN_POINT('',(8.267716535433E-2,-3.158657470220E-2,
-5.708661417323E-2));
#651=LINE('',#650,#649);
#652=DIRECTION('',(1.E0,0.E0,0.E0));
#653=VECTOR('',#652,1.269865538652E-3);
#654=CARTESIAN_POINT('',(6.959627619363E-2,-2.568106289117E-2,
-7.972440944882E-2));
#655=LINE('',#654,#653);
#656=DIRECTION('',(0.E0,0.E0,1.E0));
#657=VECTOR('',#656,9.842519685039E-4);
#658=CARTESIAN_POINT('',(7.086614173228E-2,-2.568106289117E-2,
-8.070866141732E-2));
#659=LINE('',#658,#657);
#660=DIRECTION('',(0.E0,0.E0,-1.E0));
#661=VECTOR('',#660,9.842519685039E-4);
#662=CARTESIAN_POINT('',(7.086614173228E-2,-2.568106289117E-2,
-5.708661417323E-2));
#663=LINE('',#662,#661);
#664=DIRECTION('',(1.E0,0.E0,0.E0));
#665=VECTOR('',#664,1.269865538652E-3);
#666=CARTESIAN_POINT('',(6.959627619363E-2,-2.568106289117E-2,
-5.807086614173E-2));
#667=LINE('',#666,#665);
#668=DIRECTION('',(0.E0,0.E0,-1.E0));
#669=VECTOR('',#668,2.165354330709E-2);
#670=CARTESIAN_POINT('',(6.959627619363E-2,-2.568106289117E-2,
-5.807086614173E-2));
#671=LINE('',#670,#669);
#672=DIRECTION('',(0.E0,1.E0,0.E0));
#673=VECTOR('',#672,5.905511811024E-3);
#674=CARTESIAN_POINT('',(7.086614173228E-2,-3.158657470220E-2,
-8.070866141732E-2));
#675=LINE('',#674,#673);
#676=DIRECTION('',(-1.E0,0.E0,0.E0));
#677=VECTOR('',#676,1.181102362205E-2);
#678=CARTESIAN_POINT('',(8.267716535433E-2,-3.158657470220E-2,
-8.070866141732E-2));
#679=LINE('',#678,#677);
#680=DIRECTION('',(0.E0,-1.E0,0.E0));
#681=VECTOR('',#680,5.905511811024E-3);
#682=CARTESIAN_POINT('',(8.267716535433E-2,-2.568106289117E-2,
-8.070866141732E-2));
#683=LINE('',#682,#681);
#684=DIRECTION('',(1.E0,0.E0,0.E0));
#685=VECTOR('',#684,1.181102362205E-2);
#686=CARTESIAN_POINT('',(7.086614173228E-2,-2.568106289117E-2,
-8.070866141732E-2));
#687=LINE('',#686,#685);
#688=DIRECTION('',(0.E0,0.E0,-1.E0));
#689=VECTOR('',#688,2.362204724409E-2);
#690=CARTESIAN_POINT('',(8.267716535433E-2,-2.568106289117E-2,
-5.708661417323E-2));
#691=LINE('',#690,#689);
#692=DIRECTION('',(0.E0,1.E0,0.E0));
#693=VECTOR('',#692,5.901660083006E-3);
#694=CARTESIAN_POINT('',(4.724409448819E-2,-5.905511811024E-3,
-8.070866141732E-2));
#695=LINE('',#694,#693);
#696=DIRECTION('',(0.E0,-1.E0,0.E0));
#697=VECTOR('',#696,5.905511811024E-3);
#698=CARTESIAN_POINT('',(4.724409448819E-2,0.E0,-1.161417322835E-1));
#699=LINE('',#698,#697);
#700=DIRECTION('',(0.E0,-1.E0,0.E0));
#701=VECTOR('',#700,5.905511811024E-3);
#702=CARTESIAN_POINT('',(-4.527559055118E-2,0.E0,-1.181102362205E-1));
#703=LINE('',#702,#701);
#704=DIRECTION('',(0.E0,-1.E0,0.E0));
#705=VECTOR('',#704,5.905511811024E-3);
#706=CARTESIAN_POINT('',(4.527559055118E-2,0.E0,-1.181102362205E-1));
#707=LINE('',#706,#705);
#708=CARTESIAN_POINT('',(-6.959627619363E-2,-2.568106289117E-2,
1.082677165354E-2));
#709=DIRECTION('',(0.E0,0.E0,1.E0));
#710=DIRECTION('',(0.E0,-1.E0,0.E0));
#711=AXIS2_PLACEMENT_3D('',#708,#709,#710);
#713=CARTESIAN_POINT('',(-6.959627619363E-2,-2.568106289117E-2,
-1.082677165354E-2));
#714=DIRECTION('',(0.E0,0.E0,1.E0));
#715=DIRECTION('',(0.E0,-1.E0,0.E0));
#716=AXIS2_PLACEMENT_3D('',#713,#714,#715);
#718=DIRECTION('',(0.E0,0.E0,1.E0));
#719=VECTOR('',#718,2.165354330709E-2);
#720=CARTESIAN_POINT('',(-6.959627619363E-2,-3.158657470220E-2,
-1.082677165354E-2));
#721=LINE('',#720,#719);
#722=DIRECTION('',(7.927686058350E-1,-6.095227129504E-1,0.E0));
#723=VECTOR('',#722,5.905511811024E-3);
#724=CARTESIAN_POINT('',(-5.574803149606E-2,-7.669504980539E-3,
-1.082677165354E-2));
#725=LINE('',#724,#723);
#726=DIRECTION('',(0.E0,1.E0,0.E0));
#727=VECTOR('',#726,5.905511811024E-3);
#728=CARTESIAN_POINT('',(-7.086614173228E-2,-3.158657470220E-2,
-1.082677165354E-2));
#729=LINE('',#728,#727);
#730=DIRECTION('',(-1.E0,0.E0,0.E0));
#731=VECTOR('',#730,1.269865538652E-3);
#732=CARTESIAN_POINT('',(-6.959627619363E-2,-3.158657470220E-2,
1.082677165354E-2));
#733=LINE('',#732,#731);
#734=DIRECTION('',(-1.E0,0.E0,0.E0));
#735=VECTOR('',#734,1.269865538652E-3);
#736=CARTESIAN_POINT('',(-6.959627619363E-2,-3.158657470220E-2,
-1.082677165354E-2));
#737=LINE('',#736,#735);
#738=DIRECTION('',(0.E0,0.E0,1.E0));
#739=VECTOR('',#738,9.842519685039E-4);
#740=CARTESIAN_POINT('',(-7.086614173228E-2,-3.158657470220E-2,
-1.181102362205E-2));
#741=LINE('',#740,#739);
#742=DIRECTION('',(0.E0,0.E0,1.E0));
#743=VECTOR('',#742,2.362204724409E-2);
#744=CARTESIAN_POINT('',(-8.267716535433E-2,-3.158657470220E-2,
-1.181102362205E-2));
#745=LINE('',#744,#743);
#746=DIRECTION('',(0.E0,0.E0,-1.E0));
#747=VECTOR('',#746,9.842519685039E-4);
#748=CARTESIAN_POINT('',(-7.086614173228E-2,-3.158657470220E-2,
1.181102362205E-2));
#749=LINE('',#748,#747);
#750=DIRECTION('',(0.E0,1.E0,0.E0));
#751=VECTOR('',#750,5.905511811024E-3);
#752=CARTESIAN_POINT('',(-7.086614173228E-2,-3.158657470220E-2,
-1.181102362205E-2));
#753=LINE('',#752,#751);
#754=DIRECTION('',(-1.E0,0.E0,0.E0));
#755=VECTOR('',#754,1.181102362205E-2);
#756=CARTESIAN_POINT('',(-7.086614173228E-2,-2.568106289117E-2,
-1.181102362205E-2));
#757=LINE('',#756,#755);
#758=DIRECTION('',(0.E0,-1.E0,0.E0));
#759=VECTOR('',#758,5.905511811024E-3);
#760=CARTESIAN_POINT('',(-8.267716535433E-2,-2.568106289117E-2,
-1.181102362205E-2));
#761=LINE('',#760,#759);
#762=DIRECTION('',(1.E0,0.E0,0.E0));
#763=VECTOR('',#762,1.181102362205E-2);
#764=CARTESIAN_POINT('',(-8.267716535433E-2,-3.158657470220E-2,
-1.181102362205E-2));
#765=LINE('',#764,#763);
#766=DIRECTION('',(-1.E0,0.E0,0.E0));
#767=VECTOR('',#766,1.269865538652E-3);
#768=CARTESIAN_POINT('',(-6.959627619363E-2,-2.568106289117E-2,
1.082677165354E-2));
#769=LINE('',#768,#767);
#770=DIRECTION('',(0.E0,0.E0,-1.E0));
#771=VECTOR('',#770,9.842519685039E-4);
#772=CARTESIAN_POINT('',(-7.086614173228E-2,-2.568106289117E-2,
1.181102362205E-2));
#773=LINE('',#772,#771);
#774=DIRECTION('',(0.E0,0.E0,1.E0));
#775=VECTOR('',#774,9.842519685039E-4);
#776=CARTESIAN_POINT('',(-7.086614173228E-2,-2.568106289117E-2,
-1.181102362205E-2));
#777=LINE('',#776,#775);
#778=DIRECTION('',(-1.E0,0.E0,0.E0));
#779=VECTOR('',#778,1.269865538652E-3);
#780=CARTESIAN_POINT('',(-6.959627619363E-2,-2.568106289117E-2,
-1.082677165354E-2));
#781=LINE('',#780,#779);
#782=DIRECTION('',(0.E0,0.E0,1.E0));
#783=VECTOR('',#782,2.165354330709E-2);
#784=CARTESIAN_POINT('',(-6.959627619363E-2,-2.568106289117E-2,
-1.082677165354E-2));
#785=LINE('',#784,#783);
#786=DIRECTION('',(0.E0,1.E0,0.E0));
#787=VECTOR('',#786,5.905511811024E-3);
#788=CARTESIAN_POINT('',(-7.086614173228E-2,-3.158657470220E-2,
1.181102362205E-2));
#789=LINE('',#788,#787);
#790=DIRECTION('',(1.E0,0.E0,0.E0));
#791=VECTOR('',#790,1.181102362205E-2);
#792=CARTESIAN_POINT('',(-8.267716535433E-2,-3.158657470220E-2,
1.181102362205E-2));
#793=LINE('',#792,#791);
#794=DIRECTION('',(0.E0,-1.E0,0.E0));
#795=VECTOR('',#794,5.905511811024E-3);
#796=CARTESIAN_POINT('',(-8.267716535433E-2,-2.568106289117E-2,
1.181102362205E-2));
#797=LINE('',#796,#795);
#798=DIRECTION('',(-1.E0,0.E0,0.E0));
#799=VECTOR('',#798,1.181102362205E-2);
#800=CARTESIAN_POINT('',(-7.086614173228E-2,-2.568106289117E-2,
1.181102362205E-2));
#801=LINE('',#800,#799);
#802=DIRECTION('',(0.E0,0.E0,1.E0));
#803=VECTOR('',#802,2.362204724409E-2);
#804=CARTESIAN_POINT('',(-8.267716535433E-2,-2.568106289117E-2,
-1.181102362205E-2));
#805=LINE('',#804,#803);
#806=DIRECTION('',(0.E0,9.848077530122E-1,-1.736481776670E-1));
#807=VECTOR('',#806,1.433919933840E-2);
#808=CARTESIAN_POINT('',(-4.133858267717E-2,-2.002686649147E-2,
-1.116832525121E-1));
#809=LINE('',#808,#807);
#810=CARTESIAN_POINT('',(-4.124886468374E-2,-2.105234266125E-2,
-1.115024030848E-1));
#811=CARTESIAN_POINT('',(-4.126878573692E-2,-2.093937437306E-2,
-1.115223224420E-1));
#812=CARTESIAN_POINT('',(-4.130196297338E-2,-2.071278659859E-2,
-1.115623204356E-1));
#813=CARTESIAN_POINT('',(-4.133190306362E-2,-2.037062285365E-2,
-1.116226349493E-1));
#814=CARTESIAN_POINT('',(-4.133858458385E-2,-2.014163419019E-2,
-1.116630158703E-1));
#815=CARTESIAN_POINT('',(-4.133858267717E-2,-2.002686649147E-2,
-1.116832525121E-1));
#817=DIRECTION('',(9.999999999997E-1,1.454384826058E-7,8.207618152052E-7));
#818=VECTOR('',#817,8.249772937203E-2);
#819=CARTESIAN_POINT('',(-4.124886468374E-2,-2.105234266125E-2,
-1.115024030848E-1));
#820=LINE('',#819,#818);
#821=CARTESIAN_POINT('',(4.124886468826E-2,-2.105233066291E-2,
-1.115023353738E-1));
#822=CARTESIAN_POINT('',(4.126874824127E-2,-2.093956343133E-2,
-1.115222192793E-1));
#823=CARTESIAN_POINT('',(4.130191633333E-2,-2.071325856712E-2,
-1.115622698005E-1));
#824=CARTESIAN_POINT('',(4.133193307597E-2,-2.037024080266E-2,
-1.116226930050E-1));
#825=CARTESIAN_POINT('',(4.133858328283E-2,-2.014146704726E-2,
-1.116630453422E-1));
#826=CARTESIAN_POINT('',(4.133858267717E-2,-2.002686649147E-2,
-1.116832525121E-1));
#828=DIRECTION('',(0.E0,9.848077530122E-1,-1.736481776669E-1));
#829=VECTOR('',#828,1.433919933840E-2);
#830=CARTESIAN_POINT('',(4.133858267717E-2,-2.002686649147E-2,
-1.116832525121E-1));
#831=LINE('',#830,#829);
#832=CARTESIAN_POINT('',(-4.133858267717E-2,-1.968503937011E-2,
-1.097446545731E-1));
#833=DIRECTION('',(0.E0,9.848077530122E-1,-1.736481776669E-1));
#834=DIRECTION('',(0.E0,-1.736481776669E-1,-9.848077530122E-1));
#835=AXIS2_PLACEMENT_3D('',#832,#833,#834);
#837=CARTESIAN_POINT('',(-4.133858267717E-2,-5.905511811024E-3,
-1.141732283465E-1));
#838=CARTESIAN_POINT('',(-4.166919727885E-2,-5.905511811024E-3,
-1.141732283465E-1));
#839=CARTESIAN_POINT('',(-4.218414412154E-2,-5.905511811024E-3,
-1.140269459858E-1));
#840=CARTESIAN_POINT('',(-4.276285118299E-2,-5.905511811024E-3,
-1.136138092422E-1));
#841=CARTESIAN_POINT('',(-4.316630438766E-2,-5.905511811024E-3,
-1.130254186418E-1));
#842=CARTESIAN_POINT('',(-4.330708661417E-2,-5.905511811024E-3,
-1.125049716649E-1));
#843=CARTESIAN_POINT('',(-4.330708661417E-2,-5.905511811024E-3,
-1.121743570632E-1));
#845=DIRECTION('',(-8.750858382469E-8,9.848077530122E-1,-1.736481776669E-1));
#846=VECTOR('',#845,1.399209898270E-2);
#847=CARTESIAN_POINT('',(-4.330708538974E-2,-1.968503937010E-2,
-1.097446545731E-1));
#848=LINE('',#847,#846);
#849=DIRECTION('',(-3.425391093868E-8,9.848077530122E-1,1.736481776669E-1));
#850=VECTOR('',#849,1.399209898268E-2);
#851=CARTESIAN_POINT('',(-4.330708613489E-2,-1.968503937008E-2,
1.097446545731E-1));
#852=LINE('',#851,#850);
#853=DIRECTION('',(3.394901816453E-9,-7.321759015943E-14,-1.E0));
#854=VECTOR('',#853,2.194893091463E-1);
#855=CARTESIAN_POINT('',(-4.330708613489E-2,-1.968503937008E-2,
1.097446545731E-1));
#856=LINE('',#855,#854);
#857=CARTESIAN_POINT('',(-4.133858267717E-2,-1.968503937008E-2,
1.097446545731E-1));
#858=DIRECTION('',(0.E0,9.848077530122E-1,1.736481776669E-1));
#859=DIRECTION('',(-1.E0,0.E0,0.E0));
#860=AXIS2_PLACEMENT_3D('',#857,#858,#859);
#862=CARTESIAN_POINT('',(-4.330708661417E-2,-5.905511811024E-3,
1.121743570632E-1));
#863=CARTESIAN_POINT('',(-4.330708661417E-2,-5.905511811024E-3,
1.125049716649E-1));
#864=CARTESIAN_POINT('',(-4.316630438766E-2,-5.905511811024E-3,
1.130254186418E-1));
#865=CARTESIAN_POINT('',(-4.276285118299E-2,-5.905511811024E-3,
1.136138092422E-1));
#866=CARTESIAN_POINT('',(-4.218414412154E-2,-5.905511811024E-3,
1.140269459858E-1));
#867=CARTESIAN_POINT('',(-4.166919727885E-2,-5.905511811024E-3,
1.141732283465E-1));
#868=CARTESIAN_POINT('',(-4.133858267717E-2,-5.905511811024E-3,
1.141732283465E-1));
#870=DIRECTION('',(0.E0,9.848077530122E-1,1.736481776669E-1));
#871=VECTOR('',#870,1.433919933840E-2);
#872=CARTESIAN_POINT('',(-4.133858267717E-2,-2.002686649147E-2,
1.116832525121E-1));
#873=LINE('',#872,#871);
#874=DIRECTION('',(0.E0,9.848077530122E-1,1.736481776670E-1));
#875=VECTOR('',#874,1.433919933840E-2);
#876=CARTESIAN_POINT('',(4.133858267717E-2,-2.002686649147E-2,
1.116832525121E-1));
#877=LINE('',#876,#875);
#878=CARTESIAN_POINT('',(4.124886468374E-2,-2.105234266125E-2,
1.115024030848E-1));
#879=CARTESIAN_POINT('',(4.126878573692E-2,-2.093937437306E-2,
1.115223224420E-1));
#880=CARTESIAN_POINT('',(4.130196297338E-2,-2.071278659859E-2,
1.115623204356E-1));
#881=CARTESIAN_POINT('',(4.133190306362E-2,-2.037062285365E-2,
1.116226349493E-1));
#882=CARTESIAN_POINT('',(4.133858458385E-2,-2.014163419019E-2,
1.116630158703E-1));
#883=CARTESIAN_POINT('',(4.133858267717E-2,-2.002686649147E-2,
1.116832525121E-1));
#885=DIRECTION('',(-9.999999999997E-1,1.454384824797E-7,-8.207618152052E-7));
#886=VECTOR('',#885,8.249772937203E-2);
#887=CARTESIAN_POINT('',(4.124886468374E-2,-2.105234266125E-2,
1.115024030848E-1));
#888=LINE('',#887,#886);
#889=CARTESIAN_POINT('',(-4.124886468826E-2,-2.105233066291E-2,
1.115023353738E-1));
#890=CARTESIAN_POINT('',(-4.126874824127E-2,-2.093956343133E-2,
1.115222192793E-1));
#891=CARTESIAN_POINT('',(-4.130191633333E-2,-2.071325856712E-2,
1.115622698005E-1));
#892=CARTESIAN_POINT('',(-4.133193307597E-2,-2.037024080266E-2,
1.116226930050E-1));
#893=CARTESIAN_POINT('',(-4.133858328283E-2,-2.014146704726E-2,
1.116630453422E-1));
#894=CARTESIAN_POINT('',(-4.133858267717E-2,-2.002686649147E-2,
1.116832525121E-1));
#896=CARTESIAN_POINT('',(4.133858267717E-2,-1.968503937011E-2,
1.097446545731E-1));
#897=DIRECTION('',(0.E0,9.848077530122E-1,1.736481776669E-1));
#898=DIRECTION('',(0.E0,-1.736481776669E-1,9.848077530122E-1));
#899=AXIS2_PLACEMENT_3D('',#896,#897,#898);
#901=CARTESIAN_POINT('',(4.133858267717E-2,-5.905511811024E-3,
1.141732283465E-1));
#902=CARTESIAN_POINT('',(4.166919727885E-2,-5.905511811024E-3,
1.141732283465E-1));
#903=CARTESIAN_POINT('',(4.218414412154E-2,-5.905511811024E-3,
1.140269459858E-1));
#904=CARTESIAN_POINT('',(4.276285118299E-2,-5.905511811024E-3,
1.136138092422E-1));
#905=CARTESIAN_POINT('',(4.316630438766E-2,-5.905511811024E-3,
1.130254186418E-1));
#906=CARTESIAN_POINT('',(4.330708661417E-2,-5.905511811024E-3,
1.125049716649E-1));
#907=CARTESIAN_POINT('',(4.330708661417E-2,-5.905511811024E-3,
1.121743570632E-1));
#909=DIRECTION('',(3.425391044277E-8,9.848077530122E-1,-1.736481776669E-1));
#910=VECTOR('',#909,1.399209898268E-2);
#911=CARTESIAN_POINT('',(4.330708613489E-2,-1.968503937008E-2,
-1.097446545731E-1));
#912=LINE('',#911,#910);
#913=DIRECTION('',(-3.394901848067E-9,-7.321759015943E-14,1.E0));
#914=VECTOR('',#913,2.194893091463E-1);
#915=CARTESIAN_POINT('',(4.330708613489E-2,-1.968503937008E-2,
-1.097446545731E-1));
#916=LINE('',#915,#914);
#917=DIRECTION('',(8.750858382469E-8,9.848077530122E-1,1.736481776669E-1));
#918=VECTOR('',#917,1.399209898270E-2);
#919=CARTESIAN_POINT('',(4.330708538974E-2,-1.968503937010E-2,
1.097446545731E-1));
#920=LINE('',#919,#918);
#921=CARTESIAN_POINT('',(4.133858267717E-2,-1.968503937008E-2,
-1.097446545731E-1));
#922=DIRECTION('',(0.E0,9.848077530122E-1,-1.736481776669E-1));
#923=DIRECTION('',(1.E0,0.E0,0.E0));
#924=AXIS2_PLACEMENT_3D('',#921,#922,#923);
#926=CARTESIAN_POINT('',(4.330708661417E-2,-5.905511811024E-3,
-1.121743570632E-1));
#927=CARTESIAN_POINT('',(4.330708661417E-2,-5.905511811024E-3,
-1.125049716649E-1));
#928=CARTESIAN_POINT('',(4.316630438766E-2,-5.905511811024E-3,
-1.130254186418E-1));
#929=CARTESIAN_POINT('',(4.276285118299E-2,-5.905511811024E-3,
-1.136138092422E-1));
#930=CARTESIAN_POINT('',(4.218414412154E-2,-5.905511811024E-3,
-1.140269459858E-1));
#931=CARTESIAN_POINT('',(4.166919727885E-2,-5.905511811024E-3,
-1.141732283465E-1));
#932=CARTESIAN_POINT('',(4.133858267717E-2,-5.905511811024E-3,
-1.141732283465E-1));
#934=CARTESIAN_POINT('',(4.124886463247E-2,-2.071052060486E-2,
-1.095638345632E-1));
#935=DIRECTION('',(1.710878520356E-1,9.702875282765E-1,-1.710878702801E-1));
#936=DIRECTION('',(9.848077561191E-1,-1.736481600466E-1,-1.981252051309E-9));
#937=AXIS2_PLACEMENT_3D('',#934,#935,#936);
#939=CARTESIAN_POINT('',(4.318739593627E-2,-2.105233607562E-2,
-1.095638345389E-1));
#940=CARTESIAN_POINT('',(4.321390564116E-2,-2.090199085035E-2,
-1.095837169835E-1));
#941=CARTESIAN_POINT('',(4.325827874880E-2,-2.059976245134E-2,
-1.096236873239E-1));
#942=CARTESIAN_POINT('',(4.329818676683E-2,-2.014322373844E-2,
-1.096840624302E-1));
#943=CARTESIAN_POINT('',(4.330708648728E-2,-1.983778067913E-2,
-1.097244545420E-1));
#944=CARTESIAN_POINT('',(4.330708613489E-2,-1.968503937008E-2,
-1.097446545731E-1));
#946=CARTESIAN_POINT('',(3.543307086614E-2,-2.755905511811E-2,
-1.037480407234E-1));
#947=CARTESIAN_POINT('',(3.584801681110E-2,-2.755877552454E-2,
-1.040597877726E-1));
#948=CARTESIAN_POINT('',(3.666896394404E-2,-2.749380343716E-2,
-1.046748822360E-1));
#949=CARTESIAN_POINT('',(3.785801868278E-2,-2.720898827372E-2,
-1.055667638772E-1));
#950=CARTESIAN_POINT('',(3.896933381018E-2,-2.675344051699E-2,
-1.064001935030E-1));
#951=CARTESIAN_POINT('',(3.996965755250E-2,-2.615468923610E-2,
-1.071506143775E-1));
#952=CARTESIAN_POINT('',(4.084143926522E-2,-2.544312072791E-2,
-1.078042683158E-1));
#953=CARTESIAN_POINT('',(4.157724241937E-2,-2.464746432666E-2,
-1.083561376688E-1));
#954=CARTESIAN_POINT('',(4.217718577472E-2,-2.379211255770E-2,
-1.088061180375E-1));
#955=CARTESIAN_POINT('',(4.264501379955E-2,-2.289692170419E-2,
-1.091570592234E-1));
#956=CARTESIAN_POINT('',(4.298598850269E-2,-2.197960118520E-2,
-1.094125502091E-1));
#957=CARTESIAN_POINT('',(4.313299451170E-2,-2.136058241607E-2,
-1.095229887073E-1));
#958=CARTESIAN_POINT('',(4.318739593627E-2,-2.105233607562E-2,
-1.095638345389E-1));
#960=CARTESIAN_POINT('',(3.543307086614E-2,-2.755905511811E-2,
1.037480407234E-1));
#961=CARTESIAN_POINT('',(3.584840338680E-2,-2.755879096596E-2,
1.040600573985E-1));
#962=CARTESIAN_POINT('',(3.667011240040E-2,-2.749367886494E-2,
1.046756824420E-1));
#963=CARTESIAN_POINT('',(3.786029505015E-2,-2.720831423101E-2,
1.055684701400E-1));
#964=CARTESIAN_POINT('',(3.897238832430E-2,-2.675197653487E-2,
1.064024345692E-1));
#965=CARTESIAN_POINT('',(3.997355298367E-2,-2.615203103455E-2,
1.071533799755E-1));
#966=CARTESIAN_POINT('',(4.084566346724E-2,-2.543920666847E-2,
1.078073984982E-1));
#967=CARTESIAN_POINT('',(4.158111791534E-2,-2.464263340408E-2,
1.083589192948E-1));
#968=CARTESIAN_POINT('',(4.217962331744E-2,-2.378793382474E-2,
1.088079391892E-1));
#969=CARTESIAN_POINT('',(4.264582953554E-2,-2.289477722337E-2,
1.091576935620E-1));
#970=CARTESIAN_POINT('',(4.298593150764E-2,-2.197970361259E-2,
1.094123318810E-1));
#971=CARTESIAN_POINT('',(4.313288055115E-2,-2.136079760808E-2,
1.095229893193E-1));
#972=CARTESIAN_POINT('',(4.318739262466E-2,-2.105233546139E-2,
1.095638345465E-1));
#974=CARTESIAN_POINT('',(4.318739262466E-2,-2.105233546139E-2,
1.095638345465E-1));
#975=CARTESIAN_POINT('',(4.321390993795E-2,-2.090195415089E-2,
1.095837229290E-1));
#976=CARTESIAN_POINT('',(4.325828985101E-2,-2.059967733658E-2,
1.096236988195E-1));
#977=CARTESIAN_POINT('',(4.329818822488E-2,-2.014317664138E-2,
1.096840678634E-1));
#978=CARTESIAN_POINT('',(4.330708655326E-2,-1.983776071549E-2,
1.097244567989E-1));
#979=CARTESIAN_POINT('',(4.330708538974E-2,-1.968503937010E-2,
1.097446545731E-1));
#981=CARTESIAN_POINT('',(-3.543307086614E-2,-2.755905511811E-2,
-1.037480407234E-1));
#982=CARTESIAN_POINT('',(-3.574484354418E-2,-2.755879117252E-2,
-1.041630484541E-1));
#983=CARTESIAN_POINT('',(-3.636004856141E-2,-2.749378056075E-2,
-1.049841230709E-1));
#984=CARTESIAN_POINT('',(-3.725217850726E-2,-2.720884578112E-2,
-1.061734933779E-1));
#985=CARTESIAN_POINT('',(-3.808583083635E-2,-2.675306090565E-2,
-1.072851167052E-1));
#986=CARTESIAN_POINT('',(-3.883661472956E-2,-2.615383116371E-2,
-1.082859141373E-1));
#987=CARTESIAN_POINT('',(-3.949054097915E-2,-2.544157023925E-2,
-1.091581088468E-1));
#988=CARTESIAN_POINT('',(-4.004255983950E-2,-2.464525158188E-2,
-1.098940135849E-1));
#989=CARTESIAN_POINT('',(-4.049209902070E-2,-2.378986403551E-2,
-1.104934812426E-1));
#990=CARTESIAN_POINT('',(-4.084253730250E-2,-2.289562448758E-2,
-1.109605046339E-1));
#991=CARTESIAN_POINT('',(-4.109753601823E-2,-2.197927330522E-2,
-1.113010124978E-1));
#992=CARTESIAN_POINT('',(-4.120802836347E-2,-2.136053914668E-2,
-1.114479999134E-1));
#993=CARTESIAN_POINT('',(-4.124886468374E-2,-2.105234266125E-2,
-1.115024030848E-1));
#995=CARTESIAN_POINT('',(3.543307086614E-2,-2.755905511811E-2,
-1.037480407234E-1));
#996=CARTESIAN_POINT('',(3.574519941875E-2,-2.755877518239E-2,
-1.041634944625E-1));
#997=CARTESIAN_POINT('',(3.636096341504E-2,-2.749364492904E-2,
-1.049854243377E-1));
#998=CARTESIAN_POINT('',(3.725388489007E-2,-2.720816008358E-2,
-1.061757609972E-1));
#999=CARTESIAN_POINT('',(3.808777110437E-2,-2.675172918335E-2,
-1.072878188566E-1));
#1000=CARTESIAN_POINT('',(3.883836427808E-2,-2.615206934862E-2,
-1.082883948072E-1));
#1001=CARTESIAN_POINT('',(3.949169618099E-2,-2.543996688128E-2,
-1.091597342685E-1));
#1002=CARTESIAN_POINT('',(4.004274405045E-2,-2.464460492891E-2,
-1.098944321527E-1));
#1003=CARTESIAN_POINT('',(4.049175594434E-2,-2.379049922877E-2,
-1.104930551475E-1));
#1004=CARTESIAN_POINT('',(4.084218961322E-2,-2.289657121748E-2,
-1.109600586180E-1));
#1005=CARTESIAN_POINT('',(4.109725616980E-2,-2.198044632699E-2,
-1.113007271453E-1));
#1006=CARTESIAN_POINT('',(4.120796832344E-2,-2.136101531305E-2,
-1.114477929732E-1));
#1007=CARTESIAN_POINT('',(4.124886468826E-2,-2.105233066291E-2,
-1.115023353738E-1));
#1009=CARTESIAN_POINT('',(-4.124886052339E-2,-2.071051992085E-2,
-1.095638346838E-1));
#1010=DIRECTION('',(-1.710878978375E-1,9.702875204439E-1,-1.710878688990E-1));
#1011=DIRECTION('',(-2.122027478235E-6,-1.736485405547E-1,-9.848076890230E-1));
#1012=AXIS2_PLACEMENT_3D('',#1009,#1010,#1011);
#1014=CARTESIAN_POINT('',(-4.318739262466E-2,-2.105233546139E-2,
-1.095638345465E-1));
#1015=CARTESIAN_POINT('',(-4.321390993795E-2,-2.090195415089E-2,
-1.095837229290E-1));
#1016=CARTESIAN_POINT('',(-4.325828985101E-2,-2.059967733658E-2,
-1.096236988195E-1));
#1017=CARTESIAN_POINT('',(-4.329818822488E-2,-2.014317664138E-2,
-1.096840678634E-1));
#1018=CARTESIAN_POINT('',(-4.330708655326E-2,-1.983776071549E-2,
-1.097244567989E-1));
#1019=CARTESIAN_POINT('',(-4.330708538974E-2,-1.968503937010E-2,
-1.097446545731E-1));
#1021=CARTESIAN_POINT('',(-4.318739593627E-2,-2.105233607562E-2,
1.095638345389E-1));
#1022=CARTESIAN_POINT('',(-4.321390564116E-2,-2.090199085035E-2,
1.095837169835E-1));
#1023=CARTESIAN_POINT('',(-4.325827874880E-2,-2.059976245134E-2,
1.096236873239E-1));
#1024=CARTESIAN_POINT('',(-4.329818676683E-2,-2.014322373844E-2,
1.096840624302E-1));
#1025=CARTESIAN_POINT('',(-4.330708648728E-2,-1.983778067913E-2,
1.097244545420E-1));
#1026=CARTESIAN_POINT('',(-4.330708613489E-2,-1.968503937008E-2,
1.097446545731E-1));
#1028=CARTESIAN_POINT('',(-3.543307086614E-2,-2.755905511811E-2,
1.037480407234E-1));
#1029=CARTESIAN_POINT('',(-3.584801681110E-2,-2.755877552454E-2,
1.040597877726E-1));
#1030=CARTESIAN_POINT('',(-3.666896394404E-2,-2.749380343716E-2,
1.046748822360E-1));
#1031=CARTESIAN_POINT('',(-3.785801868278E-2,-2.720898827372E-2,
1.055667638772E-1));
#1032=CARTESIAN_POINT('',(-3.896933381018E-2,-2.675344051699E-2,
1.064001935030E-1));
#1033=CARTESIAN_POINT('',(-3.996965755250E-2,-2.615468923610E-2,
1.071506143775E-1));
#1034=CARTESIAN_POINT('',(-4.084143926522E-2,-2.544312072791E-2,
1.078042683158E-1));
#1035=CARTESIAN_POINT('',(-4.157724241937E-2,-2.464746432666E-2,
1.083561376688E-1));
#1036=CARTESIAN_POINT('',(-4.217718577472E-2,-2.379211255770E-2,
1.088061180375E-1));
#1037=CARTESIAN_POINT('',(-4.264501379955E-2,-2.289692170419E-2,
1.091570592234E-1));
#1038=CARTESIAN_POINT('',(-4.298598850269E-2,-2.197960118520E-2,
1.094125502091E-1));
#1039=CARTESIAN_POINT('',(-4.313299451170E-2,-2.136058241607E-2,
1.095229887073E-1));
#1040=CARTESIAN_POINT('',(-4.318739593627E-2,-2.105233607562E-2,
1.095638345389E-1));
#1042=CARTESIAN_POINT('',(-3.543307086614E-2,-2.755905511811E-2,
-1.037480407234E-1));
#1043=CARTESIAN_POINT('',(-3.584840338680E-2,-2.755879096596E-2,
-1.040600573985E-1));
#1044=CARTESIAN_POINT('',(-3.667011240039E-2,-2.749367886494E-2,
-1.046756824420E-1));
#1045=CARTESIAN_POINT('',(-3.786029505015E-2,-2.720831423101E-2,
-1.055684701400E-1));
#1046=CARTESIAN_POINT('',(-3.897238832430E-2,-2.675197653487E-2,
-1.064024345692E-1));
#1047=CARTESIAN_POINT('',(-3.997355298367E-2,-2.615203103455E-2,
-1.071533799755E-1));
#1048=CARTESIAN_POINT('',(-4.084566346724E-2,-2.543920666847E-2,
-1.078073984982E-1));
#1049=CARTESIAN_POINT('',(-4.158111791534E-2,-2.464263340408E-2,
-1.083589192948E-1));
#1050=CARTESIAN_POINT('',(-4.217962331744E-2,-2.378793382474E-2,
-1.088079391892E-1));
#1051=CARTESIAN_POINT('',(-4.264582953554E-2,-2.289477722337E-2,
-1.091576935620E-1));
#1052=CARTESIAN_POINT('',(-4.298593150764E-2,-2.197970361259E-2,
-1.094123318810E-1));
#1053=CARTESIAN_POINT('',(-4.313288055115E-2,-2.136079760808E-2,
-1.095229893193E-1));
#1054=CARTESIAN_POINT('',(-4.318739262466E-2,-2.105233546139E-2,
-1.095638345465E-1));
#1056=CARTESIAN_POINT('',(-4.124886463247E-2,-2.071052060486E-2,
1.095638345632E-1));
#1057=DIRECTION('',(-1.710878520356E-1,9.702875282765E-1,1.710878702801E-1));
#1058=DIRECTION('',(-9.848077561191E-1,-1.736481600466E-1,1.981266151141E-9));
#1059=AXIS2_PLACEMENT_3D('',#1056,#1057,#1058);
#1061=CARTESIAN_POINT('',(-3.543307086614E-2,-2.755905511811E-2,
1.037480407234E-1));
#1062=CARTESIAN_POINT('',(-3.574519941875E-2,-2.755877518239E-2,
1.041634944625E-1));
#1063=CARTESIAN_POINT('',(-3.636096341504E-2,-2.749364492904E-2,
1.049854243377E-1));
#1064=CARTESIAN_POINT('',(-3.725388489007E-2,-2.720816008358E-2,
1.061757609972E-1));
#1065=CARTESIAN_POINT('',(-3.808777110437E-2,-2.675172918335E-2,
1.072878188566E-1));
#1066=CARTESIAN_POINT('',(-3.883836427808E-2,-2.615206934862E-2,
1.082883948072E-1));
#1067=CARTESIAN_POINT('',(-3.949169618099E-2,-2.543996688128E-2,
1.091597342685E-1));
#1068=CARTESIAN_POINT('',(-4.004274405045E-2,-2.464460492891E-2,
1.098944321527E-1));
#1069=CARTESIAN_POINT('',(-4.049175594434E-2,-2.379049922877E-2,
1.104930551475E-1));
#1070=CARTESIAN_POINT('',(-4.084218961322E-2,-2.289657121748E-2,
1.109600586180E-1));
#1071=CARTESIAN_POINT('',(-4.109725616980E-2,-2.198044632699E-2,
1.113007271453E-1));
#1072=CARTESIAN_POINT('',(-4.120796832344E-2,-2.136101531305E-2,
1.114477929732E-1));
#1073=CARTESIAN_POINT('',(-4.124886468826E-2,-2.105233066291E-2,
1.115023353738E-1));
#1075=CARTESIAN_POINT('',(3.543307086614E-2,-2.755905511811E-2,
1.037480407234E-1));
#1076=CARTESIAN_POINT('',(3.574484354418E-2,-2.755879117252E-2,
1.041630484541E-1));
#1077=CARTESIAN_POINT('',(3.636004856141E-2,-2.749378056075E-2,
1.049841230709E-1));
#1078=CARTESIAN_POINT('',(3.725217850726E-2,-2.720884578112E-2,
1.061734933779E-1));
#1079=CARTESIAN_POINT('',(3.808583083635E-2,-2.675306090565E-2,
1.072851167052E-1));
#1080=CARTESIAN_POINT('',(3.883661472956E-2,-2.615383116371E-2,
1.082859141373E-1));
#1081=CARTESIAN_POINT('',(3.949054097915E-2,-2.544157023925E-2,
1.091581088468E-1));
#1082=CARTESIAN_POINT('',(4.004255983950E-2,-2.464525158188E-2,
1.098940135849E-1));
#1083=CARTESIAN_POINT('',(4.049209902070E-2,-2.378986403551E-2,
1.104934812426E-1));
#1084=CARTESIAN_POINT('',(4.084253730250E-2,-2.289562448758E-2,
1.109605046339E-1));
#1085=CARTESIAN_POINT('',(4.109753601823E-2,-2.197927330522E-2,
1.113010124978E-1));
#1086=CARTESIAN_POINT('',(4.120802836347E-2,-2.136053914668E-2,
1.114479999134E-1));
#1087=CARTESIAN_POINT('',(4.124886468374E-2,-2.105234266125E-2,
1.115024030848E-1));
#1089=CARTESIAN_POINT('',(4.124886052339E-2,-2.071051992085E-2,
1.095638346838E-1));
#1090=DIRECTION('',(1.710878978375E-1,9.702875204439E-1,1.710878688990E-1));
#1091=DIRECTION('',(2.122027478235E-6,-1.736485405547E-1,9.848076890230E-1));
#1092=AXIS2_PLACEMENT_3D('',#1089,#1090,#1091);
#1094=DIRECTION('',(1.E0,0.E0,0.E0));
#1095=VECTOR('',#1094,7.086614173228E-2);
#1096=CARTESIAN_POINT('',(-3.543307086614E-2,-2.755905511811E-2,
-1.037480407234E-1));
#1097=LINE('',#1096,#1095);
#1098=DIRECTION('',(0.E0,0.E0,-1.E0));
#1099=VECTOR('',#1098,2.074960814468E-1);
#1100=CARTESIAN_POINT('',(-3.543307086614E-2,-2.755905511811E-2,
1.037480407234E-1));
#1101=LINE('',#1100,#1099);
#1102=DIRECTION('',(-1.E0,0.E0,0.E0));
#1103=VECTOR('',#1102,7.086614173228E-2);
#1104=CARTESIAN_POINT('',(3.543307086614E-2,-2.755905511811E-2,
1.037480407234E-1));
#1105=LINE('',#1104,#1103);
#1106=DIRECTION('',(0.E0,0.E0,1.E0));
#1107=VECTOR('',#1106,2.074960814468E-1);
#1108=CARTESIAN_POINT('',(3.543307086614E-2,-2.755905511811E-2,
-1.037480407234E-1));
#1109=LINE('',#1108,#1107);
#1110=DIRECTION('',(0.E0,0.E0,-1.E0));
#1111=VECTOR('',#1110,5.905511811024E-3);
#1112=CARTESIAN_POINT('',(3.543307086614E-2,1.968503937008E-3,
1.102362204724E-1));
#1113=LINE('',#1112,#1111);
#1114=DIRECTION('',(0.E0,0.E0,-1.E0));
#1115=VECTOR('',#1114,5.905511811024E-3);
#1116=CARTESIAN_POINT('',(3.543307086614E-2,1.968503937008E-3,
-1.043307086614E-1));
#1117=LINE('',#1116,#1115);
#1118=DIRECTION('',(0.E0,1.E0,0.E0));
#1119=VECTOR('',#1118,1.968503937008E-3);
#1120=CARTESIAN_POINT('',(3.543307086614E-2,0.E0,1.102362204724E-1));
#1121=LINE('',#1120,#1119);
#1122=CARTESIAN_POINT('',(4.527559055118E-2,1.968503937008E-3,
-1.181102362205E-1));
#1123=CARTESIAN_POINT('',(4.560406418967E-2,1.968503937008E-3,
-1.181102362205E-1));
#1124=CARTESIAN_POINT('',(4.611800810832E-2,1.968503937008E-3,
-1.179672328621E-1));
#1125=CARTESIAN_POINT('',(4.669703833300E-2,1.968503937008E-3,
-1.175608421713E-1));
#1126=CARTESIAN_POINT('',(4.710193797390E-2,1.968503937008E-3,
-1.169803208967E-1));
#1127=CARTESIAN_POINT('',(4.724409448819E-2,1.968503937008E-3,
-1.164655301340E-1));
#1128=CARTESIAN_POINT('',(4.724409448819E-2,1.968503937008E-3,
-1.161370564956E-1));
#1130=DIRECTION('',(-1.E0,0.E0,0.E0));
#1131=VECTOR('',#1130,9.055118110236E-2);
#1132=CARTESIAN_POINT('',(4.527559055118E-2,1.968503937008E-3,
-1.181102362205E-1));
#1133=LINE('',#1132,#1131);
#1134=CARTESIAN_POINT('',(-4.724409448819E-2,1.968503937008E-3,
-1.161370564956E-1));
#1135=CARTESIAN_POINT('',(-4.724409448819E-2,1.968503937008E-3,
-1.164655301340E-1));
#1136=CARTESIAN_POINT('',(-4.710193797390E-2,1.968503937008E-3,
-1.169803208967E-1));
#1137=CARTESIAN_POINT('',(-4.669703833300E-2,1.968503937008E-3,
-1.175608421713E-1));
#1138=CARTESIAN_POINT('',(-4.611800810832E-2,1.968503937008E-3,
-1.179672328621E-1));
#1139=CARTESIAN_POINT('',(-4.560406418967E-2,1.968503937008E-3,
-1.181102362205E-1));
#1140=CARTESIAN_POINT('',(-4.527559055118E-2,1.968503937008E-3,
-1.181102362205E-1));
#1142=DIRECTION('',(0.E0,0.E0,1.E0));
#1143=VECTOR('',#1142,2.322741129911E-1);
#1144=CARTESIAN_POINT('',(-4.724409448819E-2,1.968503937008E-3,
-1.161370564956E-1));
#1145=LINE('',#1144,#1143);
#1146=CARTESIAN_POINT('',(-4.527559055118E-2,1.968503937008E-3,
1.181102362205E-1));
#1147=CARTESIAN_POINT('',(-4.560406418967E-2,1.968503937008E-3,
1.181102362205E-1));
#1148=CARTESIAN_POINT('',(-4.611800810832E-2,1.968503937008E-3,
1.179672328621E-1));
#1149=CARTESIAN_POINT('',(-4.669703833300E-2,1.968503937008E-3,
1.175608421713E-1));
#1150=CARTESIAN_POINT('',(-4.710193797390E-2,1.968503937008E-3,
1.169803208967E-1));
#1151=CARTESIAN_POINT('',(-4.724409448819E-2,1.968503937008E-3,
1.164655301340E-1));
#1152=CARTESIAN_POINT('',(-4.724409448819E-2,1.968503937008E-3,
1.161370564956E-1));
#1154=CARTESIAN_POINT('',(4.724409448819E-2,1.968503937008E-3,
1.161370564956E-1));
#1155=CARTESIAN_POINT('',(4.724409448819E-2,1.968503937008E-3,
1.164655301340E-1));
#1156=CARTESIAN_POINT('',(4.710193797390E-2,1.968503937008E-3,
1.169803208967E-1));
#1157=CARTESIAN_POINT('',(4.669703833300E-2,1.968503937008E-3,
1.175608421713E-1));
#1158=CARTESIAN_POINT('',(4.611800810832E-2,1.968503937008E-3,
1.179672328621E-1));
#1159=CARTESIAN_POINT('',(4.560406418967E-2,1.968503937008E-3,
1.181102362205E-1));
#1160=CARTESIAN_POINT('',(4.527559055118E-2,1.968503937008E-3,
1.181102362205E-1));
#1162=DIRECTION('',(0.E0,0.E0,-1.E0));
#1163=VECTOR('',#1162,2.322741129911E-1);
#1164=CARTESIAN_POINT('',(4.724409448819E-2,1.968503937008E-3,
1.161370564956E-1));
#1165=LINE('',#1164,#1163);
#1166=DIRECTION('',(-1.E0,0.E0,0.E0));
#1167=VECTOR('',#1166,3.937007874016E-3);
#1168=CARTESIAN_POINT('',(-3.543307086614E-2,1.968503937008E-3,
1.043307086614E-1));
#1169=LINE('',#1168,#1167);
#1170=DIRECTION('',(-1.E0,0.E0,1.057487430955E-14));
#1171=VECTOR('',#1170,3.937007874016E-3);
#1172=CARTESIAN_POINT('',(3.937007874016E-2,1.968503937008E-3,
1.043307086614E-1));
#1173=LINE('',#1172,#1171);
#1174=CARTESIAN_POINT('',(4.724409448819E-2,4.330708661417E-2,
-1.132861197592E-1));
#1175=CARTESIAN_POINT('',(4.724409448819E-2,4.330708661417E-2,
-1.136145933977E-1));
#1176=CARTESIAN_POINT('',(4.710193797390E-2,4.330708661417E-2,
-1.141293841604E-1));
#1177=CARTESIAN_POINT('',(4.669703833300E-2,4.330708661417E-2,
-1.147099054350E-1));
#1178=CARTESIAN_POINT('',(4.611800810832E-2,4.330708661417E-2,
-1.151162961258E-1));
#1179=CARTESIAN_POINT('',(4.560406418967E-2,4.330708661417E-2,
-1.152592994841E-1));
#1180=CARTESIAN_POINT('',(4.527559055118E-2,4.330708661417E-2,
-1.152592994841E-1));
#1182=DIRECTION('',(0.E0,9.976303284230E-1,6.880209161538E-2));
#1183=VECTOR('',#1182,4.143677422329E-2);
#1184=CARTESIAN_POINT('',(4.724409448819E-2,1.968503937008E-3,
-1.161370564956E-1));
#1185=LINE('',#1184,#1183);
#1186=DIRECTION('',(0.E0,-9.976303284230E-1,6.880209161538E-2));
#1187=VECTOR('',#1186,5.524903229771E-2);
#1188=CARTESIAN_POINT('',(4.724409448819E-2,5.708661417323E-2,
1.123358075137E-1));
#1189=LINE('',#1188,#1187);
#1190=DIRECTION('',(0.E0,0.E0,1.E0));
#1191=VECTOR('',#1190,1.961940752303E-1);
#1192=CARTESIAN_POINT('',(4.724409448819E-2,5.708661417323E-2,
-8.385826771654E-2));
#1193=LINE('',#1192,#1191);
#1194=DIRECTION('',(0.E0,-1.E0,0.E0));
#1195=VECTOR('',#1194,1.377952755906E-2);
#1196=CARTESIAN_POINT('',(4.724409448819E-2,5.708661417323E-2,
-8.385826771654E-2));
#1197=LINE('',#1196,#1195);
#1198=DIRECTION('',(0.E0,0.E0,-1.E0));
#1199=VECTOR('',#1198,2.942785204266E-2);
#1200=CARTESIAN_POINT('',(4.724409448819E-2,4.330708661417E-2,
-8.385826771654E-2));
#1201=LINE('',#1200,#1199);
#1202=DIRECTION('',(0.E0,-9.976303284230E-1,6.880209161538E-2));
#1203=VECTOR('',#1202,5.538479118992E-2);
#1204=CARTESIAN_POINT('',(4.527559055118E-2,5.722205136145E-2,
1.142996467429E-1));
#1205=LINE('',#1204,#1203);
#1206=DIRECTION('',(-1.E0,0.E0,0.E0));
#1207=VECTOR('',#1206,9.055118110236E-2);
#1208=CARTESIAN_POINT('',(4.527559055118E-2,1.968503937008E-3,
1.181102362205E-1));
#1209=LINE('',#1208,#1207);
#1210=DIRECTION('',(0.E0,9.976303284230E-1,-6.880209161538E-2));
#1211=VECTOR('',#1210,4.143677422329E-2);
#1212=CARTESIAN_POINT('',(-4.527559055118E-2,1.968503937008E-3,
1.181102362205E-1));
#1213=LINE('',#1212,#1211);
#1214=DIRECTION('',(-1.E0,0.E0,0.E0));
#1215=VECTOR('',#1214,2.943252783057E-2);
#1216=CARTESIAN_POINT('',(-1.584306272061E-2,4.330708661417E-2,
1.152592994841E-1));
#1217=LINE('',#1216,#1215);
#1218=DIRECTION('',(6.863982230546E-2,-9.952774234291E-1,6.863982230546E-2));
#1219=VECTOR('',#1218,1.398099104804E-2);
#1220=CARTESIAN_POINT('',(-1.680271546180E-2,5.722205136145E-2,
1.142996467429E-1));
#1221=LINE('',#1220,#1219);
#1222=DIRECTION('',(1.E0,0.E0,0.E0));
#1223=VECTOR('',#1222,6.207830601298E-2);
#1224=CARTESIAN_POINT('',(-1.680271546180E-2,5.722205136145E-2,
1.142996467429E-1));
#1225=LINE('',#1224,#1223);
#1226=CARTESIAN_POINT('',(-4.724409448819E-2,4.330708661417E-2,
1.132861197592E-1));
#1227=CARTESIAN_POINT('',(-4.724409448819E-2,4.330708661417E-2,
1.136145933977E-1));
#1228=CARTESIAN_POINT('',(-4.710193797390E-2,4.330708661417E-2,
1.141293841604E-1));
#1229=CARTESIAN_POINT('',(-4.669703833300E-2,4.330708661417E-2,
1.147099054350E-1));
#1230=CARTESIAN_POINT('',(-4.611800810832E-2,4.330708661417E-2,
1.151162961258E-1));
#1231=CARTESIAN_POINT('',(-4.560406418967E-2,4.330708661417E-2,
1.152592994841E-1));
#1232=CARTESIAN_POINT('',(-4.527559055118E-2,4.330708661417E-2,
1.152592994841E-1));
#1234=DIRECTION('',(-7.071067811865E-1,0.E0,-7.071067811865E-1));
#1235=VECTOR('',#1234,4.440776499822E-2);
#1236=CARTESIAN_POINT('',(-1.584306272061E-2,4.330708661417E-2,
1.152592994841E-1));
#1237=LINE('',#1236,#1235);
#1238=DIRECTION('',(0.E0,-9.976303284230E-1,-6.880209161538E-2));
#1239=VECTOR('',#1238,5.524903229771E-2);
#1240=CARTESIAN_POINT('',(-4.724409448819E-2,5.708661417323E-2,
-1.123358075137E-1));
#1241=LINE('',#1240,#1239);
#1242=DIRECTION('',(0.E0,0.E0,-1.E0));
#1243=VECTOR('',#1242,1.961940752303E-1);
#1244=CARTESIAN_POINT('',(-4.724409448819E-2,5.708661417323E-2,
8.385826771654E-2));
#1245=LINE('',#1244,#1243);
#1246=DIRECTION('',(0.E0,-1.E0,0.E0));
#1247=VECTOR('',#1246,1.377952755906E-2);
#1248=CARTESIAN_POINT('',(-4.724409448819E-2,5.708661417323E-2,
8.385826771654E-2));
#1249=LINE('',#1248,#1247);
#1250=DIRECTION('',(0.E0,0.E0,1.E0));
#1251=VECTOR('',#1250,2.942785204266E-2);
#1252=CARTESIAN_POINT('',(-4.724409448819E-2,4.330708661417E-2,
8.385826771654E-2));
#1253=LINE('',#1252,#1251);
#1254=DIRECTION('',(0.E0,9.976303284230E-1,-6.880209161538E-2));
#1255=VECTOR('',#1254,4.143677422329E-2);
#1256=CARTESIAN_POINT('',(-4.724409448819E-2,1.968503937008E-3,
1.161370564956E-1));
#1257=LINE('',#1256,#1255);
#1258=DIRECTION('',(0.E0,9.976303284230E-1,6.880209161538E-2));
#1259=VECTOR('',#1258,4.143677422329E-2);
#1260=CARTESIAN_POINT('',(4.527559055118E-2,1.968503937008E-3,
-1.181102362205E-1));
#1261=LINE('',#1260,#1259);
#1262=DIRECTION('',(-1.E0,0.E0,0.E0));
#1263=VECTOR('',#1262,2.943252783057E-2);
#1264=CARTESIAN_POINT('',(4.527559055118E-2,4.330708661417E-2,
-1.152592994841E-1));
#1265=LINE('',#1264,#1263);
#1266=DIRECTION('',(-6.863982230546E-2,-9.952774234291E-1,-6.863982230546E-2));
#1267=VECTOR('',#1266,1.398099104804E-2);
#1268=CARTESIAN_POINT('',(1.680271546180E-2,5.722205136145E-2,
-1.142996467429E-1));
#1269=LINE('',#1268,#1267);
#1270=DIRECTION('',(1.E0,0.E0,0.E0));
#1271=VECTOR('',#1270,6.207830601298E-2);
#1272=CARTESIAN_POINT('',(-4.527559055118E-2,5.722205136145E-2,
-1.142996467429E-1));
#1273=LINE('',#1272,#1271);
#1274=DIRECTION('',(0.E0,-9.976303284230E-1,-6.880209161538E-2));
#1275=VECTOR('',#1274,5.538479118992E-2);
#1276=CARTESIAN_POINT('',(-4.527559055118E-2,5.722205136145E-2,
-1.142996467429E-1));
#1277=LINE('',#1276,#1275);
#1278=CARTESIAN_POINT('',(1.680271546180E-2,5.722205136145E-2,
-1.142996467429E-1));
#1279=CARTESIAN_POINT('',(1.681541460137E-2,5.740618888516E-2,
-1.142869476034E-1));
#1280=CARTESIAN_POINT('',(1.688344991344E-2,5.770799897979E-2,
-1.142189122913E-1));
#1281=CARTESIAN_POINT('',(1.710023450032E-2,5.818579780314E-2,
-1.140021277044E-1));
#1282=CARTESIAN_POINT('',(1.747562534165E-2,5.862028611182E-2,
-1.136267368631E-1));
#1283=CARTESIAN_POINT('',(1.804422177743E-2,5.895752855103E-2,
-1.130581404273E-1));
#1284=CARTESIAN_POINT('',(1.850490926705E-2,5.905511811024E-2,
-1.125974529377E-1));
#1285=CARTESIAN_POINT('',(1.876655469098E-2,5.905511811024E-2,
-1.123358075137E-1));
#1287=DIRECTION('',(7.071067811865E-1,0.E0,7.071067811865E-1));
#1288=VECTOR('',#1287,4.440776499822E-2);
#1289=CARTESIAN_POINT('',(1.584306272061E-2,4.330708661417E-2,
-1.152592994841E-1));
#1290=LINE('',#1289,#1288);
#1291=CARTESIAN_POINT('',(4.724409448819E-2,5.708661417323E-2,
-8.385826771654E-2));
#1292=CARTESIAN_POINT('',(4.724409448819E-2,5.728463037749E-2,
-8.385826771654E-2));
#1293=CARTESIAN_POINT('',(4.719076409722E-2,5.760524222381E-2,
-8.391159810751E-2));
#1294=CARTESIAN_POINT('',(4.699005964577E-2,5.811346808360E-2,
-8.411230255895E-2));
#1295=CARTESIAN_POINT('',(4.661868626961E-2,5.857834783964E-2,
-8.448367593512E-2));
#1296=CARTESIAN_POINT('',(4.603776013608E-2,5.894489144845E-2,
-8.506460206864E-2));
#1297=CARTESIAN_POINT('',(4.555562775282E-2,5.905511811024E-2,
-8.554673445191E-2));
#1298=CARTESIAN_POINT('',(4.527559055118E-2,5.905511811024E-2,
-8.582677165354E-2));
#1300=DIRECTION('',(0.E0,0.E0,-1.E0));
#1301=VECTOR('',#1300,1.981625791673E-1);
#1302=CARTESIAN_POINT('',(-4.527559055118E-2,5.905511811024E-2,
8.582677165354E-2));
#1303=LINE('',#1302,#1301);
#1304=DIRECTION('',(1.E0,0.E0,0.E0));
#1305=VECTOR('',#1304,6.404214524216E-2);
#1306=CARTESIAN_POINT('',(-4.527559055118E-2,5.905511811024E-2,
-1.123358075137E-1));
#1307=LINE('',#1306,#1305);
#1308=DIRECTION('',(7.071067811865E-1,0.E0,7.071067811865E-1));
#1309=VECTOR('',#1308,3.748943803893E-2);
#1310=CARTESIAN_POINT('',(1.876655469098E-2,5.905511811024E-2,
-1.123358075137E-1));
#1311=LINE('',#1310,#1309);
#1312=DIRECTION('',(0.E0,0.E0,1.E0));
#1313=VECTOR('',#1312,1.981625791673E-1);
#1314=CARTESIAN_POINT('',(4.527559055118E-2,5.905511811024E-2,
-8.582677165354E-2));
#1315=LINE('',#1314,#1313);
#1316=DIRECTION('',(1.E0,0.E0,0.E0));
#1317=VECTOR('',#1316,6.404214524216E-2);
#1318=CARTESIAN_POINT('',(-1.876655469098E-2,5.905511811024E-2,
1.123358075137E-1));
#1319=LINE('',#1318,#1317);
#1320=DIRECTION('',(-7.071067811865E-1,0.E0,-7.071067811865E-1));
#1321=VECTOR('',#1320,3.748943803893E-2);
#1322=CARTESIAN_POINT('',(-1.876655469098E-2,5.905511811024E-2,
1.123358075137E-1));
#1323=LINE('',#1322,#1321);
#1324=DIRECTION('',(-1.E0,0.E0,0.E0));
#1325=VECTOR('',#1324,3.937007874016E-2);
#1326=CARTESIAN_POINT('',(1.968503937008E-2,5.905511811024E-2,
-7.185039370079E-2));
#1327=LINE('',#1326,#1325);
#1328=DIRECTION('',(0.E0,0.E0,1.E0));
#1329=VECTOR('',#1328,1.437007874016E-1);
#1330=CARTESIAN_POINT('',(-1.968503937008E-2,5.905511811024E-2,
-7.185039370079E-2));
#1331=LINE('',#1330,#1329);
#1332=DIRECTION('',(1.E0,0.E0,0.E0));
#1333=VECTOR('',#1332,3.937007874016E-2);
#1334=CARTESIAN_POINT('',(-1.968503937008E-2,5.905511811024E-2,
7.185039370079E-2));
#1335=LINE('',#1334,#1333);
#1336=DIRECTION('',(0.E0,0.E0,-1.E0));
#1337=VECTOR('',#1336,1.437007874016E-1);
#1338=CARTESIAN_POINT('',(1.968503937008E-2,5.905511811024E-2,
7.185039370079E-2));
#1339=LINE('',#1338,#1337);
#1340=DIRECTION('',(0.E0,0.E0,-1.E0));
#1341=VECTOR('',#1340,1.274770373200E-2);
#1342=CARTESIAN_POINT('',(4.269685039370E-2,5.905511811024E-2,
-9.728510860852E-3));
#1343=LINE('',#1342,#1341);
#1344=DIRECTION('',(-1.E0,0.E0,0.E0));
#1345=VECTOR('',#1344,1.713017051614E-3);
#1346=CARTESIAN_POINT('',(4.269685039370E-2,5.905511811024E-2,
-2.247621459285E-2));
#1347=LINE('',#1346,#1345);
#1348=DIRECTION('',(0.E0,0.E0,1.E0));
#1349=VECTOR('',#1348,5.367454228204E-3);
#1350=CARTESIAN_POINT('',(4.098383334209E-2,5.905511811024E-2,
-2.247621459285E-2));
#1351=LINE('',#1350,#1349);
#1352=DIRECTION('',(-1.E0,0.E0,0.E0));
#1353=VECTOR('',#1352,1.438934515311E-2);
#1354=CARTESIAN_POINT('',(4.098383334209E-2,5.905511811024E-2,
-1.710876036465E-2));
#1355=LINE('',#1354,#1353);
#1356=DIRECTION('',(0.E0,0.E0,1.E0));
#1357=VECTOR('',#1356,2.012795275591E-3);
#1358=CARTESIAN_POINT('',(2.659448818898E-2,5.905511811024E-2,
-1.710876036465E-2));
#1359=LINE('',#1358,#1357);
#1360=DIRECTION('',(1.E0,0.E0,0.E0));
#1361=VECTOR('',#1360,1.438934515311E-2);
#1362=CARTESIAN_POINT('',(2.659448818898E-2,5.905511811024E-2,
-1.509596508906E-2));
#1363=LINE('',#1362,#1361);
#1364=DIRECTION('',(0.E0,0.E0,1.E0));
#1365=VECTOR('',#1364,5.367454228204E-3);
#1366=CARTESIAN_POINT('',(4.098383334209E-2,5.905511811024E-2,
-1.509596508906E-2));
#1367=LINE('',#1366,#1365);
#1368=DIRECTION('',(1.E0,0.E0,0.E0));
#1369=VECTOR('',#1368,1.713017051614E-3);
#1370=CARTESIAN_POINT('',(4.098383334209E-2,5.905511811024E-2,
-9.728510860852E-3));
#1371=LINE('',#1370,#1369);
#1372=DIRECTION('',(0.E0,0.E0,1.E0));
#1373=VECTOR('',#1372,1.341863197135E-3);
#1374=CARTESIAN_POINT('',(-3.200996810761E-2,5.905511811024E-2,
-8.722112287921E-3));
#1375=LINE('',#1374,#1373);
#1376=DIRECTION('',(-1.677992897283E-1,0.E0,9.858211797109E-1));
#1377=VECTOR('',#1376,2.041745295094E-3);
#1378=CARTESIAN_POINT('',(-3.200996810761E-2,5.905511811024E-2,
-7.380249090786E-3));
#1379=LINE('',#1378,#1377);
#1380=DIRECTION('',(-5.627909312417E-1,0.E0,8.265992787996E-1));
#1381=VECTOR('',#1380,1.217515746272E-3);
#1382=CARTESIAN_POINT('',(-3.235257151793E-2,5.905511811024E-2,
-5.367453335308E-3));
#1383=LINE('',#1382,#1381);
#1384=DIRECTION('',(-8.981383235887E-1,0.E0,4.397130333538E-1));
#1385=VECTOR('',#1384,1.525838598784E-3);
#1386=CARTESIAN_POINT('',(-3.303777833858E-2,5.905511811024E-2,
-4.361055697512E-3));
#1387=LINE('',#1386,#1385);
#1388=DIRECTION('',(-1.E0,0.E0,0.E0));
#1389=VECTOR('',#1388,1.370413641291E-3);
#1390=CARTESIAN_POINT('',(-3.440819245976E-2,5.905511811024E-2,
-3.690124578833E-3));
#1391=LINE('',#1390,#1389);
#1392=DIRECTION('',(-8.981382627794E-1,0.E0,-4.397131575602E-1));
#1393=VECTOR('',#1392,7.629190838894E-4);
#1394=CARTESIAN_POINT('',(-3.577860610105E-2,5.905511811024E-2,
-3.690124578833E-3));
#1395=LINE('',#1394,#1393);
#1396=DIRECTION('',(-7.145103405045E-1,0.E0,-6.996248804268E-1));
#1397=VECTOR('',#1396,9.589883053417E-4);
#1398=CARTESIAN_POINT('',(-3.646381292169E-2,5.905511811024E-2,
-4.025590138173E-3));
#1399=LINE('',#1398,#1397);
#1400=DIRECTION('',(-4.547774575564E-1,0.E0,-8.906051112017E-1));
#1401=VECTOR('',#1400,7.533429914573E-4);
#1402=CARTESIAN_POINT('',(-3.714901998228E-2,5.905511811024E-2,
-4.696522216628E-3));
#1403=LINE('',#1402,#1401);
#1404=DIRECTION('',(-2.001233184180E-1,0.E0,-9.797707167625E-1));
#1405=VECTOR('',#1404,1.711961469713E-3);
#1406=CARTESIAN_POINT('',(-3.749162339261E-2,5.905511811024E-2,
-5.367453335308E-3));
#1407=LINE('',#1406,#1405);
#1408=DIRECTION('',(0.E0,0.E0,-1.E0));
#1409=VECTOR('',#1408,2.012795275591E-3);
#1410=CARTESIAN_POINT('',(-3.783422680293E-2,5.905511811024E-2,
-7.044783051558E-3));
#1411=LINE('',#1410,#1409);
#1412=DIRECTION('',(2.001233458994E-1,0.E0,-9.797707111493E-1));
#1413=VECTOR('',#1412,1.711961234623E-3);
#1414=CARTESIAN_POINT('',(-3.783422680293E-2,5.905511811024E-2,
-9.057578327149E-3));
#1415=LINE('',#1414,#1413);
#1416=DIRECTION('',(4.547771995498E-1,0.E0,-8.906052429498E-1));
#1417=VECTOR('',#1416,7.533434188478E-4);
#1418=CARTESIAN_POINT('',(-3.749162339261E-2,5.905511811024E-2,
-1.073490780346E-2));
#1419=LINE('',#1418,#1417);
#1420=DIRECTION('',(7.145104655794E-1,0.E0,-6.996247526907E-1));
#1421=VECTOR('',#1420,9.589881374710E-4);
#1422=CARTESIAN_POINT('',(-3.714901998228E-2,5.905511811024E-2,
-1.140583940202E-2));
#1423=LINE('',#1422,#1421);
#1424=DIRECTION('',(8.981380764698E-1,0.E0,-4.397135381076E-1));
#1425=VECTOR('',#1424,7.629192421491E-4);
#1426=CARTESIAN_POINT('',(-3.646381292169E-2,5.905511811024E-2,
-1.207677124053E-2));
#1427=LINE('',#1426,#1425);
#1428=DIRECTION('',(0.E0,0.E0,-1.E0));
#1429=VECTOR('',#1428,1.677329356335E-3);
#1430=CARTESIAN_POINT('',(-3.577860610105E-2,5.905511811024E-2,
-1.241223715979E-2));
#1431=LINE('',#1430,#1429);
#1432=DIRECTION('',(-9.506452107490E-1,0.E0,3.102800078639E-1));
#1433=VECTOR('',#1432,1.081171460489E-3);
#1434=CARTESIAN_POINT('',(-3.577860610105E-2,5.905511811024E-2,
-1.408956651613E-2));
#1435=LINE('',#1434,#1433);
#1436=DIRECTION('',(-8.373791242699E-1,0.E0,5.466225409156E-1));
#1437=VECTOR('',#1436,1.227413248288E-3);
#1438=CARTESIAN_POINT('',(-3.680641657196E-2,5.905511811024E-2,
-1.375410062686E-2));
#1439=LINE('',#1438,#1437);
#1440=DIRECTION('',(-5.627909985696E-1,0.E0,8.265992329593E-1));
#1441=VECTOR('',#1440,1.217515813791E-3);
#1442=CARTESIAN_POINT('',(-3.783422680293E-2,5.905511811024E-2,
-1.308316887833E-2));
#1443=LINE('',#1442,#1441);
#1444=DIRECTION('',(-4.547771824165E-1,0.E0,8.906052516987E-1));
#1445=VECTOR('',#1444,1.506687092311E-3);
#1446=CARTESIAN_POINT('',(-3.851943374355E-2,5.905511811024E-2,
-1.207677124053E-2));
#1447=LINE('',#1446,#1445);
#1448=DIRECTION('',(-2.473832517546E-1,0.E0,9.689177089677E-1));
#1449=VECTOR('',#1448,1.384909600330E-3);
#1450=CARTESIAN_POINT('',(-3.920464065417E-2,5.905511811024E-2,
-1.073490780346E-2));
#1451=LINE('',#1450,#1449);
#1452=DIRECTION('',(0.E0,0.E0,1.E0));
#1453=VECTOR('',#1452,2.683727354046E-3);
#1454=CARTESIAN_POINT('',(-3.954724409449E-2,5.905511811024E-2,
-9.393044366377E-3));
#1455=LINE('',#1454,#1453);
#1456=DIRECTION('',(2.473832102262E-1,0.E0,9.689177195707E-1));
#1457=VECTOR('',#1456,1.384909832816E-3);
#1458=CARTESIAN_POINT('',(-3.954724409449E-2,5.905511811024E-2,
-6.709317012331E-3));
#1459=LINE('',#1458,#1457);
#1460=DIRECTION('',(4.547772469181E-1,0.E0,8.906052187617E-1));
#1461=VECTOR('',#1460,1.506686878616E-3);
#1462=CARTESIAN_POINT('',(-3.920464065417E-2,5.905511811024E-2,
-5.367453335308E-3));
#1463=LINE('',#1462,#1461);
#1464=DIRECTION('',(5.627909985696E-1,0.E0,8.265992329593E-1));
#1465=VECTOR('',#1464,1.217515813791E-3);
#1466=CARTESIAN_POINT('',(-3.851943374355E-2,5.905511811024E-2,
-4.025590138173E-3));
#1467=LINE('',#1466,#1465);
#1468=DIRECTION('',(8.373790012341E-1,0.E0,5.466227293958E-1));
#1469=VECTOR('',#1468,1.227413428631E-3);
#1470=CARTESIAN_POINT('',(-3.783422680293E-2,5.905511811024E-2,
-3.019192500377E-3));
#1471=LINE('',#1470,#1469);
#1472=DIRECTION('',(9.506453007588E-1,0.E0,3.102797320889E-1));
#1473=VECTOR('',#1472,1.081171358121E-3);
#1474=CARTESIAN_POINT('',(-3.680641657196E-2,5.905511811024E-2,
-2.348260421922E-3));
#1475=LINE('',#1474,#1473);
#1476=DIRECTION('',(1.E0,0.E0,0.E0));
#1477=VECTOR('',#1476,1.370413641291E-3);
#1478=CARTESIAN_POINT('',(-3.577860610105E-2,5.905511811024E-2,
-2.012794862582E-3));
#1479=LINE('',#1478,#1477);
#1480=DIRECTION('',(9.713212254645E-1,0.E0,-2.377710599762E-1));
#1481=VECTOR('',#1480,1.410876325207E-3);
#1482=CARTESIAN_POINT('',(-3.440819245976E-2,5.905511811024E-2,
-2.012794862582E-3));
#1483=LINE('',#1482,#1481);
#1484=DIRECTION('',(8.373790012342E-1,0.E0,-5.466227293958E-1));
#1485=VECTOR('',#1484,1.227413428631E-3);
#1486=CARTESIAN_POINT('',(-3.303777833858E-2,5.905511811024E-2,
-2.348260421922E-3));
#1487=LINE('',#1486,#1485);
#1488=DIRECTION('',(3.781725326593E-1,0.E0,-9.257351324985E-1));
#1489=VECTOR('',#1488,1.811889445876E-3);
#1490=CARTESIAN_POINT('',(-3.200996810761E-2,5.905511811024E-2,
-3.019192500377E-3));
#1491=LINE('',#1490,#1489);
#1492=DIRECTION('',(6.080766493621E-1,0.E0,7.938783209665E-1));
#1493=VECTOR('',#1492,1.690264265281E-3);
#1494=CARTESIAN_POINT('',(-3.132476128696E-2,5.905511811024E-2,
-4.696522216628E-3));
#1495=LINE('',#1494,#1493);
#1496=DIRECTION('',(8.373793591563E-1,0.E0,5.466221810895E-1));
#1497=VECTOR('',#1496,1.227412903996E-3);
#1498=CARTESIAN_POINT('',(-3.029695105600E-2,5.905511811024E-2,
-3.354658059717E-3));
#1499=LINE('',#1498,#1497);
#1500=DIRECTION('',(9.713210491251E-1,0.E0,2.377717803411E-1));
#1501=VECTOR('',#1500,1.410876087289E-3);
#1502=CARTESIAN_POINT('',(-2.926914082503E-2,5.905511811024E-2,
-2.683726941037E-3));
#1503=LINE('',#1502,#1501);
#1504=DIRECTION('',(1.E0,0.E0,0.E0));
#1505=VECTOR('',#1504,6.852077804212E-4);
#1506=CARTESIAN_POINT('',(-2.789872718374E-2,5.905511811024E-2,
-2.348260421922E-3));
#1507=LINE('',#1506,#1505);
#1508=DIRECTION('',(9.713210491251E-1,0.E0,-2.377717803411E-1));
#1509=VECTOR('',#1508,1.410876087289E-3);
#1510=CARTESIAN_POINT('',(-2.721351940331E-2,5.905511811024E-2,
-2.348260421922E-3));
#1511=LINE('',#1510,#1509);
#1512=DIRECTION('',(7.145104681852E-1,0.E0,-6.996247500295E-1));
#1513=VECTOR('',#1512,1.917975596316E-3);
#1514=CARTESIAN_POINT('',(-2.584310576202E-2,5.905511811024E-2,
-2.683726941037E-3));
#1515=LINE('',#1514,#1513);
#1516=DIRECTION('',(4.547771995497E-1,0.E0,-8.906052429498E-1));
#1517=VECTOR('',#1516,1.506686837696E-3);
#1518=CARTESIAN_POINT('',(-2.447269212073E-2,5.905511811024E-2,
-4.025590138173E-3));
#1519=LINE('',#1518,#1517);
#1520=DIRECTION('',(1.443682212851E-1,0.E0,-9.895240354246E-1));
#1521=VECTOR('',#1520,2.373122057425E-3);
#1522=CARTESIAN_POINT('',(-2.378748530009E-2,5.905511811024E-2,
-5.367453335308E-3));
#1523=LINE('',#1522,#1521);
#1524=DIRECTION('',(0.E0,0.E0,-1.E0));
#1525=VECTOR('',#1524,6.709320784554E-4);
#1526=CARTESIAN_POINT('',(-2.344488188976E-2,5.905511811024E-2,
-7.715714650126E-3));
#1527=LINE('',#1526,#1525);
#1528=DIRECTION('',(-1.443682357291E-1,0.E0,-9.895240333173E-1));
#1529=VECTOR('',#1528,2.373121819995E-3);
#1530=CARTESIAN_POINT('',(-2.344488188976E-2,5.905511811024E-2,
-8.386646728581E-3));
#1531=LINE('',#1530,#1529);
#1532=DIRECTION('',(-4.547771350481E-1,0.E0,-8.906052758868E-1));
#1533=VECTOR('',#1532,1.506687051391E-3);
#1534=CARTESIAN_POINT('',(-2.378748530009E-2,5.905511811024E-2,
-1.073490780346E-2));
#1535=LINE('',#1534,#1533);
#1536=DIRECTION('',(-7.145103900133E-1,0.E0,-6.996248298646E-1));
#1537=VECTOR('',#1536,1.917975806154E-3);
#1538=CARTESIAN_POINT('',(-2.447269212073E-2,5.905511811024E-2,
-1.207677124053E-2));
#1539=LINE('',#1538,#1537);
#1540=DIRECTION('',(-9.713211522284E-1,0.E0,-2.377713591533E-1));
#1541=VECTOR('',#1540,1.410875937528E-3);
#1542=CARTESIAN_POINT('',(-2.584310576202E-2,5.905511811024E-2,
-1.341863473760E-2));
#1543=LINE('',#1542,#1541);
#1544=DIRECTION('',(0.E0,0.E0,1.E0));
#1545=VECTOR('',#1544,1.677329386328E-3);
#1546=CARTESIAN_POINT('',(-2.721351940331E-2,5.905511811024E-2,
-1.375410062686E-2));
#1547=LINE('',#1546,#1545);
#1548=DIRECTION('',(8.373790907147E-1,0.E0,5.466225923193E-1));
#1549=VECTOR('',#1548,1.227413297472E-3);
#1550=CARTESIAN_POINT('',(-2.721351940331E-2,5.905511811024E-2,
-1.207677124053E-2));
#1551=LINE('',#1550,#1549);
#1552=DIRECTION('',(5.627909312417E-1,0.E0,8.265992787996E-1));
#1553=VECTOR('',#1552,1.217515746272E-3);
#1554=CARTESIAN_POINT('',(-2.618570917235E-2,5.905511811024E-2,
-1.140583940202E-2));
#1555=LINE('',#1554,#1553);
#1556=DIRECTION('',(2.001233458994E-1,0.E0,9.797707111493E-1));
#1557=VECTOR('',#1556,1.711961234623E-3);
#1558=CARTESIAN_POINT('',(-2.550050235170E-2,5.905511811024E-2,
-1.039944176423E-2));
#1559=LINE('',#1558,#1557);
#1560=DIRECTION('',(0.E0,0.E0,1.E0));
#1561=VECTOR('',#1560,1.341863197135E-3);
#1562=CARTESIAN_POINT('',(-2.515789894138E-2,5.905511811024E-2,
-8.722112287921E-3));
#1563=LINE('',#1562,#1561);
#1564=DIRECTION('',(-2.001233733807E-1,0.E0,9.797707055361E-1));
#1565=VECTOR('',#1564,1.711960999533E-3);
#1566=CARTESIAN_POINT('',(-2.515789894138E-2,5.905511811024E-2,
-7.380249090786E-3));
#1567=LINE('',#1566,#1565);
#1568=DIRECTION('',(-5.627909312417E-1,0.E0,8.265992787996E-1));
#1569=VECTOR('',#1568,1.217515746272E-3);
#1570=CARTESIAN_POINT('',(-2.550050235170E-2,5.905511811024E-2,
-5.702919854423E-3));
#1571=LINE('',#1570,#1569);
#1572=DIRECTION('',(-8.373790012341E-1,0.E0,5.466227293958E-1));
#1573=VECTOR('',#1572,1.227413428631E-3);
#1574=CARTESIAN_POINT('',(-2.618570917235E-2,5.905511811024E-2,
-4.696522216628E-3));
#1575=LINE('',#1574,#1573);
#1576=DIRECTION('',(-1.E0,0.E0,0.E0));
#1577=VECTOR('',#1576,6.852077804212E-4);
#1578=CARTESIAN_POINT('',(-2.721351940331E-2,5.905511811024E-2,
-4.025590138173E-3));
#1579=LINE('',#1578,#1577);
#1580=DIRECTION('',(-8.981380143666E-1,0.E0,-4.397136649566E-1));
#1581=VECTOR('',#1580,1.525838589805E-3);
#1582=CARTESIAN_POINT('',(-2.789872718374E-2,5.905511811024E-2,
-4.025590138173E-3));
#1583=LINE('',#1582,#1581);
#1584=DIRECTION('',(-7.145107183351E-1,0.E0,-6.996244945571E-1));
#1585=VECTOR('',#1584,9.589874624166E-4);
#1586=CARTESIAN_POINT('',(-2.926914082503E-2,5.905511811024E-2,
-4.696522216628E-3));
#1587=LINE('',#1586,#1585);
#1588=DIRECTION('',(-3.222636945230E-1,0.E0,-9.466499412097E-1));
#1589=VECTOR('',#1588,2.126230265124E-3);
#1590=CARTESIAN_POINT('',(-2.995434764567E-2,5.905511811024E-2,
-5.367453335308E-3));
#1591=LINE('',#1590,#1589);
#1592=DIRECTION('',(0.E0,0.E0,-1.E0));
#1593=VECTOR('',#1592,1.341863197135E-3);
#1594=CARTESIAN_POINT('',(-3.063955446632E-2,5.905511811024E-2,
-7.380249090786E-3));
#1595=LINE('',#1594,#1593);
#1596=DIRECTION('',(-1.E0,0.E0,0.E0));
#1597=VECTOR('',#1596,1.370413641291E-3);
#1598=CARTESIAN_POINT('',(-3.063955446632E-2,5.905511811024E-2,
-8.722112287921E-3));
#1599=LINE('',#1598,#1597);
#1600=DIRECTION('',(1.E0,0.E0,0.E0));
#1601=VECTOR('',#1600,1.610236220472E-2);
#1602=CARTESIAN_POINT('',(-1.094444876157E-2,5.905511811024E-2,
-8.853838582677E-2));
#1603=LINE('',#1602,#1601);
#1604=DIRECTION('',(0.E0,0.E0,-1.E0));
#1605=VECTOR('',#1604,2.012795275591E-3);
#1606=CARTESIAN_POINT('',(5.157913443152E-3,5.905511811024E-2,
-8.853838582677E-2));
#1607=LINE('',#1606,#1605);
#1608=DIRECTION('',(-1.E0,0.E0,0.E0));
#1609=VECTOR('',#1608,1.610236220472E-2);
#1610=CARTESIAN_POINT('',(5.157913443152E-3,5.905511811024E-2,
-9.055118110236E-2));
#1611=LINE('',#1610,#1609);
#1612=DIRECTION('',(0.E0,0.E0,1.E0));
#1613=VECTOR('',#1612,2.012795275591E-3);
#1614=CARTESIAN_POINT('',(-1.094444876157E-2,5.905511811024E-2,
-9.055118110236E-2));
#1615=LINE('',#1614,#1613);
#1616=DIRECTION('',(1.E0,0.E0,0.E0));
#1617=VECTOR('',#1616,1.610236220472E-2);
#1618=CARTESIAN_POINT('',(-1.094444876157E-2,5.905511811024E-2,
9.256397637795E-2));
#1619=LINE('',#1618,#1617);
#1620=DIRECTION('',(0.E0,0.E0,-1.E0));
#1621=VECTOR('',#1620,2.012795275591E-3);
#1622=CARTESIAN_POINT('',(5.157913443152E-3,5.905511811024E-2,
9.256397637795E-2));
#1623=LINE('',#1622,#1621);
#1624=DIRECTION('',(-1.E0,0.E0,0.E0));
#1625=VECTOR('',#1624,1.610236220472E-2);
#1626=CARTESIAN_POINT('',(5.157913443152E-3,5.905511811024E-2,
9.055118110236E-2));
#1627=LINE('',#1626,#1625);
#1628=DIRECTION('',(0.E0,0.E0,1.E0));
#1629=VECTOR('',#1628,2.012795275591E-3);
#1630=CARTESIAN_POINT('',(-1.094444876157E-2,5.905511811024E-2,
9.055118110236E-2));
#1631=LINE('',#1630,#1629);
#1632=DIRECTION('',(0.E0,0.E0,-1.E0));
#1633=VECTOR('',#1632,8.051182062138E-3);
#1634=CARTESIAN_POINT('',(4.269685039370E-2,5.905511811024E-2,
1.006397595556E-3));
#1635=LINE('',#1634,#1633);
#1636=DIRECTION('',(-1.E0,0.E0,0.E0));
#1637=VECTOR('',#1636,1.610236220472E-2);
#1638=CARTESIAN_POINT('',(4.269685039370E-2,5.905511811024E-2,
-7.044784466582E-3));
#1639=LINE('',#1638,#1637);
#1640=DIRECTION('',(0.E0,0.E0,1.E0));
#1641=VECTOR('',#1640,8.051182062138E-3);
#1642=CARTESIAN_POINT('',(2.659448818898E-2,5.905511811024E-2,
-7.044784466582E-3));
#1643=LINE('',#1642,#1641);
#1644=DIRECTION('',(2.001234451615E-1,0.E0,9.797706908745E-1));
#1645=VECTOR('',#1644,1.711960535355E-3);
#1646=CARTESIAN_POINT('',(2.659448818898E-2,5.905511811024E-2,
1.006397595556E-3));
#1647=LINE('',#1646,#1645);
#1648=DIRECTION('',(4.547769889117E-1,0.E0,8.906053505096E-1));
#1649=VECTOR('',#1648,1.506687733397E-3);
#1650=CARTESIAN_POINT('',(2.693709162929E-2,5.905511811024E-2,
2.683726352031E-3));
#1651=LINE('',#1650,#1649);
#1652=DIRECTION('',(7.145107489524E-1,0.E0,6.996244632883E-1));
#1653=VECTOR('',#1652,1.917975010554E-3);
#1654=CARTESIAN_POINT('',(2.762229853992E-2,5.905511811024E-2,
4.025590508942E-3));
#1655=LINE('',#1654,#1653);
#1656=DIRECTION('',(8.981377963584E-1,0.E0,4.397141102494E-1));
#1657=VECTOR('',#1656,1.525839227334E-3);
#1658=CARTESIAN_POINT('',(2.899271230118E-2,5.905511811024E-2,
5.367452746301E-3));
#1659=LINE('',#1658,#1657);
#1660=DIRECTION('',(9.813592727596E-1,0.E0,1.921821473726E-1));
#1661=VECTOR('',#1660,1.745555475109E-3);
#1662=CARTESIAN_POINT('',(3.036312618242E-2,5.905511811024E-2,
6.038385784532E-3));
#1663=LINE('',#1662,#1661);
#1664=DIRECTION('',(1.E0,0.E0,0.E0));
#1665=VECTOR('',#1664,5.139051634730E-3);
#1666=CARTESIAN_POINT('',(3.207614323403E-2,5.905511811024E-2,
6.373850384096E-3));
#1667=LINE('',#1666,#1665);
#1668=DIRECTION('',(9.813592930674E-1,0.E0,-1.921820436730E-1));
#1669=VECTOR('',#1668,1.745556416993E-3);
#1670=CARTESIAN_POINT('',(3.721519486876E-2,5.905511811024E-2,
6.373850384096E-3));
#1671=LINE('',#1670,#1669);
#1672=DIRECTION('',(8.981377659536E-1,0.E0,-4.397141723527E-1));
#1673=VECTOR('',#1672,1.525839011832E-3);
#1674=CARTESIAN_POINT('',(3.892821288015E-2,5.905511811024E-2,
6.038385784532E-3));
#1675=LINE('',#1674,#1673);
#1676=DIRECTION('',(7.145107183351E-1,0.E0,-6.996244945571E-1));
#1677=VECTOR('',#1676,1.917974924833E-3);
#1678=CARTESIAN_POINT('',(4.029862652144E-2,5.905511811024E-2,
5.367452746301E-3));
#1679=LINE('',#1678,#1677);
#1680=DIRECTION('',(4.547769415434E-1,0.E0,-8.906053746977E-1));
#1681=VECTOR('',#1680,1.506687692477E-3);
#1682=CARTESIAN_POINT('',(4.166904016273E-2,5.905511811024E-2,
4.025590508942E-3));
#1683=LINE('',#1682,#1681);
#1684=DIRECTION('',(2.001234283435E-1,0.E0,-9.797706943097E-1));
#1685=VECTOR('',#1684,1.711960529353E-3);
#1686=CARTESIAN_POINT('',(4.235424698338E-2,5.905511811024E-2,
2.683726352031E-3));
#1687=LINE('',#1686,#1685);
#1688=DIRECTION('',(0.E0,0.E0,-1.E0));
#1689=VECTOR('',#1688,8.051179182811E-3);
#1690=CARTESIAN_POINT('',(4.269685039370E-2,5.905511811024E-2,
1.710875788073E-2));
#1691=LINE('',#1690,#1689);
#1692=DIRECTION('',(-1.E0,0.E0,0.E0));
#1693=VECTOR('',#1692,1.610236220472E-2);
#1694=CARTESIAN_POINT('',(4.269685039370E-2,5.905511811024E-2,
9.057578697918E-3));
#1695=LINE('',#1694,#1693);
#1696=DIRECTION('',(0.E0,0.E0,1.E0));
#1697=VECTOR('',#1696,8.051179182811E-3);
#1698=CARTESIAN_POINT('',(2.659448818898E-2,5.905511811024E-2,
9.057578697918E-3));
#1699=LINE('',#1698,#1697);
#1700=DIRECTION('',(2.001232253108E-1,0.E0,9.797707357802E-1));
#1701=VECTOR('',#1700,1.711962416075E-3);
#1702=CARTESIAN_POINT('',(2.659448818898E-2,5.905511811024E-2,
1.710875788073E-2));
#1703=LINE('',#1702,#1701);
#1704=DIRECTION('',(4.547775049247E-1,0.E0,8.906050870136E-1));
#1705=VECTOR('',#1704,1.506686023835E-3);
#1706=CARTESIAN_POINT('',(2.693709162929E-2,5.905511811024E-2,
1.878608855676E-2));
#1707=LINE('',#1706,#1705);
#1708=DIRECTION('',(7.145097483531E-1,0.E0,6.996254851765E-1));
#1709=VECTOR('',#1708,1.917977696486E-3);
#1710=CARTESIAN_POINT('',(2.762229853992E-2,5.905511811024E-2,
2.012795079411E-2));
#1711=LINE('',#1710,#1709);
#1712=DIRECTION('',(8.981387900092E-1,0.E0,4.397120806629E-1));
#1713=VECTOR('',#1712,1.525837539231E-3);
#1714=CARTESIAN_POINT('',(2.899271230118E-2,5.905511811024E-2,
2.146981687058E-2));
#1715=LINE('',#1714,#1713);
#1716=DIRECTION('',(9.813588579591E-1,0.E0,1.921842654987E-1));
#1717=VECTOR('',#1716,1.745556212920E-3);
#1718=CARTESIAN_POINT('',(3.036312618242E-2,5.905511811024E-2,
2.214074606971E-2));
#1719=LINE('',#1718,#1717);
#1720=DIRECTION('',(1.E0,0.E0,0.E0));
#1721=VECTOR('',#1720,5.139051634730E-3);
#1722=CARTESIAN_POINT('',(3.207614323403E-2,5.905511811024E-2,
2.247621450837E-2));
#1723=LINE('',#1722,#1721);
#1724=DIRECTION('',(9.813588782673E-1,0.E0,-1.921841617981E-1));
#1725=VECTOR('',#1724,1.745557154804E-3);
#1726=CARTESIAN_POINT('',(3.721519486876E-2,5.905511811024E-2,
2.247621450837E-2));
#1727=LINE('',#1726,#1725);
#1728=DIRECTION('',(8.981387596046E-1,0.E0,-4.397121427660E-1));
#1729=VECTOR('',#1728,1.525837323728E-3);
#1730=CARTESIAN_POINT('',(3.892821288015E-2,5.905511811024E-2,
2.214074606971E-2));
#1731=LINE('',#1730,#1729);
#1732=DIRECTION('',(7.145097177357E-1,0.E0,-6.996255164452E-1));
#1733=VECTOR('',#1732,1.917977610765E-3);
#1734=CARTESIAN_POINT('',(4.029862652144E-2,5.905511811024E-2,
2.146981687058E-2));
#1735=LINE('',#1734,#1733);
#1736=DIRECTION('',(4.547774575564E-1,0.E0,-8.906051112017E-1));
#1737=VECTOR('',#1736,1.506685982915E-3);
#1738=CARTESIAN_POINT('',(4.166904016273E-2,5.905511811024E-2,
2.012795079411E-2));
#1739=LINE('',#1738,#1737);
#1740=DIRECTION('',(2.001232084928E-1,0.E0,-9.797707392153E-1));
#1741=VECTOR('',#1740,1.711962410073E-3);
#1742=CARTESIAN_POINT('',(4.235424698338E-2,5.905511811024E-2,
1.878608855676E-2));
#1743=LINE('',#1742,#1741);
#1744=DIRECTION('',(1.E0,0.E0,0.E0));
#1745=VECTOR('',#1744,7.537275986878E-3);
#1746=CARTESIAN_POINT('',(-3.954724409449E-2,5.905511811024E-2,
2.683726807279E-3));
#1747=LINE('',#1746,#1745);
#1748=DIRECTION('',(0.E0,0.E0,1.E0));
#1749=VECTOR('',#1748,9.393045259273E-3);
#1750=CARTESIAN_POINT('',(-3.200996810761E-2,5.905511811024E-2,
2.683726807279E-3));
#1751=LINE('',#1750,#1749);
#1752=DIRECTION('',(-1.E0,0.E0,0.E0));
#1753=VECTOR('',#1752,7.537275986878E-3);
#1754=CARTESIAN_POINT('',(-3.200996810761E-2,5.905511811024E-2,
1.207677206655E-2));
#1755=LINE('',#1754,#1753);
#1756=DIRECTION('',(0.E0,0.E0,1.E0));
#1757=VECTOR('',#1756,2.012795275591E-3);
#1758=CARTESIAN_POINT('',(-3.954724409449E-2,5.905511811024E-2,
1.207677206655E-2));
#1759=LINE('',#1758,#1757);
#1760=DIRECTION('',(1.E0,0.E0,0.E0));
#1761=VECTOR('',#1760,1.610236220472E-2);
#1762=CARTESIAN_POINT('',(-3.954724409449E-2,5.905511811024E-2,
1.408956734214E-2));
#1763=LINE('',#1762,#1761);
#1764=DIRECTION('',(0.E0,0.E0,-1.E0));
#1765=VECTOR('',#1764,2.012795275591E-3);
#1766=CARTESIAN_POINT('',(-2.344488188976E-2,5.905511811024E-2,
1.408956734214E-2));
#1767=LINE('',#1766,#1765);
#1768=DIRECTION('',(-1.E0,0.E0,0.E0));
#1769=VECTOR('',#1768,6.509465755909E-3);
#1770=CARTESIAN_POINT('',(-2.344488188976E-2,5.905511811024E-2,
1.207677206655E-2));
#1771=LINE('',#1770,#1769);
#1772=DIRECTION('',(0.E0,0.E0,-1.E0));
#1773=VECTOR('',#1772,9.393045259273E-3);
#1774=CARTESIAN_POINT('',(-2.995434764567E-2,5.905511811024E-2,
1.207677206655E-2));
#1775=LINE('',#1774,#1773);
#1776=DIRECTION('',(1.E0,0.E0,0.E0));
#1777=VECTOR('',#1776,6.509465755909E-3);
#1778=CARTESIAN_POINT('',(-2.995434764567E-2,5.905511811024E-2,
2.683726807279E-3));
#1779=LINE('',#1778,#1777);
#1780=DIRECTION('',(0.E0,0.E0,-1.E0));
#1781=VECTOR('',#1780,2.012794315815E-3);
#1782=CARTESIAN_POINT('',(-2.344488188976E-2,5.905511811024E-2,
2.683726807279E-3));
#1783=LINE('',#1782,#1781);
#1784=DIRECTION('',(-1.E0,0.E0,0.E0));
#1785=VECTOR('',#1784,1.610236220472E-2);
#1786=CARTESIAN_POINT('',(-2.344488188976E-2,5.905511811024E-2,
6.709324914639E-4));
#1787=LINE('',#1786,#1785);
#1788=DIRECTION('',(0.E0,0.E0,1.E0));
#1789=VECTOR('',#1788,2.012794315815E-3);
#1790=CARTESIAN_POINT('',(-3.954724409449E-2,5.905511811024E-2,
6.709324914639E-4));
#1791=LINE('',#1790,#1789);
#1792=CARTESIAN_POINT('',(-4.527559055118E-2,5.708661417323E-2,
-1.123358075137E-1));
#1793=DIRECTION('',(0.E0,0.E0,-1.E0));
#1794=DIRECTION('',(-1.E0,0.E0,0.E0));
#1795=AXIS2_PLACEMENT_3D('',#1792,#1793,#1794);
#1797=CARTESIAN_POINT('',(-4.527559055118E-2,5.708661417323E-2,
-1.123358075137E-1));
#1798=DIRECTION('',(0.E0,9.976303284230E-1,6.880209161538E-2));
#1799=DIRECTION('',(0.E0,6.880209161538E-2,-9.976303284230E-1));
#1800=AXIS2_PLACEMENT_3D('',#1797,#1798,#1799);
#1802=CARTESIAN_POINT('',(-4.527559055118E-2,5.708661417323E-2,
-1.123358075137E-1));
#1803=DIRECTION('',(-1.E0,0.E0,0.E0));
#1804=DIRECTION('',(0.E0,1.E0,0.E0));
#1805=AXIS2_PLACEMENT_3D('',#1802,#1803,#1804);
#1807=CARTESIAN_POINT('',(-4.724409448819E-2,5.708661417323E-2,
8.385826771654E-2));
#1808=CARTESIAN_POINT('',(-4.724409448819E-2,5.728463037749E-2,
8.385826771654E-2));
#1809=CARTESIAN_POINT('',(-4.719076409722E-2,5.760524222382E-2,
8.391159810751E-2));
#1810=CARTESIAN_POINT('',(-4.699005964577E-2,5.811346808360E-2,
8.411230255895E-2));
#1811=CARTESIAN_POINT('',(-4.661868626961E-2,5.857834783964E-2,
8.448367593512E-2));
#1812=CARTESIAN_POINT('',(-4.603776013608E-2,5.894489144845E-2,
8.506460206864E-2));
#1813=CARTESIAN_POINT('',(-4.555562775282E-2,5.905511811024E-2,
8.554673445191E-2));
#1814=CARTESIAN_POINT('',(-4.527559055118E-2,5.905511811024E-2,
8.582677165354E-2));
#1816=CARTESIAN_POINT('',(-1.876655469098E-2,5.905511811024E-2,
1.123358075137E-1));
#1817=CARTESIAN_POINT('',(-1.850490926705E-2,5.905511811024E-2,
1.125974529377E-1));
#1818=CARTESIAN_POINT('',(-1.804422177743E-2,5.895752855103E-2,
1.130581404273E-1));
#1819=CARTESIAN_POINT('',(-1.747562534165E-2,5.862028611182E-2,
1.136267368631E-1));
#1820=CARTESIAN_POINT('',(-1.710023450031E-2,5.818579780314E-2,
1.140021277044E-1));
#1821=CARTESIAN_POINT('',(-1.688344991344E-2,5.770799897979E-2,
1.142189122913E-1));
#1822=CARTESIAN_POINT('',(-1.681541460137E-2,5.740618888516E-2,
1.142869476034E-1));
#1823=CARTESIAN_POINT('',(-1.680271546180E-2,5.722205136145E-2,
1.142996467429E-1));
#1825=CARTESIAN_POINT('',(4.527559055118E-2,5.708661417323E-2,
1.123358075137E-1));
#1826=DIRECTION('',(1.E0,0.E0,0.E0));
#1827=DIRECTION('',(0.E0,1.E0,0.E0));
#1828=AXIS2_PLACEMENT_3D('',#1825,#1826,#1827);
#1830=CARTESIAN_POINT('',(4.527559055118E-2,5.708661417323E-2,
1.123358075137E-1));
#1831=DIRECTION('',(0.E0,0.E0,1.E0));
#1832=DIRECTION('',(1.E0,0.E0,0.E0));
#1833=AXIS2_PLACEMENT_3D('',#1830,#1831,#1832);
#1835=CARTESIAN_POINT('',(4.527559055118E-2,5.708661417323E-2,
1.123358075137E-1));
#1836=DIRECTION('',(0.E0,9.976303284230E-1,-6.880209161538E-2));
#1837=DIRECTION('',(0.E0,6.880209161538E-2,9.976303284230E-1));
#1838=AXIS2_PLACEMENT_3D('',#1835,#1836,#1837);
#1840=DIRECTION('',(-2.357022603955E-1,-9.428090415821E-1,2.357022603955E-1));
#1841=VECTOR('',#1840,1.252748234386E-2);
#1842=CARTESIAN_POINT('',(1.968503937008E-2,5.905511811024E-2,
-7.185039370079E-2));
#1843=LINE('',#1842,#1841);
#1844=DIRECTION('',(-2.357022603955E-1,-9.428090415821E-1,-2.357022603955E-1));
#1845=VECTOR('',#1844,1.252748234386E-2);
#1846=CARTESIAN_POINT('',(1.968503937008E-2,5.905511811024E-2,
7.185039370079E-2));
#1847=LINE('',#1846,#1845);
#1848=DIRECTION('',(2.357022603955E-1,-9.428090415821E-1,-2.357022603955E-1));
#1849=VECTOR('',#1848,1.252748234386E-2);
#1850=CARTESIAN_POINT('',(-1.968503937008E-2,5.905511811024E-2,
7.185039370079E-2));
#1851=LINE('',#1850,#1849);
#1852=DIRECTION('',(2.357022603955E-1,-9.428090415821E-1,2.357022603955E-1));
#1853=VECTOR('',#1852,1.252748234386E-2);
#1854=CARTESIAN_POINT('',(-1.968503937008E-2,5.905511811024E-2,
-7.185039370079E-2));
#1855=LINE('',#1854,#1853);
#1856=DIRECTION('',(-1.E0,0.E0,0.E0));
#1857=VECTOR('',#1856,3.346456692913E-2);
#1858=CARTESIAN_POINT('',(1.673228346457E-2,4.724409448819E-2,
-6.889763779528E-2));
#1859=LINE('',#1858,#1857);
#1860=DIRECTION('',(0.E0,0.E0,-1.E0));
#1861=VECTOR('',#1860,1.377952755906E-1);
#1862=CARTESIAN_POINT('',(1.673228346457E-2,4.724409448819E-2,
6.889763779528E-2));
#1863=LINE('',#1862,#1861);
#1864=DIRECTION('',(1.E0,0.E0,0.E0));
#1865=VECTOR('',#1864,3.346456692913E-2);
#1866=CARTESIAN_POINT('',(-1.673228346457E-2,4.724409448819E-2,
6.889763779528E-2));
#1867=LINE('',#1866,#1865);
#1868=DIRECTION('',(0.E0,0.E0,1.E0));
#1869=VECTOR('',#1868,1.377952755906E-1);
#1870=CARTESIAN_POINT('',(-1.673228346457E-2,4.724409448819E-2,
-6.889763779528E-2));
#1871=LINE('',#1870,#1869);
#1872=DIRECTION('',(0.E0,0.E0,-1.E0));
#1873=VECTOR('',#1872,2.165354330709E-2);
#1874=CARTESIAN_POINT('',(1.279527559055E-2,4.724409448819E-2,
-1.968503937008E-2));
#1875=LINE('',#1874,#1873);
#1876=DIRECTION('',(-1.E0,0.E0,0.E0));
#1877=VECTOR('',#1876,2.559055118110E-2);
#1878=CARTESIAN_POINT('',(1.279527559055E-2,4.724409448819E-2,
-4.133858267717E-2));
#1879=LINE('',#1878,#1877);
#1880=DIRECTION('',(0.E0,0.E0,1.E0));
#1881=VECTOR('',#1880,2.165354330709E-2);
#1882=CARTESIAN_POINT('',(-1.279527559055E-2,4.724409448819E-2,
-4.133858267717E-2));
#1883=LINE('',#1882,#1881);
#1884=DIRECTION('',(0.E0,0.E0,-1.E0));
#1885=VECTOR('',#1884,3.937007874016E-2);
#1886=CARTESIAN_POINT('',(-1.279527559055E-2,4.724409448819E-2,
1.968503937008E-2));
#1887=LINE('',#1886,#1885);
#1888=DIRECTION('',(0.E0,0.E0,1.E0));
#1889=VECTOR('',#1888,2.165354330709E-2);
#1890=CARTESIAN_POINT('',(-1.279527559055E-2,4.724409448819E-2,
1.968503937008E-2));
#1891=LINE('',#1890,#1889);
#1892=DIRECTION('',(1.E0,0.E0,0.E0));
#1893=VECTOR('',#1892,2.559055118110E-2);
#1894=CARTESIAN_POINT('',(-1.279527559055E-2,4.724409448819E-2,
4.133858267717E-2));
#1895=LINE('',#1894,#1893);
#1896=DIRECTION('',(0.E0,0.E0,-1.E0));
#1897=VECTOR('',#1896,2.165354330709E-2);
#1898=CARTESIAN_POINT('',(1.279527559055E-2,4.724409448819E-2,
4.133858267717E-2));
#1899=LINE('',#1898,#1897);
#1900=DIRECTION('',(0.E0,0.E0,1.E0));
#1901=VECTOR('',#1900,3.937007874016E-2);
#1902=CARTESIAN_POINT('',(1.279527559055E-2,4.724409448819E-2,
-1.968503937008E-2));
#1903=LINE('',#1902,#1901);
#1904=DIRECTION('',(0.E0,0.E0,-1.E0));
#1905=VECTOR('',#1904,1.771653543282E-2);
#1906=CARTESIAN_POINT('',(1.279527559055E-2,3.149606299213E-2,
-2.362204724434E-2));
#1907=LINE('',#1906,#1905);
#1908=DIRECTION('',(0.E0,-1.E0,0.E0));
#1909=VECTOR('',#1908,1.181102362180E-2);
#1910=CARTESIAN_POINT('',(1.279527559055E-2,4.724409448819E-2,
-1.968503937008E-2));
#1911=LINE('',#1910,#1909);
#1912=CARTESIAN_POINT('',(1.279527559055E-2,3.543307086639E-2,
-2.362204724434E-2));
#1913=DIRECTION('',(1.E0,0.E0,0.E0));
#1914=DIRECTION('',(0.E0,0.E0,1.E0));
#1915=AXIS2_PLACEMENT_3D('',#1912,#1913,#1914);
#1917=DIRECTION('',(0.E0,0.E0,1.E0));
#1918=VECTOR('',#1917,1.771653543282E-2);
#1919=CARTESIAN_POINT('',(-1.279527559055E-2,3.149606299213E-2,
-4.133858267717E-2));
#1920=LINE('',#1919,#1918);
#1921=CARTESIAN_POINT('',(-1.279527559055E-2,3.543307086639E-2,
-2.362204724434E-2));
#1922=DIRECTION('',(1.E0,0.E0,0.E0));
#1923=DIRECTION('',(0.E0,0.E0,1.E0));
#1924=AXIS2_PLACEMENT_3D('',#1921,#1922,#1923);
#1926=DIRECTION('',(0.E0,-1.E0,0.E0));
#1927=VECTOR('',#1926,1.181102362180E-2);
#1928=CARTESIAN_POINT('',(-1.279527559055E-2,4.724409448819E-2,
-1.968503937008E-2));
#1929=LINE('',#1928,#1927);
#1930=DIRECTION('',(0.E0,-1.E0,0.E0));
#1931=VECTOR('',#1930,1.574803149606E-2);
#1932=CARTESIAN_POINT('',(-1.279527559055E-2,4.724409448819E-2,
-4.133858267717E-2));
#1933=LINE('',#1932,#1931);
#1934=DIRECTION('',(1.E0,0.E0,0.E0));
#1935=VECTOR('',#1934,2.559055118110E-2);
#1936=CARTESIAN_POINT('',(-1.279527559055E-2,3.149606299213E-2,
-2.362204724434E-2));
#1937=LINE('',#1936,#1935);
#1938=DIRECTION('',(1.E0,0.E0,0.E0));
#1939=VECTOR('',#1938,2.559055118110E-2);
#1940=CARTESIAN_POINT('',(-1.279527559055E-2,3.543307086639E-2,
-1.968503937008E-2));
#1941=LINE('',#1940,#1939);
#1942=DIRECTION('',(0.E0,1.E0,0.E0));
#1943=VECTOR('',#1942,6.692913385725E-3);
#1944=CARTESIAN_POINT('',(1.279527559055E-2,4.724409448819E-2,
-1.968503937008E-2));
#1945=LINE('',#1944,#1943);
#1946=DIRECTION('',(0.E0,1.E0,0.E0));
#1947=VECTOR('',#1946,6.692913385725E-3);
#1948=CARTESIAN_POINT('',(-1.279527559055E-2,4.724409448819E-2,
-1.968503937008E-2));
#1949=LINE('',#1948,#1947);
#1950=DIRECTION('',(0.E0,-1.E0,0.E0));
#1951=VECTOR('',#1950,6.692913385725E-3);
#1952=CARTESIAN_POINT('',(-1.279527559055E-2,5.393700787391E-2,
1.968503937008E-2));
#1953=LINE('',#1952,#1951);
#1954=DIRECTION('',(1.E0,0.E0,0.E0));
#1955=VECTOR('',#1954,2.559055118110E-2);
#1956=CARTESIAN_POINT('',(-1.279527559055E-2,5.393700787391E-2,
1.968503937008E-2));
#1957=LINE('',#1956,#1955);
#1958=DIRECTION('',(0.E0,-1.E0,0.E0));
#1959=VECTOR('',#1958,6.692913385725E-3);
#1960=CARTESIAN_POINT('',(1.279527559055E-2,5.393700787391E-2,
1.968503937008E-2));
#1961=LINE('',#1960,#1959);
#1962=DIRECTION('',(0.E0,0.E0,1.E0));
#1963=VECTOR('',#1962,1.771653543282E-2);
#1964=CARTESIAN_POINT('',(-1.279527559055E-2,3.149606299213E-2,
2.362204724434E-2));
#1965=LINE('',#1964,#1963);
#1966=DIRECTION('',(0.E0,-1.E0,0.E0));
#1967=VECTOR('',#1966,1.181102362180E-2);
#1968=CARTESIAN_POINT('',(-1.279527559055E-2,4.724409448819E-2,
1.968503937008E-2));
#1969=LINE('',#1968,#1967);
#1970=CARTESIAN_POINT('',(-1.279527559055E-2,3.543307086639E-2,
2.362204724434E-2));
#1971=DIRECTION('',(1.E0,0.E0,0.E0));
#1972=DIRECTION('',(0.E0,-1.E0,0.E0));
#1973=AXIS2_PLACEMENT_3D('',#1970,#1971,#1972);
#1975=DIRECTION('',(1.E0,0.E0,0.E0));
#1976=VECTOR('',#1975,2.559055118110E-2);
#1977=CARTESIAN_POINT('',(-1.279527559055E-2,3.149606299213E-2,
2.362204724434E-2));
#1978=LINE('',#1977,#1976);
#1979=DIRECTION('',(1.E0,0.E0,0.E0));
#1980=VECTOR('',#1979,2.559055118110E-2);
#1981=CARTESIAN_POINT('',(-1.279527559055E-2,3.543307086639E-2,
1.968503937008E-2));
#1982=LINE('',#1981,#1980);
#1983=DIRECTION('',(0.E0,0.E0,-1.E0));
#1984=VECTOR('',#1983,1.771653543282E-2);
#1985=CARTESIAN_POINT('',(1.279527559055E-2,3.149606299213E-2,
4.133858267717E-2));
#1986=LINE('',#1985,#1984);
#1987=CARTESIAN_POINT('',(1.279527559055E-2,3.543307086639E-2,
2.362204724434E-2));
#1988=DIRECTION('',(1.E0,0.E0,0.E0));
#1989=DIRECTION('',(0.E0,-1.E0,0.E0));
#1990=AXIS2_PLACEMENT_3D('',#1987,#1988,#1989);
#1992=DIRECTION('',(0.E0,-1.E0,0.E0));
#1993=VECTOR('',#1992,1.181102362180E-2);
#1994=CARTESIAN_POINT('',(1.279527559055E-2,4.724409448819E-2,
1.968503937008E-2));
#1995=LINE('',#1994,#1993);
#1996=DIRECTION('',(0.E0,-1.E0,0.E0));
#1997=VECTOR('',#1996,1.574803149606E-2);
#1998=CARTESIAN_POINT('',(1.279527559055E-2,4.724409448819E-2,
4.133858267717E-2));
#1999=LINE('',#1998,#1997);
#2000=DIRECTION('',(1.E0,0.E0,0.E0));
#2001=VECTOR('',#2000,2.559055118110E-2);
#2002=CARTESIAN_POINT('',(-1.279527559055E-2,3.149606299213E-2,
4.133858267717E-2));
#2003=LINE('',#2002,#2001);
#2004=DIRECTION('',(0.E0,-1.E0,0.E0));
#2005=VECTOR('',#2004,1.574803149606E-2);
#2006=CARTESIAN_POINT('',(-1.279527559055E-2,4.724409448819E-2,
4.133858267717E-2));
#2007=LINE('',#2006,#2005);
#2008=CARTESIAN_POINT('',(1.279527559055E-2,5.393700787391E-2,
-1.574803149582E-2));
#2009=DIRECTION('',(1.E0,0.E0,0.E0));
#2010=DIRECTION('',(0.E0,0.E0,-1.E0));
#2011=AXIS2_PLACEMENT_3D('',#2008,#2009,#2010);
#2013=CARTESIAN_POINT('',(-1.279527559055E-2,5.393700787391E-2,
-1.574803149582E-2));
#2014=DIRECTION('',(1.E0,0.E0,0.E0));
#2015=DIRECTION('',(0.E0,0.E0,-1.E0));
#2016=AXIS2_PLACEMENT_3D('',#2013,#2014,#2015);
#2018=DIRECTION('',(1.E0,0.E0,0.E0));
#2019=VECTOR('',#2018,2.559055118110E-2);
#2020=CARTESIAN_POINT('',(-1.279527559055E-2,5.393700787391E-2,
-1.968503937008E-2));
#2021=LINE('',#2020,#2019);
#2022=DIRECTION('',(0.E0,0.E0,1.E0));
#2023=VECTOR('',#2022,3.149606299163E-2);
#2024=CARTESIAN_POINT('',(1.279527559055E-2,5.787401574818E-2,
-1.574803149582E-2));
#2025=LINE('',#2024,#2023);
#2026=DIRECTION('',(0.E0,0.E0,1.E0));
#2027=VECTOR('',#2026,3.149606299163E-2);
#2028=CARTESIAN_POINT('',(-1.279527559055E-2,5.787401574818E-2,
-1.574803149582E-2));
#2029=LINE('',#2028,#2027);
#2030=DIRECTION('',(1.E0,0.E0,0.E0));
#2031=VECTOR('',#2030,2.559055118110E-2);
#2032=CARTESIAN_POINT('',(-1.279527559055E-2,5.787401574818E-2,
-1.574803149582E-2));
#2033=LINE('',#2032,#2031);
#2034=CARTESIAN_POINT('',(1.279527559055E-2,5.393700787391E-2,
1.574803149582E-2));
#2035=DIRECTION('',(1.E0,0.E0,0.E0));
#2036=DIRECTION('',(0.E0,1.E0,0.E0));
#2037=AXIS2_PLACEMENT_3D('',#2034,#2035,#2036);
#2039=CARTESIAN_POINT('',(-1.279527559055E-2,5.393700787391E-2,
1.574803149582E-2));
#2040=DIRECTION('',(1.E0,0.E0,0.E0));
#2041=DIRECTION('',(0.E0,1.E0,0.E0));
#2042=AXIS2_PLACEMENT_3D('',#2039,#2040,#2041);
#2044=DIRECTION('',(1.E0,0.E0,0.E0));
#2045=VECTOR('',#2044,2.559055118110E-2);
#2046=CARTESIAN_POINT('',(-1.279527559055E-2,5.787401574818E-2,
1.574803149582E-2));
#2047=LINE('',#2046,#2045);
#2048=DIRECTION('',(-1.E0,0.E0,0.E0));
#2049=VECTOR('',#2048,2.559055118110E-2);
#2050=CARTESIAN_POINT('',(1.279527559055E-2,3.149606299213E-2,
-4.133858267717E-2));
#2051=LINE('',#2050,#2049);
#2052=DIRECTION('',(0.E0,-1.E0,0.E0));
#2053=VECTOR('',#2052,1.574803149606E-2);
#2054=CARTESIAN_POINT('',(1.279527559055E-2,4.724409448819E-2,
-4.133858267717E-2));
#2055=LINE('',#2054,#2053);
#2056=DIRECTION('',(0.E0,-1.E0,0.E0));
#2057=VECTOR('',#2056,1.968503937008E-4);
#2058=CARTESIAN_POINT('',(4.269685039370E-2,5.905511811024E-2,
-9.728510860852E-3));
#2059=LINE('',#2058,#2057);
#2060=DIRECTION('',(0.E0,-1.E0,0.E0));
#2061=VECTOR('',#2060,1.968503937008E-4);
#2062=CARTESIAN_POINT('',(4.098383334209E-2,5.905511811024E-2,
-9.728510860852E-3));
#2063=LINE('',#2062,#2061);
#2064=DIRECTION('',(0.E0,-1.E0,2.643718577389E-14));
#2065=VECTOR('',#2064,1.968503937008E-4);
#2066=CARTESIAN_POINT('',(4.098383334209E-2,5.905511811024E-2,
-1.509596508906E-2));
#2067=LINE('',#2066,#2065);
#2068=DIRECTION('',(0.E0,-1.E0,2.643718577389E-14));
#2069=VECTOR('',#2068,1.968503937008E-4);
#2070=CARTESIAN_POINT('',(2.659448818898E-2,5.905511811024E-2,
-1.509596508906E-2));
#2071=LINE('',#2070,#2069);
#2072=DIRECTION('',(0.E0,-1.E0,0.E0));
#2073=VECTOR('',#2072,1.968503937008E-4);
#2074=CARTESIAN_POINT('',(2.659448818898E-2,5.905511811024E-2,
-1.710876036465E-2));
#2075=LINE('',#2074,#2073);
#2076=DIRECTION('',(0.E0,-1.E0,0.E0));
#2077=VECTOR('',#2076,1.968503937008E-4);
#2078=CARTESIAN_POINT('',(4.098383334209E-2,5.905511811024E-2,
-1.710876036465E-2));
#2079=LINE('',#2078,#2077);
#2080=DIRECTION('',(0.E0,-1.E0,1.762479051593E-14));
#2081=VECTOR('',#2080,1.968503937008E-4);
#2082=CARTESIAN_POINT('',(4.098383334209E-2,5.905511811024E-2,
-2.247621459285E-2));
#2083=LINE('',#2082,#2081);
#2084=DIRECTION('',(0.E0,-1.E0,1.762479051593E-14));
#2085=VECTOR('',#2084,1.968503937008E-4);
#2086=CARTESIAN_POINT('',(4.269685039370E-2,5.905511811024E-2,
-2.247621459285E-2));
#2087=LINE('',#2086,#2085);
#2088=DIRECTION('',(0.E0,0.E0,-1.E0));
#2089=VECTOR('',#2088,1.274770373200E-2);
#2090=CARTESIAN_POINT('',(4.269685039370E-2,5.885826771654E-2,
-9.728510860852E-3));
#2091=LINE('',#2090,#2089);
#2092=DIRECTION('',(1.E0,0.E0,0.E0));
#2093=VECTOR('',#2092,1.713017051614E-3);
#2094=CARTESIAN_POINT('',(4.098383334209E-2,5.885826771654E-2,
-9.728510860852E-3));
#2095=LINE('',#2094,#2093);
#2096=DIRECTION('',(0.E0,0.E0,1.E0));
#2097=VECTOR('',#2096,5.367454228204E-3);
#2098=CARTESIAN_POINT('',(4.098383334209E-2,5.885826771654E-2,
-1.509596508906E-2));
#2099=LINE('',#2098,#2097);
#2100=DIRECTION('',(1.E0,0.E0,0.E0));
#2101=VECTOR('',#2100,1.438934515311E-2);
#2102=CARTESIAN_POINT('',(2.659448818898E-2,5.885826771654E-2,
-1.509596508906E-2));
#2103=LINE('',#2102,#2101);
#2104=DIRECTION('',(0.E0,0.E0,1.E0));
#2105=VECTOR('',#2104,2.012795275591E-3);
#2106=CARTESIAN_POINT('',(2.659448818898E-2,5.885826771654E-2,
-1.710876036465E-2));
#2107=LINE('',#2106,#2105);
#2108=DIRECTION('',(-1.E0,0.E0,0.E0));
#2109=VECTOR('',#2108,1.438934515311E-2);
#2110=CARTESIAN_POINT('',(4.098383334209E-2,5.885826771654E-2,
-1.710876036465E-2));
#2111=LINE('',#2110,#2109);
#2112=DIRECTION('',(0.E0,0.E0,1.E0));
#2113=VECTOR('',#2112,5.367454228204E-3);
#2114=CARTESIAN_POINT('',(4.098383334209E-2,5.885826771654E-2,
-2.247621459285E-2));
#2115=LINE('',#2114,#2113);
#2116=DIRECTION('',(-1.E0,0.E0,0.E0));
#2117=VECTOR('',#2116,1.713017051614E-3);
#2118=CARTESIAN_POINT('',(4.269685039370E-2,5.885826771654E-2,
-2.247621459285E-2));
#2119=LINE('',#2118,#2117);
#2120=DIRECTION('',(0.E0,-1.E0,0.E0));
#2121=VECTOR('',#2120,1.968503937008E-4);
#2122=CARTESIAN_POINT('',(-3.200996810761E-2,5.905511811024E-2,
-8.722112287921E-3));
#2123=LINE('',#2122,#2121);
#2124=DIRECTION('',(0.E0,-1.E0,0.E0));
#2125=VECTOR('',#2124,1.968503937008E-4);
#2126=CARTESIAN_POINT('',(-3.063955446632E-2,5.905511811024E-2,
-8.722112287921E-3));
#2127=LINE('',#2126,#2125);
#2128=DIRECTION('',(0.E0,-1.E0,-1.762479051593E-14));
#2129=VECTOR('',#2128,1.968503937008E-4);
#2130=CARTESIAN_POINT('',(-3.063955446632E-2,5.905511811024E-2,
-7.380249090786E-3));
#2131=LINE('',#2130,#2129);
#2132=DIRECTION('',(0.E0,-1.E0,2.643718577389E-14));
#2133=VECTOR('',#2132,1.968503937008E-4);
#2134=CARTESIAN_POINT('',(-2.995434764567E-2,5.905511811024E-2,
-5.367453335308E-3));
#2135=LINE('',#2134,#2133);
#2136=DIRECTION('',(-5.287437154778E-14,-1.E0,0.E0));
#2137=VECTOR('',#2136,1.968503937008E-4);
#2138=CARTESIAN_POINT('',(-2.926914082503E-2,5.905511811024E-2,
-4.696522216628E-3));
#2139=LINE('',#2138,#2137);
#2140=DIRECTION('',(0.E0,-1.E0,1.321859288694E-14));
#2141=VECTOR('',#2140,1.968503937008E-4);
#2142=CARTESIAN_POINT('',(-2.789872718374E-2,5.905511811024E-2,
-4.025590138173E-3));
#2143=LINE('',#2142,#2141);
#2144=DIRECTION('',(0.E0,-1.E0,0.E0));
#2145=VECTOR('',#2144,1.968503937008E-4);
#2146=CARTESIAN_POINT('',(-2.721351940331E-2,5.905511811024E-2,
-4.025590138173E-3));
#2147=LINE('',#2146,#2145);
#2148=DIRECTION('',(0.E0,-1.E0,0.E0));
#2149=VECTOR('',#2148,1.968503937008E-4);
#2150=CARTESIAN_POINT('',(-2.618570917235E-2,5.905511811024E-2,
-4.696522216628E-3));
#2151=LINE('',#2150,#2149);
#2152=DIRECTION('',(0.E0,-1.E0,0.E0));
#2153=VECTOR('',#2152,1.968503937008E-4);
#2154=CARTESIAN_POINT('',(-2.550050235170E-2,5.905511811024E-2,
-5.702919854423E-3));
#2155=LINE('',#2154,#2153);
#2156=DIRECTION('',(0.E0,-1.E0,-1.321859288694E-14));
#2157=VECTOR('',#2156,1.968503937008E-4);
#2158=CARTESIAN_POINT('',(-2.515789894138E-2,5.905511811024E-2,
-7.380249090786E-3));
#2159=LINE('',#2158,#2157);
#2160=DIRECTION('',(0.E0,-1.E0,-2.643718577389E-14));
#2161=VECTOR('',#2160,1.968503937008E-4);
#2162=CARTESIAN_POINT('',(-2.515789894138E-2,5.905511811024E-2,
-8.722112287921E-3));
#2163=LINE('',#2162,#2161);
#2164=DIRECTION('',(0.E0,-1.E0,3.524958103185E-14));
#2165=VECTOR('',#2164,1.968503937008E-4);
#2166=CARTESIAN_POINT('',(-2.550050235170E-2,5.905511811024E-2,
-1.039944176423E-2));
#2167=LINE('',#2166,#2165);
#2168=DIRECTION('',(-3.524958103185E-14,-1.E0,1.762479051593E-14));
#2169=VECTOR('',#2168,1.968503937008E-4);
#2170=CARTESIAN_POINT('',(-2.618570917235E-2,5.905511811024E-2,
-1.140583940202E-2));
#2171=LINE('',#2170,#2169);
#2172=DIRECTION('',(0.E0,-1.E0,0.E0));
#2173=VECTOR('',#2172,1.968503937008E-4);
#2174=CARTESIAN_POINT('',(-2.721351940331E-2,5.905511811024E-2,
-1.207677124053E-2));
#2175=LINE('',#2174,#2173);
#2176=DIRECTION('',(0.E0,-1.E0,-2.643718577389E-14));
#2177=VECTOR('',#2176,1.968503937008E-4);
#2178=CARTESIAN_POINT('',(-2.721351940331E-2,5.905511811024E-2,
-1.375410062686E-2));
#2179=LINE('',#2178,#2177);
#2180=DIRECTION('',(0.E0,-1.E0,0.E0));
#2181=VECTOR('',#2180,1.968503937008E-4);
#2182=CARTESIAN_POINT('',(-2.584310576202E-2,5.905511811024E-2,
-1.341863473760E-2));
#2183=LINE('',#2182,#2181);
#2184=DIRECTION('',(0.E0,-1.E0,0.E0));
#2185=VECTOR('',#2184,1.968503937008E-4);
#2186=CARTESIAN_POINT('',(-2.447269212073E-2,5.905511811024E-2,
-1.207677124053E-2));
#2187=LINE('',#2186,#2185);
#2188=DIRECTION('',(1.762479051593E-14,-1.E0,6.168676680574E-14));
#2189=VECTOR('',#2188,1.968503937008E-4);
#2190=CARTESIAN_POINT('',(-2.378748530009E-2,5.905511811024E-2,
-1.073490780346E-2));
#2191=LINE('',#2190,#2189);
#2192=DIRECTION('',(0.E0,-1.E0,2.643718577389E-14));
#2193=VECTOR('',#2192,1.968503937008E-4);
#2194=CARTESIAN_POINT('',(-2.344488188976E-2,5.905511811024E-2,
-8.386646728581E-3));
#2195=LINE('',#2194,#2193);
#2196=DIRECTION('',(0.E0,-1.E0,-5.728056917676E-14));
#2197=VECTOR('',#2196,1.968503937008E-4);
#2198=CARTESIAN_POINT('',(-2.344488188976E-2,5.905511811024E-2,
-7.715714650126E-3));
#2199=LINE('',#2198,#2197);
#2200=DIRECTION('',(0.E0,-1.E0,2.643718577389E-14));
#2201=VECTOR('',#2200,1.968503937008E-4);
#2202=CARTESIAN_POINT('',(-2.378748530009E-2,5.905511811024E-2,
-5.367453335308E-3));
#2203=LINE('',#2202,#2201);
#2204=DIRECTION('',(-1.762479051593E-14,-1.E0,3.524958103185E-14));
#2205=VECTOR('',#2204,1.968503937008E-4);
#2206=CARTESIAN_POINT('',(-2.447269212073E-2,5.905511811024E-2,
-4.025590138173E-3));
#2207=LINE('',#2206,#2205);
#2208=DIRECTION('',(0.E0,-1.E0,2.423408695940E-14));
#2209=VECTOR('',#2208,1.968503937008E-4);
#2210=CARTESIAN_POINT('',(-2.584310576202E-2,5.905511811024E-2,
-2.683726941037E-3));
#2211=LINE('',#2210,#2209);
#2212=DIRECTION('',(0.E0,-1.E0,0.E0));
#2213=VECTOR('',#2212,1.968503937008E-4);
#2214=CARTESIAN_POINT('',(-2.721351940331E-2,5.905511811024E-2,
-2.348260421922E-3));
#2215=LINE('',#2214,#2213);
#2216=DIRECTION('',(0.E0,-1.E0,0.E0));
#2217=VECTOR('',#2216,1.968503937008E-4);
#2218=CARTESIAN_POINT('',(-2.789872718374E-2,5.905511811024E-2,
-2.348260421922E-3));
#2219=LINE('',#2218,#2217);
#2220=DIRECTION('',(0.E0,-1.E0,1.982788933042E-14));
#2221=VECTOR('',#2220,1.968503937008E-4);
#2222=CARTESIAN_POINT('',(-2.926914082503E-2,5.905511811024E-2,
-2.683726941037E-3));
#2223=LINE('',#2222,#2221);
#2224=DIRECTION('',(0.E0,-1.E0,-1.762479051593E-14));
#2225=VECTOR('',#2224,1.968503937008E-4);
#2226=CARTESIAN_POINT('',(-3.029695105600E-2,5.905511811024E-2,
-3.354658059717E-3));
#2227=LINE('',#2226,#2225);
#2228=DIRECTION('',(0.E0,-1.E0,-1.321859288694E-14));
#2229=VECTOR('',#2228,1.968503937008E-4);
#2230=CARTESIAN_POINT('',(-3.132476128696E-2,5.905511811024E-2,
-4.696522216628E-3));
#2231=LINE('',#2230,#2229);
#2232=DIRECTION('',(-7.049916206370E-14,-1.E0,0.E0));
#2233=VECTOR('',#2232,1.968503937008E-4);
#2234=CARTESIAN_POINT('',(-3.200996810761E-2,5.905511811024E-2,
-3.019192500377E-3));
#2235=LINE('',#2234,#2233);
#2236=DIRECTION('',(0.E0,-1.E0,0.E0));
#2237=VECTOR('',#2236,1.968503937008E-4);
#2238=CARTESIAN_POINT('',(-3.303777833858E-2,5.905511811024E-2,
-2.348260421922E-3));
#2239=LINE('',#2238,#2237);
#2240=DIRECTION('',(-7.049916206370E-14,-1.E0,1.762479051593E-14));
#2241=VECTOR('',#2240,1.968503937008E-4);
#2242=CARTESIAN_POINT('',(-3.440819245976E-2,5.905511811024E-2,
-2.012794862582E-3));
#2243=LINE('',#2242,#2241);
#2244=DIRECTION('',(3.524958103185E-14,-1.E0,1.762479051593E-14));
#2245=VECTOR('',#2244,1.968503937008E-4);
#2246=CARTESIAN_POINT('',(-3.577860610105E-2,5.905511811024E-2,
-2.012794862582E-3));
#2247=LINE('',#2246,#2245);
#2248=DIRECTION('',(3.524958103185E-14,-1.E0,0.E0));
#2249=VECTOR('',#2248,1.968503937008E-4);
#2250=CARTESIAN_POINT('',(-3.680641657196E-2,5.905511811024E-2,
-2.348260421922E-3));
#2251=LINE('',#2250,#2249);
#2252=DIRECTION('',(0.E0,-1.E0,-2.203098814491E-14));
#2253=VECTOR('',#2252,1.968503937008E-4);
#2254=CARTESIAN_POINT('',(-3.783422680293E-2,5.905511811024E-2,
-3.019192500377E-3));
#2255=LINE('',#2254,#2253);
#2256=DIRECTION('',(0.E0,-1.E0,1.321859288694E-14));
#2257=VECTOR('',#2256,1.968503937008E-4);
#2258=CARTESIAN_POINT('',(-3.851943374355E-2,5.905511811024E-2,
-4.025590138173E-3));
#2259=LINE('',#2258,#2257);
#2260=DIRECTION('',(3.524958103185E-14,-1.E0,-2.203098814491E-14));
#2261=VECTOR('',#2260,1.968503937008E-4);
#2262=CARTESIAN_POINT('',(-3.920464065417E-2,5.905511811024E-2,
-5.367453335308E-3));
#2263=LINE('',#2262,#2261);
#2264=DIRECTION('',(0.E0,-1.E0,0.E0));
#2265=VECTOR('',#2264,1.968503937008E-4);
#2266=CARTESIAN_POINT('',(-3.954724409449E-2,5.905511811024E-2,
-6.709317012331E-3));
#2267=LINE('',#2266,#2265);
#2268=DIRECTION('',(0.E0,-1.E0,-1.762479051593E-14));
#2269=VECTOR('',#2268,1.968503937008E-4);
#2270=CARTESIAN_POINT('',(-3.954724409449E-2,5.905511811024E-2,
-9.393044366377E-3));
#2271=LINE('',#2270,#2269);
#2272=DIRECTION('',(0.E0,-1.E0,2.643718577389E-14));
#2273=VECTOR('',#2272,1.968503937008E-4);
#2274=CARTESIAN_POINT('',(-3.920464065417E-2,5.905511811024E-2,
-1.073490780346E-2));
#2275=LINE('',#2274,#2273);
#2276=DIRECTION('',(0.E0,-1.E0,0.E0));
#2277=VECTOR('',#2276,1.968503937008E-4);
#2278=CARTESIAN_POINT('',(-3.851943374355E-2,5.905511811024E-2,
-1.207677124053E-2));
#2279=LINE('',#2278,#2277);
#2280=DIRECTION('',(0.E0,-1.E0,0.E0));
#2281=VECTOR('',#2280,1.968503937008E-4);
#2282=CARTESIAN_POINT('',(-3.783422680293E-2,5.905511811024E-2,
-1.308316887833E-2));
#2283=LINE('',#2282,#2281);
#2284=DIRECTION('',(0.E0,-1.E0,2.643718577389E-14));
#2285=VECTOR('',#2284,1.968503937008E-4);
#2286=CARTESIAN_POINT('',(-3.680641657196E-2,5.905511811024E-2,
-1.375410062686E-2));
#2287=LINE('',#2286,#2285);
#2288=DIRECTION('',(0.E0,-1.E0,2.643718577389E-14));
#2289=VECTOR('',#2288,1.968503937008E-4);
#2290=CARTESIAN_POINT('',(-3.577860610105E-2,5.905511811024E-2,
-1.408956651613E-2));
#2291=LINE('',#2290,#2289);
#2292=DIRECTION('',(0.E0,-1.E0,3.524958103185E-14));
#2293=VECTOR('',#2292,1.968503937008E-4);
#2294=CARTESIAN_POINT('',(-3.577860610105E-2,5.905511811024E-2,
-1.241223715979E-2));
#2295=LINE('',#2294,#2293);
#2296=DIRECTION('',(-3.524958103185E-14,-1.E0,4.406197628981E-14));
#2297=VECTOR('',#2296,1.968503937008E-4);
#2298=CARTESIAN_POINT('',(-3.646381292169E-2,5.905511811024E-2,
-1.207677124053E-2));
#2299=LINE('',#2298,#2297);
#2300=DIRECTION('',(0.E0,-1.E0,6.168676680574E-14));
#2301=VECTOR('',#2300,1.968503937008E-4);
#2302=CARTESIAN_POINT('',(-3.714901998228E-2,5.905511811024E-2,
-1.140583940202E-2));
#2303=LINE('',#2302,#2301);
#2304=DIRECTION('',(0.E0,-1.E0,6.168676680574E-14));
#2305=VECTOR('',#2304,1.968503937008E-4);
#2306=CARTESIAN_POINT('',(-3.749162339261E-2,5.905511811024E-2,
-1.073490780346E-2));
#2307=LINE('',#2306,#2305);
#2308=DIRECTION('',(0.E0,-1.E0,0.E0));
#2309=VECTOR('',#2308,1.968503937008E-4);
#2310=CARTESIAN_POINT('',(-3.783422680293E-2,5.905511811024E-2,
-9.057578327149E-3));
#2311=LINE('',#2310,#2309);
#2312=DIRECTION('',(0.E0,-1.E0,0.E0));
#2313=VECTOR('',#2312,1.968503937008E-4);
#2314=CARTESIAN_POINT('',(-3.783422680293E-2,5.905511811024E-2,
-7.044783051558E-3));
#2315=LINE('',#2314,#2313);
#2316=DIRECTION('',(0.E0,-1.E0,2.643718577389E-14));
#2317=VECTOR('',#2316,1.968503937008E-4);
#2318=CARTESIAN_POINT('',(-3.749162339261E-2,5.905511811024E-2,
-5.367453335308E-3));
#2319=LINE('',#2318,#2317);
#2320=DIRECTION('',(0.E0,-1.E0,0.E0));
#2321=VECTOR('',#2320,1.968503937008E-4);
#2322=CARTESIAN_POINT('',(-3.714901998228E-2,5.905511811024E-2,
-4.696522216628E-3));
#2323=LINE('',#2322,#2321);
#2324=DIRECTION('',(0.E0,-1.E0,0.E0));
#2325=VECTOR('',#2324,1.968503937008E-4);
#2326=CARTESIAN_POINT('',(-3.646381292169E-2,5.905511811024E-2,
-4.025590138173E-3));
#2327=LINE('',#2326,#2325);
#2328=DIRECTION('',(0.E0,-1.E0,0.E0));
#2329=VECTOR('',#2328,1.968503937008E-4);
#2330=CARTESIAN_POINT('',(-3.577860610105E-2,5.905511811024E-2,
-3.690124578833E-3));
#2331=LINE('',#2330,#2329);
#2332=DIRECTION('',(0.E0,-1.E0,0.E0));
#2333=VECTOR('',#2332,1.968503937008E-4);
#2334=CARTESIAN_POINT('',(-3.440819245976E-2,5.905511811024E-2,
-3.690124578833E-3));
#2335=LINE('',#2334,#2333);
#2336=DIRECTION('',(0.E0,-1.E0,0.E0));
#2337=VECTOR('',#2336,1.968503937008E-4);
#2338=CARTESIAN_POINT('',(-3.303777833858E-2,5.905511811024E-2,
-4.361055697512E-3));
#2339=LINE('',#2338,#2337);
#2340=DIRECTION('',(0.E0,-1.E0,-2.203098814491E-14));
#2341=VECTOR('',#2340,1.968503937008E-4);
#2342=CARTESIAN_POINT('',(-3.235257151793E-2,5.905511811024E-2,
-5.367453335308E-3));
#2343=LINE('',#2342,#2341);
#2344=DIRECTION('',(0.E0,-1.E0,-3.524958103185E-14));
#2345=VECTOR('',#2344,1.968503937008E-4);
#2346=CARTESIAN_POINT('',(-3.200996810761E-2,5.905511811024E-2,
-7.380249090786E-3));
#2347=LINE('',#2346,#2345);
#2348=DIRECTION('',(8.373790012342E-1,0.E0,5.466227293958E-1));
#2349=VECTOR('',#2348,1.227413428631E-3);
#2350=CARTESIAN_POINT('',(-3.783422680293E-2,5.885826771654E-2,
-3.019192500377E-3));
#2351=LINE('',#2350,#2349);
#2352=DIRECTION('',(5.627909985696E-1,0.E0,8.265992329593E-1));
#2353=VECTOR('',#2352,1.217515813791E-3);
#2354=CARTESIAN_POINT('',(-3.851943374355E-2,5.885826771654E-2,
-4.025590138173E-3));
#2355=LINE('',#2354,#2353);
#2356=DIRECTION('',(4.547772469181E-1,0.E0,8.906052187617E-1));
#2357=VECTOR('',#2356,1.506686878616E-3);
#2358=CARTESIAN_POINT('',(-3.920464065417E-2,5.885826771654E-2,
-5.367453335308E-3));
#2359=LINE('',#2358,#2357);
#2360=DIRECTION('',(2.473832102262E-1,0.E0,9.689177195707E-1));
#2361=VECTOR('',#2360,1.384909832816E-3);
#2362=CARTESIAN_POINT('',(-3.954724409449E-2,5.885826771654E-2,
-6.709317012331E-3));
#2363=LINE('',#2362,#2361);
#2364=DIRECTION('',(0.E0,0.E0,1.E0));
#2365=VECTOR('',#2364,2.683727354046E-3);
#2366=CARTESIAN_POINT('',(-3.954724409449E-2,5.885826771654E-2,
-9.393044366377E-3));
#2367=LINE('',#2366,#2365);
#2368=DIRECTION('',(-2.473832517546E-1,0.E0,9.689177089677E-1));
#2369=VECTOR('',#2368,1.384909600330E-3);
#2370=CARTESIAN_POINT('',(-3.920464065417E-2,5.885826771654E-2,
-1.073490780346E-2));
#2371=LINE('',#2370,#2369);
#2372=DIRECTION('',(-4.547771824165E-1,0.E0,8.906052516987E-1));
#2373=VECTOR('',#2372,1.506687092311E-3);
#2374=CARTESIAN_POINT('',(-3.851943374355E-2,5.885826771654E-2,
-1.207677124053E-2));
#2375=LINE('',#2374,#2373);
#2376=DIRECTION('',(-5.627909985696E-1,0.E0,8.265992329593E-1));
#2377=VECTOR('',#2376,1.217515813791E-3);
#2378=CARTESIAN_POINT('',(-3.783422680293E-2,5.885826771654E-2,
-1.308316887833E-2));
#2379=LINE('',#2378,#2377);
#2380=DIRECTION('',(-8.373791242699E-1,0.E0,5.466225409156E-1));
#2381=VECTOR('',#2380,1.227413248288E-3);
#2382=CARTESIAN_POINT('',(-3.680641657196E-2,5.885826771654E-2,
-1.375410062686E-2));
#2383=LINE('',#2382,#2381);
#2384=DIRECTION('',(-9.506452107490E-1,0.E0,3.102800078639E-1));
#2385=VECTOR('',#2384,1.081171460489E-3);
#2386=CARTESIAN_POINT('',(-3.577860610105E-2,5.885826771654E-2,
-1.408956651613E-2));
#2387=LINE('',#2386,#2385);
#2388=DIRECTION('',(0.E0,0.E0,-1.E0));
#2389=VECTOR('',#2388,1.677329356335E-3);
#2390=CARTESIAN_POINT('',(-3.577860610105E-2,5.885826771654E-2,
-1.241223715979E-2));
#2391=LINE('',#2390,#2389);
#2392=DIRECTION('',(8.981380764698E-1,0.E0,-4.397135381076E-1));
#2393=VECTOR('',#2392,7.629192421492E-4);
#2394=CARTESIAN_POINT('',(-3.646381292169E-2,5.885826771654E-2,
-1.207677124053E-2));
#2395=LINE('',#2394,#2393);
#2396=DIRECTION('',(7.145104655794E-1,0.E0,-6.996247526907E-1));
#2397=VECTOR('',#2396,9.589881374710E-4);
#2398=CARTESIAN_POINT('',(-3.714901998228E-2,5.885826771654E-2,
-1.140583940202E-2));
#2399=LINE('',#2398,#2397);
#2400=DIRECTION('',(4.547771995498E-1,0.E0,-8.906052429498E-1));
#2401=VECTOR('',#2400,7.533434188478E-4);
#2402=CARTESIAN_POINT('',(-3.749162339261E-2,5.885826771654E-2,
-1.073490780346E-2));
#2403=LINE('',#2402,#2401);
#2404=DIRECTION('',(2.001233458994E-1,0.E0,-9.797707111493E-1));
#2405=VECTOR('',#2404,1.711961234623E-3);
#2406=CARTESIAN_POINT('',(-3.783422680293E-2,5.885826771654E-2,
-9.057578327149E-3));
#2407=LINE('',#2406,#2405);
#2408=DIRECTION('',(0.E0,0.E0,-1.E0));
#2409=VECTOR('',#2408,2.012795275591E-3);
#2410=CARTESIAN_POINT('',(-3.783422680293E-2,5.885826771654E-2,
-7.044783051558E-3));
#2411=LINE('',#2410,#2409);
#2412=DIRECTION('',(-2.001233184180E-1,0.E0,-9.797707167625E-1));
#2413=VECTOR('',#2412,1.711961469713E-3);
#2414=CARTESIAN_POINT('',(-3.749162339261E-2,5.885826771654E-2,
-5.367453335308E-3));
#2415=LINE('',#2414,#2413);
#2416=DIRECTION('',(-4.547774575564E-1,0.E0,-8.906051112017E-1));
#2417=VECTOR('',#2416,7.533429914573E-4);
#2418=CARTESIAN_POINT('',(-3.714901998228E-2,5.885826771654E-2,
-4.696522216628E-3));
#2419=LINE('',#2418,#2417);
#2420=DIRECTION('',(-7.145103405045E-1,0.E0,-6.996248804268E-1));
#2421=VECTOR('',#2420,9.589883053417E-4);
#2422=CARTESIAN_POINT('',(-3.646381292169E-2,5.885826771654E-2,
-4.025590138173E-3));
#2423=LINE('',#2422,#2421);
#2424=DIRECTION('',(-8.981382627794E-1,0.E0,-4.397131575602E-1));
#2425=VECTOR('',#2424,7.629190838894E-4);
#2426=CARTESIAN_POINT('',(-3.577860610105E-2,5.885826771654E-2,
-3.690124578833E-3));
#2427=LINE('',#2426,#2425);
#2428=DIRECTION('',(-1.E0,0.E0,0.E0));
#2429=VECTOR('',#2428,1.370413641291E-3);
#2430=CARTESIAN_POINT('',(-3.440819245976E-2,5.885826771654E-2,
-3.690124578833E-3));
#2431=LINE('',#2430,#2429);
#2432=DIRECTION('',(-8.981383235887E-1,0.E0,4.397130333538E-1));
#2433=VECTOR('',#2432,1.525838598784E-3);
#2434=CARTESIAN_POINT('',(-3.303777833858E-2,5.885826771654E-2,
-4.361055697512E-3));
#2435=LINE('',#2434,#2433);
#2436=DIRECTION('',(-5.627909312417E-1,0.E0,8.265992787996E-1));
#2437=VECTOR('',#2436,1.217515746272E-3);
#2438=CARTESIAN_POINT('',(-3.235257151793E-2,5.885826771654E-2,
-5.367453335308E-3));
#2439=LINE('',#2438,#2437);
#2440=DIRECTION('',(-1.677992897283E-1,0.E0,9.858211797109E-1));
#2441=VECTOR('',#2440,2.041745295094E-3);
#2442=CARTESIAN_POINT('',(-3.200996810761E-2,5.885826771654E-2,
-7.380249090786E-3));
#2443=LINE('',#2442,#2441);
#2444=DIRECTION('',(0.E0,0.E0,1.E0));
#2445=VECTOR('',#2444,1.341863197135E-3);
#2446=CARTESIAN_POINT('',(-3.200996810761E-2,5.885826771654E-2,
-8.722112287921E-3));
#2447=LINE('',#2446,#2445);
#2448=DIRECTION('',(-1.E0,0.E0,0.E0));
#2449=VECTOR('',#2448,1.370413641291E-3);
#2450=CARTESIAN_POINT('',(-3.063955446632E-2,5.885826771654E-2,
-8.722112287921E-3));
#2451=LINE('',#2450,#2449);
#2452=DIRECTION('',(0.E0,0.E0,-1.E0));
#2453=VECTOR('',#2452,1.341863197135E-3);
#2454=CARTESIAN_POINT('',(-3.063955446632E-2,5.885826771654E-2,
-7.380249090786E-3));
#2455=LINE('',#2454,#2453);
#2456=DIRECTION('',(-3.222636945230E-1,0.E0,-9.466499412097E-1));
#2457=VECTOR('',#2456,2.126230265124E-3);
#2458=CARTESIAN_POINT('',(-2.995434764567E-2,5.885826771654E-2,
-5.367453335308E-3));
#2459=LINE('',#2458,#2457);
#2460=DIRECTION('',(-7.145107183351E-1,0.E0,-6.996244945571E-1));
#2461=VECTOR('',#2460,9.589874624166E-4);
#2462=CARTESIAN_POINT('',(-2.926914082503E-2,5.885826771654E-2,
-4.696522216628E-3));
#2463=LINE('',#2462,#2461);
#2464=DIRECTION('',(-8.981380143666E-1,0.E0,-4.397136649566E-1));
#2465=VECTOR('',#2464,1.525838589805E-3);
#2466=CARTESIAN_POINT('',(-2.789872718374E-2,5.885826771654E-2,
-4.025590138173E-3));
#2467=LINE('',#2466,#2465);
#2468=DIRECTION('',(-1.E0,0.E0,0.E0));
#2469=VECTOR('',#2468,6.852077804212E-4);
#2470=CARTESIAN_POINT('',(-2.721351940331E-2,5.885826771654E-2,
-4.025590138173E-3));
#2471=LINE('',#2470,#2469);
#2472=DIRECTION('',(-8.373790012341E-1,0.E0,5.466227293958E-1));
#2473=VECTOR('',#2472,1.227413428631E-3);
#2474=CARTESIAN_POINT('',(-2.618570917235E-2,5.885826771654E-2,
-4.696522216628E-3));
#2475=LINE('',#2474,#2473);
#2476=DIRECTION('',(-5.627909312417E-1,0.E0,8.265992787996E-1));
#2477=VECTOR('',#2476,1.217515746272E-3);
#2478=CARTESIAN_POINT('',(-2.550050235170E-2,5.885826771654E-2,
-5.702919854423E-3));
#2479=LINE('',#2478,#2477);
#2480=DIRECTION('',(-2.001233733807E-1,0.E0,9.797707055361E-1));
#2481=VECTOR('',#2480,1.711960999533E-3);
#2482=CARTESIAN_POINT('',(-2.515789894138E-2,5.885826771654E-2,
-7.380249090786E-3));
#2483=LINE('',#2482,#2481);
#2484=DIRECTION('',(0.E0,0.E0,1.E0));
#2485=VECTOR('',#2484,1.341863197135E-3);
#2486=CARTESIAN_POINT('',(-2.515789894138E-2,5.885826771654E-2,
-8.722112287921E-3));
#2487=LINE('',#2486,#2485);
#2488=DIRECTION('',(2.001233458994E-1,0.E0,9.797707111493E-1));
#2489=VECTOR('',#2488,1.711961234623E-3);
#2490=CARTESIAN_POINT('',(-2.550050235170E-2,5.885826771654E-2,
-1.039944176423E-2));
#2491=LINE('',#2490,#2489);
#2492=DIRECTION('',(5.627909312417E-1,0.E0,8.265992787996E-1));
#2493=VECTOR('',#2492,1.217515746272E-3);
#2494=CARTESIAN_POINT('',(-2.618570917235E-2,5.885826771654E-2,
-1.140583940202E-2));
#2495=LINE('',#2494,#2493);
#2496=DIRECTION('',(8.373790907147E-1,0.E0,5.466225923193E-1));
#2497=VECTOR('',#2496,1.227413297472E-3);
#2498=CARTESIAN_POINT('',(-2.721351940331E-2,5.885826771654E-2,
-1.207677124053E-2));
#2499=LINE('',#2498,#2497);
#2500=DIRECTION('',(0.E0,0.E0,1.E0));
#2501=VECTOR('',#2500,1.677329386328E-3);
#2502=CARTESIAN_POINT('',(-2.721351940331E-2,5.885826771654E-2,
-1.375410062686E-2));
#2503=LINE('',#2502,#2501);
#2504=DIRECTION('',(-9.713211522284E-1,0.E0,-2.377713591533E-1));
#2505=VECTOR('',#2504,1.410875937528E-3);
#2506=CARTESIAN_POINT('',(-2.584310576202E-2,5.885826771654E-2,
-1.341863473760E-2));
#2507=LINE('',#2506,#2505);
#2508=DIRECTION('',(-7.145103900133E-1,0.E0,-6.996248298646E-1));
#2509=VECTOR('',#2508,1.917975806154E-3);
#2510=CARTESIAN_POINT('',(-2.447269212073E-2,5.885826771654E-2,
-1.207677124053E-2));
#2511=LINE('',#2510,#2509);
#2512=DIRECTION('',(-4.547771350481E-1,0.E0,-8.906052758868E-1));
#2513=VECTOR('',#2512,1.506687051391E-3);
#2514=CARTESIAN_POINT('',(-2.378748530009E-2,5.885826771654E-2,
-1.073490780346E-2));
#2515=LINE('',#2514,#2513);
#2516=DIRECTION('',(-1.443682357291E-1,0.E0,-9.895240333173E-1));
#2517=VECTOR('',#2516,2.373121819995E-3);
#2518=CARTESIAN_POINT('',(-2.344488188976E-2,5.885826771654E-2,
-8.386646728581E-3));
#2519=LINE('',#2518,#2517);
#2520=DIRECTION('',(0.E0,0.E0,-1.E0));
#2521=VECTOR('',#2520,6.709320784554E-4);
#2522=CARTESIAN_POINT('',(-2.344488188976E-2,5.885826771654E-2,
-7.715714650126E-3));
#2523=LINE('',#2522,#2521);
#2524=DIRECTION('',(1.443682212851E-1,0.E0,-9.895240354246E-1));
#2525=VECTOR('',#2524,2.373122057425E-3);
#2526=CARTESIAN_POINT('',(-2.378748530009E-2,5.885826771654E-2,
-5.367453335308E-3));
#2527=LINE('',#2526,#2525);
#2528=DIRECTION('',(4.547771995497E-1,0.E0,-8.906052429498E-1));
#2529=VECTOR('',#2528,1.506686837696E-3);
#2530=CARTESIAN_POINT('',(-2.447269212073E-2,5.885826771654E-2,
-4.025590138173E-3));
#2531=LINE('',#2530,#2529);
#2532=DIRECTION('',(7.145104681852E-1,0.E0,-6.996247500295E-1));
#2533=VECTOR('',#2532,1.917975596316E-3);
#2534=CARTESIAN_POINT('',(-2.584310576202E-2,5.885826771654E-2,
-2.683726941037E-3));
#2535=LINE('',#2534,#2533);
#2536=DIRECTION('',(9.713210491251E-1,0.E0,-2.377717803411E-1));
#2537=VECTOR('',#2536,1.410876087289E-3);
#2538=CARTESIAN_POINT('',(-2.721351940331E-2,5.885826771654E-2,
-2.348260421922E-3));
#2539=LINE('',#2538,#2537);
#2540=DIRECTION('',(1.E0,0.E0,0.E0));
#2541=VECTOR('',#2540,6.852077804212E-4);
#2542=CARTESIAN_POINT('',(-2.789872718374E-2,5.885826771654E-2,
-2.348260421922E-3));
#2543=LINE('',#2542,#2541);
#2544=DIRECTION('',(9.713210491251E-1,0.E0,2.377717803411E-1));
#2545=VECTOR('',#2544,1.410876087289E-3);
#2546=CARTESIAN_POINT('',(-2.926914082503E-2,5.885826771654E-2,
-2.683726941037E-3));
#2547=LINE('',#2546,#2545);
#2548=DIRECTION('',(8.373793591563E-1,0.E0,5.466221810895E-1));
#2549=VECTOR('',#2548,1.227412903996E-3);
#2550=CARTESIAN_POINT('',(-3.029695105600E-2,5.885826771654E-2,
-3.354658059717E-3));
#2551=LINE('',#2550,#2549);
#2552=DIRECTION('',(6.080766493621E-1,0.E0,7.938783209665E-1));
#2553=VECTOR('',#2552,1.690264265281E-3);
#2554=CARTESIAN_POINT('',(-3.132476128696E-2,5.885826771654E-2,
-4.696522216628E-3));
#2555=LINE('',#2554,#2553);
#2556=DIRECTION('',(3.781725326593E-1,0.E0,-9.257351324985E-1));
#2557=VECTOR('',#2556,1.811889445876E-3);
#2558=CARTESIAN_POINT('',(-3.200996810761E-2,5.885826771654E-2,
-3.019192500377E-3));
#2559=LINE('',#2558,#2557);
#2560=DIRECTION('',(8.373790012341E-1,0.E0,-5.466227293958E-1));
#2561=VECTOR('',#2560,1.227413428631E-3);
#2562=CARTESIAN_POINT('',(-3.303777833858E-2,5.885826771654E-2,
-2.348260421922E-3));
#2563=LINE('',#2562,#2561);
#2564=DIRECTION('',(9.713212254645E-1,0.E0,-2.377710599762E-1));
#2565=VECTOR('',#2564,1.410876325207E-3);
#2566=CARTESIAN_POINT('',(-3.440819245976E-2,5.885826771654E-2,
-2.012794862582E-3));
#2567=LINE('',#2566,#2565);
#2568=DIRECTION('',(1.E0,0.E0,0.E0));
#2569=VECTOR('',#2568,1.370413641291E-3);
#2570=CARTESIAN_POINT('',(-3.577860610105E-2,5.885826771654E-2,
-2.012794862582E-3));
#2571=LINE('',#2570,#2569);
#2572=DIRECTION('',(9.506453007588E-1,0.E0,3.102797320889E-1));
#2573=VECTOR('',#2572,1.081171358121E-3);
#2574=CARTESIAN_POINT('',(-3.680641657196E-2,5.885826771654E-2,
-2.348260421922E-3));
#2575=LINE('',#2574,#2573);
#2576=DIRECTION('',(0.E0,-1.E0,0.E0));
#2577=VECTOR('',#2576,1.968503937008E-4);
#2578=CARTESIAN_POINT('',(-1.094444876157E-2,5.905511811024E-2,
-8.853838582677E-2));
#2579=LINE('',#2578,#2577);
#2580=DIRECTION('',(0.E0,-1.E0,0.E0));
#2581=VECTOR('',#2580,1.968503937008E-4);
#2582=CARTESIAN_POINT('',(-1.094444876157E-2,5.905511811024E-2,
-9.055118110236E-2));
#2583=LINE('',#2582,#2581);
#2584=DIRECTION('',(0.E0,-1.E0,0.E0));
#2585=VECTOR('',#2584,1.968503937008E-4);
#2586=CARTESIAN_POINT('',(5.157913443152E-3,5.905511811024E-2,
-9.055118110236E-2));
#2587=LINE('',#2586,#2585);
#2588=DIRECTION('',(0.E0,-1.E0,0.E0));
#2589=VECTOR('',#2588,1.968503937008E-4);
#2590=CARTESIAN_POINT('',(5.157913443152E-3,5.905511811024E-2,
-8.853838582677E-2));
#2591=LINE('',#2590,#2589);
#2592=DIRECTION('',(1.E0,0.E0,0.E0));
#2593=VECTOR('',#2592,1.610236220472E-2);
#2594=CARTESIAN_POINT('',(-1.094444876157E-2,5.885826771654E-2,
-8.853838582677E-2));
#2595=LINE('',#2594,#2593);
#2596=DIRECTION('',(0.E0,0.E0,1.E0));
#2597=VECTOR('',#2596,2.012795275591E-3);
#2598=CARTESIAN_POINT('',(-1.094444876157E-2,5.885826771654E-2,
-9.055118110236E-2));
#2599=LINE('',#2598,#2597);
#2600=DIRECTION('',(-1.E0,0.E0,0.E0));
#2601=VECTOR('',#2600,1.610236220472E-2);
#2602=CARTESIAN_POINT('',(5.157913443152E-3,5.885826771654E-2,
-9.055118110236E-2));
#2603=LINE('',#2602,#2601);
#2604=DIRECTION('',(0.E0,0.E0,-1.E0));
#2605=VECTOR('',#2604,2.012795275591E-3);
#2606=CARTESIAN_POINT('',(5.157913443152E-3,5.885826771654E-2,
-8.853838582677E-2));
#2607=LINE('',#2606,#2605);
#2608=DIRECTION('',(0.E0,-1.E0,0.E0));
#2609=VECTOR('',#2608,1.968503937008E-4);
#2610=CARTESIAN_POINT('',(-1.094444876157E-2,5.905511811024E-2,
9.256397637795E-2));
#2611=LINE('',#2610,#2609);
#2612=DIRECTION('',(0.E0,-1.E0,0.E0));
#2613=VECTOR('',#2612,1.968503937008E-4);
#2614=CARTESIAN_POINT('',(-1.094444876157E-2,5.905511811024E-2,
9.055118110236E-2));
#2615=LINE('',#2614,#2613);
#2616=DIRECTION('',(0.E0,-1.E0,0.E0));
#2617=VECTOR('',#2616,1.968503937008E-4);
#2618=CARTESIAN_POINT('',(5.157913443152E-3,5.905511811024E-2,
9.055118110236E-2));
#2619=LINE('',#2618,#2617);
#2620=DIRECTION('',(0.E0,-1.E0,0.E0));
#2621=VECTOR('',#2620,1.968503937008E-4);
#2622=CARTESIAN_POINT('',(5.157913443152E-3,5.905511811024E-2,
9.256397637795E-2));
#2623=LINE('',#2622,#2621);
#2624=DIRECTION('',(1.E0,0.E0,0.E0));
#2625=VECTOR('',#2624,1.610236220472E-2);
#2626=CARTESIAN_POINT('',(-1.094444876157E-2,5.885826771654E-2,
9.256397637795E-2));
#2627=LINE('',#2626,#2625);
#2628=DIRECTION('',(0.E0,0.E0,1.E0));
#2629=VECTOR('',#2628,2.012795275591E-3);
#2630=CARTESIAN_POINT('',(-1.094444876157E-2,5.885826771654E-2,
9.055118110236E-2));
#2631=LINE('',#2630,#2629);
#2632=DIRECTION('',(-1.E0,0.E0,0.E0));
#2633=VECTOR('',#2632,1.610236220472E-2);
#2634=CARTESIAN_POINT('',(5.157913443152E-3,5.885826771654E-2,
9.055118110236E-2));
#2635=LINE('',#2634,#2633);
#2636=DIRECTION('',(0.E0,0.E0,-1.E0));
#2637=VECTOR('',#2636,2.012795275591E-3);
#2638=CARTESIAN_POINT('',(5.157913443152E-3,5.885826771654E-2,
9.256397637795E-2));
#2639=LINE('',#2638,#2637);
#2640=DIRECTION('',(0.E0,-1.E0,-4.075732806808E-14));
#2641=VECTOR('',#2640,1.968503937008E-4);
#2642=CARTESIAN_POINT('',(4.269685039370E-2,5.905511811024E-2,
1.006397595556E-3));
#2643=LINE('',#2642,#2641);
#2644=DIRECTION('',(-3.524958103185E-14,-1.E0,3.524958103185E-14));
#2645=VECTOR('',#2644,1.968503937008E-4);
#2646=CARTESIAN_POINT('',(4.235424698338E-2,5.905511811024E-2,
2.683726352031E-3));
#2647=LINE('',#2646,#2645);
#2648=DIRECTION('',(-3.524958103185E-14,-1.E0,1.762479051593E-14));
#2649=VECTOR('',#2648,1.968503937008E-4);
#2650=CARTESIAN_POINT('',(4.166904016273E-2,5.905511811024E-2,
4.025590508942E-3));
#2651=LINE('',#2650,#2649);
#2652=DIRECTION('',(3.524958103185E-14,-1.E0,0.E0));
#2653=VECTOR('',#2652,1.968503937008E-4);
#2654=CARTESIAN_POINT('',(4.029862652144E-2,5.905511811024E-2,
5.367452746301E-3));
#2655=LINE('',#2654,#2653);
#2656=DIRECTION('',(0.E0,-1.E0,0.E0));
#2657=VECTOR('',#2656,1.968503937008E-4);
#2658=CARTESIAN_POINT('',(3.892821288015E-2,5.905511811024E-2,
6.038385784532E-3));
#2659=LINE('',#2658,#2657);
#2660=DIRECTION('',(0.E0,-1.E0,0.E0));
#2661=VECTOR('',#2660,1.968503937008E-4);
#2662=CARTESIAN_POINT('',(3.721519486876E-2,5.905511811024E-2,
6.373850384096E-3));
#2663=LINE('',#2662,#2661);
#2664=DIRECTION('',(-3.524958103185E-14,-1.E0,0.E0));
#2665=VECTOR('',#2664,1.968503937008E-4);
#2666=CARTESIAN_POINT('',(3.207614323403E-2,5.905511811024E-2,
6.373850384096E-3));
#2667=LINE('',#2666,#2665);
#2668=DIRECTION('',(0.E0,-1.E0,0.E0));
#2669=VECTOR('',#2668,1.968503937008E-4);
#2670=CARTESIAN_POINT('',(3.036312618242E-2,5.905511811024E-2,
6.038385784532E-3));
#2671=LINE('',#2670,#2669);
#2672=DIRECTION('',(-1.762479051593E-14,-1.E0,0.E0));
#2673=VECTOR('',#2672,1.968503937008E-4);
#2674=CARTESIAN_POINT('',(2.899271230118E-2,5.905511811024E-2,
5.367452746301E-3));
#2675=LINE('',#2674,#2673);
#2676=DIRECTION('',(0.E0,-1.E0,0.E0));
#2677=VECTOR('',#2676,1.968503937008E-4);
#2678=CARTESIAN_POINT('',(2.762229853992E-2,5.905511811024E-2,
4.025590508942E-3));
#2679=LINE('',#2678,#2677);
#2680=DIRECTION('',(0.E0,-1.E0,1.101549407245E-14));
#2681=VECTOR('',#2680,1.968503937008E-4);
#2682=CARTESIAN_POINT('',(2.693709162929E-2,5.905511811024E-2,
2.683726352031E-3));
#2683=LINE('',#2682,#2681);
#2684=DIRECTION('',(0.E0,-1.E0,0.E0));
#2685=VECTOR('',#2684,1.968503937008E-4);
#2686=CARTESIAN_POINT('',(2.659448818898E-2,5.905511811024E-2,
1.006397595556E-3));
#2687=LINE('',#2686,#2685);
#2688=DIRECTION('',(0.E0,-1.E0,0.E0));
#2689=VECTOR('',#2688,1.968503937008E-4);
#2690=CARTESIAN_POINT('',(2.659448818898E-2,5.905511811024E-2,
-7.044784466582E-3));
#2691=LINE('',#2690,#2689);
#2692=DIRECTION('',(0.E0,-1.E0,0.E0));
#2693=VECTOR('',#2692,1.968503937008E-4);
#2694=CARTESIAN_POINT('',(4.269685039370E-2,5.905511811024E-2,
-7.044784466582E-3));
#2695=LINE('',#2694,#2693);
#2696=DIRECTION('',(0.E0,0.E0,-1.E0));
#2697=VECTOR('',#2696,8.051182062138E-3);
#2698=CARTESIAN_POINT('',(4.269685039370E-2,5.885826771654E-2,
1.006397595556E-3));
#2699=LINE('',#2698,#2697);
#2700=DIRECTION('',(2.001234283435E-1,0.E0,-9.797706943097E-1));
#2701=VECTOR('',#2700,1.711960529353E-3);
#2702=CARTESIAN_POINT('',(4.235424698338E-2,5.885826771654E-2,
2.683726352031E-3));
#2703=LINE('',#2702,#2701);
#2704=DIRECTION('',(4.547769415434E-1,0.E0,-8.906053746977E-1));
#2705=VECTOR('',#2704,1.506687692477E-3);
#2706=CARTESIAN_POINT('',(4.166904016273E-2,5.885826771654E-2,
4.025590508942E-3));
#2707=LINE('',#2706,#2705);
#2708=DIRECTION('',(7.145107183351E-1,0.E0,-6.996244945571E-1));
#2709=VECTOR('',#2708,1.917974924833E-3);
#2710=CARTESIAN_POINT('',(4.029862652144E-2,5.885826771654E-2,
5.367452746301E-3));
#2711=LINE('',#2710,#2709);
#2712=DIRECTION('',(8.981377659536E-1,0.E0,-4.397141723527E-1));
#2713=VECTOR('',#2712,1.525839011832E-3);
#2714=CARTESIAN_POINT('',(3.892821288015E-2,5.885826771654E-2,
6.038385784532E-3));
#2715=LINE('',#2714,#2713);
#2716=DIRECTION('',(9.813592930674E-1,0.E0,-1.921820436730E-1));
#2717=VECTOR('',#2716,1.745556416993E-3);
#2718=CARTESIAN_POINT('',(3.721519486876E-2,5.885826771654E-2,
6.373850384096E-3));
#2719=LINE('',#2718,#2717);
#2720=DIRECTION('',(1.E0,0.E0,0.E0));
#2721=VECTOR('',#2720,5.139051634730E-3);
#2722=CARTESIAN_POINT('',(3.207614323403E-2,5.885826771654E-2,
6.373850384096E-3));
#2723=LINE('',#2722,#2721);
#2724=DIRECTION('',(9.813592727596E-1,0.E0,1.921821473726E-1));
#2725=VECTOR('',#2724,1.745555475109E-3);
#2726=CARTESIAN_POINT('',(3.036312618242E-2,5.885826771654E-2,
6.038385784532E-3));
#2727=LINE('',#2726,#2725);
#2728=DIRECTION('',(8.981377963584E-1,0.E0,4.397141102494E-1));
#2729=VECTOR('',#2728,1.525839227334E-3);
#2730=CARTESIAN_POINT('',(2.899271230118E-2,5.885826771654E-2,
5.367452746301E-3));
#2731=LINE('',#2730,#2729);
#2732=DIRECTION('',(7.145107489524E-1,0.E0,6.996244632883E-1));
#2733=VECTOR('',#2732,1.917975010554E-3);
#2734=CARTESIAN_POINT('',(2.762229853992E-2,5.885826771654E-2,
4.025590508942E-3));
#2735=LINE('',#2734,#2733);
#2736=DIRECTION('',(4.547769889117E-1,0.E0,8.906053505096E-1));
#2737=VECTOR('',#2736,1.506687733397E-3);
#2738=CARTESIAN_POINT('',(2.693709162929E-2,5.885826771654E-2,
2.683726352031E-3));
#2739=LINE('',#2738,#2737);
#2740=DIRECTION('',(2.001234451615E-1,0.E0,9.797706908745E-1));
#2741=VECTOR('',#2740,1.711960535355E-3);
#2742=CARTESIAN_POINT('',(2.659448818898E-2,5.885826771654E-2,
1.006397595556E-3));
#2743=LINE('',#2742,#2741);
#2744=DIRECTION('',(0.E0,0.E0,1.E0));
#2745=VECTOR('',#2744,8.051182062138E-3);
#2746=CARTESIAN_POINT('',(2.659448818898E-2,5.885826771654E-2,
-7.044784466582E-3));
#2747=LINE('',#2746,#2745);
#2748=DIRECTION('',(-1.E0,0.E0,0.E0));
#2749=VECTOR('',#2748,1.610236220472E-2);
#2750=CARTESIAN_POINT('',(4.269685039370E-2,5.885826771654E-2,
-7.044784466582E-3));
#2751=LINE('',#2750,#2749);
#2752=DIRECTION('',(0.E0,0.E0,1.E0));
#2753=VECTOR('',#2752,6.038385826772E-3);
#2754=CARTESIAN_POINT('',(4.064122993176E-2,5.885826771654E-2,
-5.031988231216E-3));
#2755=LINE('',#2754,#2753);
#2756=DIRECTION('',(1.E0,0.E0,0.E0));
#2757=VECTOR('',#2756,1.199112104091E-2);
#2758=CARTESIAN_POINT('',(2.865010889086E-2,5.885826771654E-2,
-5.031988231216E-3));
#2759=LINE('',#2758,#2757);
#2760=DIRECTION('',(0.E0,0.E0,-1.E0));
#2761=VECTOR('',#2760,6.038385826772E-3);
#2762=CARTESIAN_POINT('',(2.865010889086E-2,5.885826771654E-2,
1.006397595556E-3));
#2763=LINE('',#2762,#2761);
#2764=DIRECTION('',(-2.473834390653E-1,0.E0,-9.689176611437E-1));
#2765=VECTOR('',#2764,1.384908430481E-3);
#2766=CARTESIAN_POINT('',(2.899271230118E-2,5.885826771654E-2,
2.348259832915E-3));
#2767=LINE('',#2766,#2765);
#2768=DIRECTION('',(-5.627910658975E-1,0.E0,-8.265991871191E-1));
#2769=VECTOR('',#2768,1.217515881310E-3);
#2770=CARTESIAN_POINT('',(2.967791936177E-2,5.885826771654E-2,
3.354657470711E-3));
#2771=LINE('',#2770,#2769);
#2772=DIRECTION('',(-8.373786433120E-1,0.E0,-5.466232777014E-1));
#2773=VECTOR('',#2772,1.227413953267E-3);
#2774=CARTESIAN_POINT('',(3.070572959274E-2,5.885826771654E-2,
4.025590508942E-3));
#2775=LINE('',#2774,#2773);
#2776=DIRECTION('',(-9.713213633444E-1,0.E0,-2.377704967207E-1));
#2777=VECTOR('',#2776,1.410875630875E-3);
#2778=CARTESIAN_POINT('',(3.207614323403E-2,5.885826771654E-2,
4.361055108506E-3));
#2779=LINE('',#2778,#2777);
#2780=DIRECTION('',(-1.E0,0.E0,0.E0));
#2781=VECTOR('',#2780,5.139051634730E-3);
#2782=CARTESIAN_POINT('',(3.721519486876E-2,5.885826771654E-2,
4.361055108506E-3));
#2783=LINE('',#2782,#2781);
#2784=DIRECTION('',(-9.713213633444E-1,0.E0,2.377704967207E-1));
#2785=VECTOR('',#2784,1.410875630875E-3);
#2786=CARTESIAN_POINT('',(3.858560851005E-2,5.885826771654E-2,
4.025590508942E-3));
#2787=LINE('',#2786,#2785);
#2788=DIRECTION('',(-8.373788769559E-1,0.E0,5.466229197794E-1));
#2789=VECTOR('',#2788,1.227414756962E-3);
#2790=CARTESIAN_POINT('',(3.961341970080E-2,5.885826771654E-2,
3.354657470711E-3));
#2791=LINE('',#2790,#2789);
#2792=DIRECTION('',(-5.627909312417E-1,0.E0,8.265992787996E-1));
#2793=VECTOR('',#2792,1.217515746272E-3);
#2794=CARTESIAN_POINT('',(4.029862652144E-2,5.885826771654E-2,
2.348259832915E-3));
#2795=LINE('',#2794,#2793);
#2796=DIRECTION('',(-2.473834390653E-1,0.E0,9.689176611437E-1));
#2797=VECTOR('',#2796,1.384908430481E-3);
#2798=CARTESIAN_POINT('',(4.064122993176E-2,5.885826771654E-2,
1.006397595556E-3));
#2799=LINE('',#2798,#2797);
#2800=DIRECTION('',(0.E0,-1.E0,0.E0));
#2801=VECTOR('',#2800,1.968503937008E-4);
#2802=CARTESIAN_POINT('',(4.064122993176E-2,5.905511811024E-2,
-5.031988231216E-3));
#2803=LINE('',#2802,#2801);
#2804=DIRECTION('',(0.E0,0.E0,1.E0));
#2805=VECTOR('',#2804,6.038385826772E-3);
#2806=CARTESIAN_POINT('',(4.064122993176E-2,5.905511811024E-2,
-5.031988231216E-3));
#2807=LINE('',#2806,#2805);
#2808=DIRECTION('',(-2.473834390653E-1,0.E0,9.689176611437E-1));
#2809=VECTOR('',#2808,1.384908430481E-3);
#2810=CARTESIAN_POINT('',(4.064122993176E-2,5.905511811024E-2,
1.006397595556E-3));
#2811=LINE('',#2810,#2809);
#2812=DIRECTION('',(-5.627909312417E-1,0.E0,8.265992787996E-1));
#2813=VECTOR('',#2812,1.217515746272E-3);
#2814=CARTESIAN_POINT('',(4.029862652144E-2,5.905511811024E-2,
2.348259832915E-3));
#2815=LINE('',#2814,#2813);
#2816=DIRECTION('',(-8.373788769559E-1,0.E0,5.466229197794E-1));
#2817=VECTOR('',#2816,1.227414756962E-3);
#2818=CARTESIAN_POINT('',(3.961341970080E-2,5.905511811024E-2,
3.354657470711E-3));
#2819=LINE('',#2818,#2817);
#2820=DIRECTION('',(-9.713213633444E-1,0.E0,2.377704967207E-1));
#2821=VECTOR('',#2820,1.410875630875E-3);
#2822=CARTESIAN_POINT('',(3.858560851005E-2,5.905511811024E-2,
4.025590508942E-3));
#2823=LINE('',#2822,#2821);
#2824=DIRECTION('',(-1.E0,0.E0,0.E0));
#2825=VECTOR('',#2824,5.139051634730E-3);
#2826=CARTESIAN_POINT('',(3.721519486876E-2,5.905511811024E-2,
4.361055108506E-3));
#2827=LINE('',#2826,#2825);
#2828=DIRECTION('',(-9.713213633444E-1,0.E0,-2.377704967207E-1));
#2829=VECTOR('',#2828,1.410875630875E-3);
#2830=CARTESIAN_POINT('',(3.207614323403E-2,5.905511811024E-2,
4.361055108506E-3));
#2831=LINE('',#2830,#2829);
#2832=DIRECTION('',(-8.373786433120E-1,0.E0,-5.466232777014E-1));
#2833=VECTOR('',#2832,1.227413953267E-3);
#2834=CARTESIAN_POINT('',(3.070572959274E-2,5.905511811024E-2,
4.025590508942E-3));
#2835=LINE('',#2834,#2833);
#2836=DIRECTION('',(-5.627910658975E-1,0.E0,-8.265991871191E-1));
#2837=VECTOR('',#2836,1.217515881310E-3);
#2838=CARTESIAN_POINT('',(2.967791936177E-2,5.905511811024E-2,
3.354657470711E-3));
#2839=LINE('',#2838,#2837);
#2840=DIRECTION('',(-2.473834390653E-1,0.E0,-9.689176611437E-1));
#2841=VECTOR('',#2840,1.384908430481E-3);
#2842=CARTESIAN_POINT('',(2.899271230118E-2,5.905511811024E-2,
2.348259832915E-3));
#2843=LINE('',#2842,#2841);
#2844=DIRECTION('',(0.E0,0.E0,-1.E0));
#2845=VECTOR('',#2844,6.038385826772E-3);
#2846=CARTESIAN_POINT('',(2.865010889086E-2,5.905511811024E-2,
1.006397595556E-3));
#2847=LINE('',#2846,#2845);
#2848=DIRECTION('',(1.E0,0.E0,0.E0));
#2849=VECTOR('',#2848,1.199112104091E-2);
#2850=CARTESIAN_POINT('',(2.865010889086E-2,5.905511811024E-2,
-5.031988231216E-3));
#2851=LINE('',#2850,#2849);
#2852=DIRECTION('',(0.E0,-1.E0,-1.762479051593E-14));
#2853=VECTOR('',#2852,1.968503937008E-4);
#2854=CARTESIAN_POINT('',(4.064122993176E-2,5.905511811024E-2,
1.006397595556E-3));
#2855=LINE('',#2854,#2853);
#2856=DIRECTION('',(0.E0,-1.E0,3.304648221736E-14));
#2857=VECTOR('',#2856,1.968503937008E-4);
#2858=CARTESIAN_POINT('',(4.029862652144E-2,5.905511811024E-2,
2.348259832915E-3));
#2859=LINE('',#2858,#2857);
#2860=DIRECTION('',(0.E0,-1.E0,2.203098814491E-14));
#2861=VECTOR('',#2860,1.968503937008E-4);
#2862=CARTESIAN_POINT('',(3.961341970080E-2,5.905511811024E-2,
3.354657470711E-3));
#2863=LINE('',#2862,#2861);
#2864=DIRECTION('',(-7.049916206370E-14,-1.E0,3.965577866083E-14));
#2865=VECTOR('',#2864,1.968503937008E-4);
#2866=CARTESIAN_POINT('',(3.858560851005E-2,5.905511811024E-2,
4.025590508942E-3));
#2867=LINE('',#2866,#2865);
#2868=DIRECTION('',(0.E0,-1.E0,0.E0));
#2869=VECTOR('',#2868,1.968503937008E-4);
#2870=CARTESIAN_POINT('',(3.721519486876E-2,5.905511811024E-2,
4.361055108506E-3));
#2871=LINE('',#2870,#2869);
#2872=DIRECTION('',(0.E0,-1.E0,0.E0));
#2873=VECTOR('',#2872,1.968503937008E-4);
#2874=CARTESIAN_POINT('',(3.207614323403E-2,5.905511811024E-2,
4.361055108506E-3));
#2875=LINE('',#2874,#2873);
#2876=DIRECTION('',(-7.049916206370E-14,-1.E0,-3.084338340287E-14));
#2877=VECTOR('',#2876,1.968503937008E-4);
#2878=CARTESIAN_POINT('',(3.070572959274E-2,5.905511811024E-2,
4.025590508942E-3));
#2879=LINE('',#2878,#2877);
#2880=DIRECTION('',(0.E0,-1.E0,2.203098814491E-14));
#2881=VECTOR('',#2880,1.968503937008E-4);
#2882=CARTESIAN_POINT('',(2.967791936177E-2,5.905511811024E-2,
3.354657470711E-3));
#2883=LINE('',#2882,#2881);
#2884=DIRECTION('',(-1.762479051593E-14,-1.E0,-1.321859288694E-14));
#2885=VECTOR('',#2884,1.968503937008E-4);
#2886=CARTESIAN_POINT('',(2.899271230118E-2,5.905511811024E-2,
2.348259832915E-3));
#2887=LINE('',#2886,#2885);
#2888=DIRECTION('',(0.E0,-1.E0,0.E0));
#2889=VECTOR('',#2888,1.968503937008E-4);
#2890=CARTESIAN_POINT('',(2.865010889086E-2,5.905511811024E-2,
1.006397595556E-3));
#2891=LINE('',#2890,#2889);
#2892=DIRECTION('',(0.E0,-1.E0,0.E0));
#2893=VECTOR('',#2892,1.968503937008E-4);
#2894=CARTESIAN_POINT('',(2.865010889086E-2,5.905511811024E-2,
-5.031988231216E-3));
#2895=LINE('',#2894,#2893);
#2896=DIRECTION('',(0.E0,-1.E0,-5.287437154778E-14));
#2897=VECTOR('',#2896,1.968503937008E-4);
#2898=CARTESIAN_POINT('',(4.269685039370E-2,5.905511811024E-2,
1.710875788073E-2));
#2899=LINE('',#2898,#2897);
#2900=DIRECTION('',(0.E0,-1.E0,1.762479051593E-14));
#2901=VECTOR('',#2900,1.968503937008E-4);
#2902=CARTESIAN_POINT('',(4.235424698338E-2,5.905511811024E-2,
1.878608855676E-2));
#2903=LINE('',#2902,#2901);
#2904=DIRECTION('',(-3.524958103185E-14,-1.E0,0.E0));
#2905=VECTOR('',#2904,1.968503937008E-4);
#2906=CARTESIAN_POINT('',(4.166904016273E-2,5.905511811024E-2,
2.012795079411E-2));
#2907=LINE('',#2906,#2905);
#2908=DIRECTION('',(0.E0,-1.E0,0.E0));
#2909=VECTOR('',#2908,1.968503937008E-4);
#2910=CARTESIAN_POINT('',(4.029862652144E-2,5.905511811024E-2,
2.146981687058E-2));
#2911=LINE('',#2910,#2909);
#2912=DIRECTION('',(0.E0,-1.E0,0.E0));
#2913=VECTOR('',#2912,1.968503937008E-4);
#2914=CARTESIAN_POINT('',(3.892821288015E-2,5.905511811024E-2,
2.214074606971E-2));
#2915=LINE('',#2914,#2913);
#2916=DIRECTION('',(0.E0,-1.E0,0.E0));
#2917=VECTOR('',#2916,1.968503937008E-4);
#2918=CARTESIAN_POINT('',(3.721519486876E-2,5.905511811024E-2,
2.247621450837E-2));
#2919=LINE('',#2918,#2917);
#2920=DIRECTION('',(0.E0,-1.E0,0.E0));
#2921=VECTOR('',#2920,1.968503937008E-4);
#2922=CARTESIAN_POINT('',(3.207614323403E-2,5.905511811024E-2,
2.247621450837E-2));
#2923=LINE('',#2922,#2921);
#2924=DIRECTION('',(-1.762479051593E-14,-1.E0,0.E0));
#2925=VECTOR('',#2924,1.968503937008E-4);
#2926=CARTESIAN_POINT('',(3.036312618242E-2,5.905511811024E-2,
2.214074606971E-2));
#2927=LINE('',#2926,#2925);
#2928=DIRECTION('',(-3.524958103185E-14,-1.E0,-5.287437154778E-14));
#2929=VECTOR('',#2928,1.968503937008E-4);
#2930=CARTESIAN_POINT('',(2.899271230118E-2,5.905511811024E-2,
2.146981687058E-2));
#2931=LINE('',#2930,#2929);
#2932=DIRECTION('',(0.E0,-1.E0,-1.762479051593E-14));
#2933=VECTOR('',#2932,1.968503937008E-4);
#2934=CARTESIAN_POINT('',(2.762229853992E-2,5.905511811024E-2,
2.012795079411E-2));
#2935=LINE('',#2934,#2933);
#2936=DIRECTION('',(0.E0,-1.E0,-1.762479051593E-14));
#2937=VECTOR('',#2936,1.968503937008E-4);
#2938=CARTESIAN_POINT('',(2.693709162929E-2,5.905511811024E-2,
1.878608855676E-2));
#2939=LINE('',#2938,#2937);
#2940=DIRECTION('',(0.E0,-1.E0,0.E0));
#2941=VECTOR('',#2940,1.968503937008E-4);
#2942=CARTESIAN_POINT('',(2.659448818898E-2,5.905511811024E-2,
1.710875788073E-2));
#2943=LINE('',#2942,#2941);
#2944=DIRECTION('',(0.E0,-1.E0,1.762479051593E-14));
#2945=VECTOR('',#2944,1.968503937008E-4);
#2946=CARTESIAN_POINT('',(2.659448818898E-2,5.905511811024E-2,
9.057578697918E-3));
#2947=LINE('',#2946,#2945);
#2948=DIRECTION('',(0.E0,-1.E0,2.643718577389E-14));
#2949=VECTOR('',#2948,1.968503937008E-4);
#2950=CARTESIAN_POINT('',(4.269685039370E-2,5.905511811024E-2,
9.057578697918E-3));
#2951=LINE('',#2950,#2949);
#2952=DIRECTION('',(0.E0,0.E0,-1.E0));
#2953=VECTOR('',#2952,8.051179182811E-3);
#2954=CARTESIAN_POINT('',(4.269685039370E-2,5.885826771654E-2,
1.710875788073E-2));
#2955=LINE('',#2954,#2953);
#2956=DIRECTION('',(2.001232084928E-1,0.E0,-9.797707392153E-1));
#2957=VECTOR('',#2956,1.711962410073E-3);
#2958=CARTESIAN_POINT('',(4.235424698338E-2,5.885826771654E-2,
1.878608855676E-2));
#2959=LINE('',#2958,#2957);
#2960=DIRECTION('',(4.547774575564E-1,0.E0,-8.906051112017E-1));
#2961=VECTOR('',#2960,1.506685982915E-3);
#2962=CARTESIAN_POINT('',(4.166904016273E-2,5.885826771654E-2,
2.012795079411E-2));
#2963=LINE('',#2962,#2961);
#2964=DIRECTION('',(7.145097177357E-1,0.E0,-6.996255164452E-1));
#2965=VECTOR('',#2964,1.917977610765E-3);
#2966=CARTESIAN_POINT('',(4.029862652144E-2,5.885826771654E-2,
2.146981687058E-2));
#2967=LINE('',#2966,#2965);
#2968=DIRECTION('',(8.981387596046E-1,0.E0,-4.397121427660E-1));
#2969=VECTOR('',#2968,1.525837323728E-3);
#2970=CARTESIAN_POINT('',(3.892821288015E-2,5.885826771654E-2,
2.214074606971E-2));
#2971=LINE('',#2970,#2969);
#2972=DIRECTION('',(9.813588782673E-1,0.E0,-1.921841617981E-1));
#2973=VECTOR('',#2972,1.745557154804E-3);
#2974=CARTESIAN_POINT('',(3.721519486876E-2,5.885826771654E-2,
2.247621450837E-2));
#2975=LINE('',#2974,#2973);
#2976=DIRECTION('',(1.E0,0.E0,0.E0));
#2977=VECTOR('',#2976,5.139051634730E-3);
#2978=CARTESIAN_POINT('',(3.207614323403E-2,5.885826771654E-2,
2.247621450837E-2));
#2979=LINE('',#2978,#2977);
#2980=DIRECTION('',(9.813588579591E-1,0.E0,1.921842654987E-1));
#2981=VECTOR('',#2980,1.745556212920E-3);
#2982=CARTESIAN_POINT('',(3.036312618242E-2,5.885826771654E-2,
2.214074606971E-2));
#2983=LINE('',#2982,#2981);
#2984=DIRECTION('',(8.981387900092E-1,0.E0,4.397120806629E-1));
#2985=VECTOR('',#2984,1.525837539231E-3);
#2986=CARTESIAN_POINT('',(2.899271230118E-2,5.885826771654E-2,
2.146981687058E-2));
#2987=LINE('',#2986,#2985);
#2988=DIRECTION('',(7.145097483531E-1,0.E0,6.996254851765E-1));
#2989=VECTOR('',#2988,1.917977696486E-3);
#2990=CARTESIAN_POINT('',(2.762229853992E-2,5.885826771654E-2,
2.012795079411E-2));
#2991=LINE('',#2990,#2989);
#2992=DIRECTION('',(4.547775049247E-1,0.E0,8.906050870136E-1));
#2993=VECTOR('',#2992,1.506686023835E-3);
#2994=CARTESIAN_POINT('',(2.693709162929E-2,5.885826771654E-2,
1.878608855676E-2));
#2995=LINE('',#2994,#2993);
#2996=DIRECTION('',(2.001232253108E-1,0.E0,9.797707357802E-1));
#2997=VECTOR('',#2996,1.711962416075E-3);
#2998=CARTESIAN_POINT('',(2.659448818898E-2,5.885826771654E-2,
1.710875788073E-2));
#2999=LINE('',#2998,#2997);
#3000=DIRECTION('',(0.E0,0.E0,1.E0));
#3001=VECTOR('',#3000,8.051179182811E-3);
#3002=CARTESIAN_POINT('',(2.659448818898E-2,5.885826771654E-2,
9.057578697918E-3));
#3003=LINE('',#3002,#3001);
#3004=DIRECTION('',(-1.E0,0.E0,0.E0));
#3005=VECTOR('',#3004,1.610236220472E-2);
#3006=CARTESIAN_POINT('',(4.269685039370E-2,5.885826771654E-2,
9.057578697918E-3));
#3007=LINE('',#3006,#3005);
#3008=DIRECTION('',(0.E0,0.E0,1.E0));
#3009=VECTOR('',#3008,6.038385826772E-3);
#3010=CARTESIAN_POINT('',(4.064122993176E-2,5.885826771654E-2,
1.107037205396E-2));
#3011=LINE('',#3010,#3009);
#3012=DIRECTION('',(1.E0,0.E0,0.E0));
#3013=VECTOR('',#3012,1.199112104091E-2);
#3014=CARTESIAN_POINT('',(2.865010889086E-2,5.885826771654E-2,
1.107037205396E-2));
#3015=LINE('',#3014,#3013);
#3016=DIRECTION('',(0.E0,0.E0,-1.E0));
#3017=VECTOR('',#3016,6.038385826772E-3);
#3018=CARTESIAN_POINT('',(2.865010889086E-2,5.885826771654E-2,
1.710875788073E-2));
#3019=LINE('',#3018,#3017);
#3020=DIRECTION('',(-2.473827746112E-1,0.E0,-9.689178307915E-1));
#3021=VECTOR('',#3020,1.384912150255E-3);
#3022=CARTESIAN_POINT('',(2.899271230118E-2,5.885826771654E-2,
1.845062395719E-2));
#3023=LINE('',#3022,#3021);
#3024=DIRECTION('',(-5.627910658975E-1,0.E0,-8.265991871191E-1));
#3025=VECTOR('',#3024,1.217515881310E-3);
#3026=CARTESIAN_POINT('',(2.967791936177E-2,5.885826771654E-2,
1.945702159499E-2));
#3027=LINE('',#3026,#3025);
#3028=DIRECTION('',(-8.373800750004E-1,0.E0,-5.466210844748E-1));
#3029=VECTOR('',#3028,1.227411854728E-3);
#3030=CARTESIAN_POINT('',(3.070572959274E-2,5.885826771654E-2,
2.012795079411E-2));
#3031=LINE('',#3030,#3029);
#3032=DIRECTION('',(-9.713207349042E-1,0.E0,-2.377730639603E-1));
#3033=VECTOR('',#3032,1.410876543706E-3);
#3034=CARTESIAN_POINT('',(3.207614323403E-2,5.885826771654E-2,
2.046341923278E-2));
#3035=LINE('',#3034,#3033);
#3036=DIRECTION('',(-1.E0,0.E0,0.E0));
#3037=VECTOR('',#3036,5.139051634730E-3);
#3038=CARTESIAN_POINT('',(3.721519486876E-2,5.885826771654E-2,
2.046341923278E-2));
#3039=LINE('',#3038,#3037);
#3040=DIRECTION('',(-9.713207349042E-1,0.E0,2.377730639603E-1));
#3041=VECTOR('',#3040,1.410876543706E-3);
#3042=CARTESIAN_POINT('',(3.858560851005E-2,5.885826771654E-2,
2.012795079411E-2));
#3043=LINE('',#3042,#3041);
#3044=DIRECTION('',(-8.373803086428E-1,0.E0,5.466207265530E-1));
#3045=VECTOR('',#3044,1.227412658425E-3);
#3046=CARTESIAN_POINT('',(3.961341970080E-2,5.885826771654E-2,
1.945702159499E-2));
#3047=LINE('',#3046,#3045);
#3048=DIRECTION('',(-5.627909312417E-1,0.E0,8.265992787996E-1));
#3049=VECTOR('',#3048,1.217515746272E-3);
#3050=CARTESIAN_POINT('',(4.029862652144E-2,5.885826771654E-2,
1.845062395719E-2));
#3051=LINE('',#3050,#3049);
#3052=DIRECTION('',(-2.473827746112E-1,0.E0,9.689178307915E-1));
#3053=VECTOR('',#3052,1.384912150255E-3);
#3054=CARTESIAN_POINT('',(4.064122993176E-2,5.885826771654E-2,
1.710875788073E-2));
#3055=LINE('',#3054,#3053);
#3056=DIRECTION('',(0.E0,-1.E0,0.E0));
#3057=VECTOR('',#3056,1.968503937008E-4);
#3058=CARTESIAN_POINT('',(4.064122993176E-2,5.905511811024E-2,
1.107037205396E-2));
#3059=LINE('',#3058,#3057);
#3060=DIRECTION('',(0.E0,0.E0,1.E0));
#3061=VECTOR('',#3060,6.038385826772E-3);
#3062=CARTESIAN_POINT('',(4.064122993176E-2,5.905511811024E-2,
1.107037205396E-2));
#3063=LINE('',#3062,#3061);
#3064=DIRECTION('',(-2.473827746112E-1,0.E0,9.689178307915E-1));
#3065=VECTOR('',#3064,1.384912150255E-3);
#3066=CARTESIAN_POINT('',(4.064122993176E-2,5.905511811024E-2,
1.710875788073E-2));
#3067=LINE('',#3066,#3065);
#3068=DIRECTION('',(-5.627909312417E-1,0.E0,8.265992787996E-1));
#3069=VECTOR('',#3068,1.217515746272E-3);
#3070=CARTESIAN_POINT('',(4.029862652144E-2,5.905511811024E-2,
1.845062395719E-2));
#3071=LINE('',#3070,#3069);
#3072=DIRECTION('',(-8.373803086428E-1,0.E0,5.466207265530E-1));
#3073=VECTOR('',#3072,1.227412658425E-3);
#3074=CARTESIAN_POINT('',(3.961341970080E-2,5.905511811024E-2,
1.945702159499E-2));
#3075=LINE('',#3074,#3073);
#3076=DIRECTION('',(-9.713207349042E-1,0.E0,2.377730639603E-1));
#3077=VECTOR('',#3076,1.410876543706E-3);
#3078=CARTESIAN_POINT('',(3.858560851005E-2,5.905511811024E-2,
2.012795079411E-2));
#3079=LINE('',#3078,#3077);
#3080=DIRECTION('',(-1.E0,0.E0,0.E0));
#3081=VECTOR('',#3080,5.139051634730E-3);
#3082=CARTESIAN_POINT('',(3.721519486876E-2,5.905511811024E-2,
2.046341923278E-2));
#3083=LINE('',#3082,#3081);
#3084=DIRECTION('',(-9.713207349042E-1,0.E0,-2.377730639603E-1));
#3085=VECTOR('',#3084,1.410876543706E-3);
#3086=CARTESIAN_POINT('',(3.207614323403E-2,5.905511811024E-2,
2.046341923278E-2));
#3087=LINE('',#3086,#3085);
#3088=DIRECTION('',(-8.373800750004E-1,0.E0,-5.466210844748E-1));
#3089=VECTOR('',#3088,1.227411854728E-3);
#3090=CARTESIAN_POINT('',(3.070572959274E-2,5.905511811024E-2,
2.012795079411E-2));
#3091=LINE('',#3090,#3089);
#3092=DIRECTION('',(-5.627910658976E-1,0.E0,-8.265991871191E-1));
#3093=VECTOR('',#3092,1.217515881310E-3);
#3094=CARTESIAN_POINT('',(2.967791936177E-2,5.905511811024E-2,
1.945702159499E-2));
#3095=LINE('',#3094,#3093);
#3096=DIRECTION('',(-2.473827746112E-1,0.E0,-9.689178307915E-1));
#3097=VECTOR('',#3096,1.384912150255E-3);
#3098=CARTESIAN_POINT('',(2.899271230118E-2,5.905511811024E-2,
1.845062395719E-2));
#3099=LINE('',#3098,#3097);
#3100=DIRECTION('',(0.E0,0.E0,-1.E0));
#3101=VECTOR('',#3100,6.038385826772E-3);
#3102=CARTESIAN_POINT('',(2.865010889086E-2,5.905511811024E-2,
1.710875788073E-2));
#3103=LINE('',#3102,#3101);
#3104=DIRECTION('',(1.E0,0.E0,0.E0));
#3105=VECTOR('',#3104,1.199112104091E-2);
#3106=CARTESIAN_POINT('',(2.865010889086E-2,5.905511811024E-2,
1.107037205396E-2));
#3107=LINE('',#3106,#3105);
#3108=DIRECTION('',(0.E0,-1.E0,1.762479051593E-14));
#3109=VECTOR('',#3108,1.968503937008E-4);
#3110=CARTESIAN_POINT('',(4.064122993176E-2,5.905511811024E-2,
1.710875788073E-2));
#3111=LINE('',#3110,#3109);
#3112=DIRECTION('',(0.E0,-1.E0,1.762479051593E-14));
#3113=VECTOR('',#3112,1.968503937008E-4);
#3114=CARTESIAN_POINT('',(4.029862652144E-2,5.905511811024E-2,
1.845062395719E-2));
#3115=LINE('',#3114,#3113);
#3116=DIRECTION('',(0.E0,-1.E0,3.524958103185E-14));
#3117=VECTOR('',#3116,1.968503937008E-4);
#3118=CARTESIAN_POINT('',(3.961341970080E-2,5.905511811024E-2,
1.945702159499E-2));
#3119=LINE('',#3118,#3117);
#3120=DIRECTION('',(0.E0,-1.E0,-1.762479051593E-14));
#3121=VECTOR('',#3120,1.968503937008E-4);
#3122=CARTESIAN_POINT('',(3.858560851005E-2,5.905511811024E-2,
2.012795079411E-2));
#3123=LINE('',#3122,#3121);
#3124=DIRECTION('',(-1.057487430956E-13,-1.E0,0.E0));
#3125=VECTOR('',#3124,1.968503937008E-4);
#3126=CARTESIAN_POINT('',(3.721519486876E-2,5.905511811024E-2,
2.046341923278E-2));
#3127=LINE('',#3126,#3125);
#3128=DIRECTION('',(1.057487430956E-13,-1.E0,0.E0));
#3129=VECTOR('',#3128,1.968503937008E-4);
#3130=CARTESIAN_POINT('',(3.207614323403E-2,5.905511811024E-2,
2.046341923278E-2));
#3131=LINE('',#3130,#3129);
#3132=DIRECTION('',(5.287437154778E-14,-1.E0,0.E0));
#3133=VECTOR('',#3132,1.968503937008E-4);
#3134=CARTESIAN_POINT('',(3.070572959274E-2,5.905511811024E-2,
2.012795079411E-2));
#3135=LINE('',#3134,#3133);
#3136=DIRECTION('',(-5.287437154778E-14,-1.E0,0.E0));
#3137=VECTOR('',#3136,1.968503937008E-4);
#3138=CARTESIAN_POINT('',(2.967791936177E-2,5.905511811024E-2,
1.945702159499E-2));
#3139=LINE('',#3138,#3137);
#3140=DIRECTION('',(0.E0,-1.E0,0.E0));
#3141=VECTOR('',#3140,1.968503937008E-4);
#3142=CARTESIAN_POINT('',(2.899271230118E-2,5.905511811024E-2,
1.845062395719E-2));
#3143=LINE('',#3142,#3141);
#3144=DIRECTION('',(0.E0,-1.E0,1.762479051593E-14));
#3145=VECTOR('',#3144,1.968503937008E-4);
#3146=CARTESIAN_POINT('',(2.865010889086E-2,5.905511811024E-2,
1.710875788073E-2));
#3147=LINE('',#3146,#3145);
#3148=DIRECTION('',(0.E0,-1.E0,0.E0));
#3149=VECTOR('',#3148,1.968503937008E-4);
#3150=CARTESIAN_POINT('',(2.865010889086E-2,5.905511811024E-2,
1.107037205396E-2));
#3151=LINE('',#3150,#3149);
#3152=DIRECTION('',(0.E0,-1.E0,0.E0));
#3153=VECTOR('',#3152,1.968503937008E-4);
#3154=CARTESIAN_POINT('',(-3.954724409449E-2,5.905511811024E-2,
2.683726807279E-3));
#3155=LINE('',#3154,#3153);
#3156=DIRECTION('',(0.E0,-1.E0,1.487091699781E-14));
#3157=VECTOR('',#3156,1.968503937008E-4);
#3158=CARTESIAN_POINT('',(-3.954724409449E-2,5.905511811024E-2,
6.709324914639E-4));
#3159=LINE('',#3158,#3157);
#3160=DIRECTION('',(0.E0,-1.E0,1.487091699781E-14));
#3161=VECTOR('',#3160,1.968503937008E-4);
#3162=CARTESIAN_POINT('',(-2.344488188976E-2,5.905511811024E-2,
6.709324914639E-4));
#3163=LINE('',#3162,#3161);
#3164=DIRECTION('',(0.E0,-1.E0,0.E0));
#3165=VECTOR('',#3164,1.968503937008E-4);
#3166=CARTESIAN_POINT('',(-2.344488188976E-2,5.905511811024E-2,
2.683726807279E-3));
#3167=LINE('',#3166,#3165);
#3168=DIRECTION('',(0.E0,-1.E0,0.E0));
#3169=VECTOR('',#3168,1.968503937008E-4);
#3170=CARTESIAN_POINT('',(-2.995434764567E-2,5.905511811024E-2,
2.683726807279E-3));
#3171=LINE('',#3170,#3169);
#3172=DIRECTION('',(0.E0,-1.E0,1.762479051593E-14));
#3173=VECTOR('',#3172,1.968503937008E-4);
#3174=CARTESIAN_POINT('',(-2.995434764567E-2,5.905511811024E-2,
1.207677206655E-2));
#3175=LINE('',#3174,#3173);
#3176=DIRECTION('',(0.E0,-1.E0,1.762479051593E-14));
#3177=VECTOR('',#3176,1.968503937008E-4);
#3178=CARTESIAN_POINT('',(-2.344488188976E-2,5.905511811024E-2,
1.207677206655E-2));
#3179=LINE('',#3178,#3177);
#3180=DIRECTION('',(0.E0,-1.E0,0.E0));
#3181=VECTOR('',#3180,1.968503937008E-4);
#3182=CARTESIAN_POINT('',(-2.344488188976E-2,5.905511811024E-2,
1.408956734214E-2));
#3183=LINE('',#3182,#3181);
#3184=DIRECTION('',(0.E0,-1.E0,0.E0));
#3185=VECTOR('',#3184,1.968503937008E-4);
#3186=CARTESIAN_POINT('',(-3.954724409449E-2,5.905511811024E-2,
1.408956734214E-2));
#3187=LINE('',#3186,#3185);
#3188=DIRECTION('',(0.E0,-1.E0,1.762479051593E-14));
#3189=VECTOR('',#3188,1.968503937008E-4);
#3190=CARTESIAN_POINT('',(-3.954724409449E-2,5.905511811024E-2,
1.207677206655E-2));
#3191=LINE('',#3190,#3189);
#3192=DIRECTION('',(0.E0,-1.E0,1.762479051593E-14));
#3193=VECTOR('',#3192,1.968503937008E-4);
#3194=CARTESIAN_POINT('',(-3.200996810761E-2,5.905511811024E-2,
1.207677206655E-2));
#3195=LINE('',#3194,#3193);
#3196=DIRECTION('',(0.E0,-1.E0,0.E0));
#3197=VECTOR('',#3196,1.968503937008E-4);
#3198=CARTESIAN_POINT('',(-3.200996810761E-2,5.905511811024E-2,
2.683726807279E-3));
#3199=LINE('',#3198,#3197);
#3200=DIRECTION('',(1.E0,0.E0,0.E0));
#3201=VECTOR('',#3200,7.537275986878E-3);
#3202=CARTESIAN_POINT('',(-3.954724409449E-2,5.885826771654E-2,
2.683726807279E-3));
#3203=LINE('',#3202,#3201);
#3204=DIRECTION('',(0.E0,0.E0,1.E0));
#3205=VECTOR('',#3204,2.012794315815E-3);
#3206=CARTESIAN_POINT('',(-3.954724409449E-2,5.885826771654E-2,
6.709324914639E-4));
#3207=LINE('',#3206,#3205);
#3208=DIRECTION('',(-1.E0,0.E0,0.E0));
#3209=VECTOR('',#3208,1.610236220472E-2);
#3210=CARTESIAN_POINT('',(-2.344488188976E-2,5.885826771654E-2,
6.709324914639E-4));
#3211=LINE('',#3210,#3209);
#3212=DIRECTION('',(0.E0,0.E0,-1.E0));
#3213=VECTOR('',#3212,2.012794315815E-3);
#3214=CARTESIAN_POINT('',(-2.344488188976E-2,5.885826771654E-2,
2.683726807279E-3));
#3215=LINE('',#3214,#3213);
#3216=DIRECTION('',(1.E0,0.E0,0.E0));
#3217=VECTOR('',#3216,6.509465755909E-3);
#3218=CARTESIAN_POINT('',(-2.995434764567E-2,5.885826771654E-2,
2.683726807279E-3));
#3219=LINE('',#3218,#3217);
#3220=DIRECTION('',(0.E0,0.E0,-1.E0));
#3221=VECTOR('',#3220,9.393045259273E-3);
#3222=CARTESIAN_POINT('',(-2.995434764567E-2,5.885826771654E-2,
1.207677206655E-2));
#3223=LINE('',#3222,#3221);
#3224=DIRECTION('',(-1.E0,0.E0,0.E0));
#3225=VECTOR('',#3224,6.509465755909E-3);
#3226=CARTESIAN_POINT('',(-2.344488188976E-2,5.885826771654E-2,
1.207677206655E-2));
#3227=LINE('',#3226,#3225);
#3228=DIRECTION('',(0.E0,0.E0,-1.E0));
#3229=VECTOR('',#3228,2.012795275591E-3);
#3230=CARTESIAN_POINT('',(-2.344488188976E-2,5.885826771654E-2,
1.408956734214E-2));
#3231=LINE('',#3230,#3229);
#3232=DIRECTION('',(1.E0,0.E0,0.E0));
#3233=VECTOR('',#3232,1.610236220472E-2);
#3234=CARTESIAN_POINT('',(-3.954724409449E-2,5.885826771654E-2,
1.408956734214E-2));
#3235=LINE('',#3234,#3233);
#3236=DIRECTION('',(0.E0,0.E0,1.E0));
#3237=VECTOR('',#3236,2.012795275591E-3);
#3238=CARTESIAN_POINT('',(-3.954724409449E-2,5.885826771654E-2,
1.207677206655E-2));
#3239=LINE('',#3238,#3237);
#3240=DIRECTION('',(-1.E0,0.E0,0.E0));
#3241=VECTOR('',#3240,7.537275986878E-3);
#3242=CARTESIAN_POINT('',(-3.200996810761E-2,5.885826771654E-2,
1.207677206655E-2));
#3243=LINE('',#3242,#3241);
#3244=DIRECTION('',(0.E0,0.E0,1.E0));
#3245=VECTOR('',#3244,9.393045259273E-3);
#3246=CARTESIAN_POINT('',(-3.200996810761E-2,5.885826771654E-2,
2.683726807279E-3));
#3247=LINE('',#3246,#3245);
#3248=DIRECTION('',(1.E0,0.E0,0.E0));
#3249=VECTOR('',#3248,7.086614173228E-2);
#3250=CARTESIAN_POINT('',(-3.543307086614E-2,1.968503937008E-3,
1.102362204724E-1));
#3251=LINE('',#3250,#3249);
#3252=DIRECTION('',(0.E0,1.E0,0.E0));
#3253=VECTOR('',#3252,1.968503937008E-3);
#3254=CARTESIAN_POINT('',(-3.543307086614E-2,0.E0,1.102362204724E-1));
#3255=LINE('',#3254,#3253);
#3256=DIRECTION('',(0.E0,0.E0,1.E0));
#3257=VECTOR('',#3256,5.905511811024E-3);
#3258=CARTESIAN_POINT('',(-3.543307086614E-2,1.968503937008E-3,
-1.102362204724E-1));
#3259=LINE('',#3258,#3257);
#3260=DIRECTION('',(0.E0,0.E0,1.E0));
#3261=VECTOR('',#3260,5.905511811024E-3);
#3262=CARTESIAN_POINT('',(-3.543307086614E-2,1.968503937008E-3,
1.043307086614E-1));
#3263=LINE('',#3262,#3261);
#3264=DIRECTION('',(0.E0,1.E0,0.E0));
#3265=VECTOR('',#3264,1.968503937008E-3);
#3266=CARTESIAN_POINT('',(-3.543307086614E-2,0.E0,-1.102362204724E-1));
#3267=LINE('',#3266,#3265);
#3268=DIRECTION('',(-1.E0,0.E0,0.E0));
#3269=VECTOR('',#3268,7.086614173228E-2);
#3270=CARTESIAN_POINT('',(3.543307086614E-2,1.968503937008E-3,
-1.043307086614E-1));
#3271=LINE('',#3270,#3269);
#3272=DIRECTION('',(0.E0,0.E0,-1.E0));
#3273=VECTOR('',#3272,2.086614173228E-1);
#3274=CARTESIAN_POINT('',(3.543307086614E-2,1.968503937008E-3,
1.043307086614E-1));
#3275=LINE('',#3274,#3273);
#3276=DIRECTION('',(-1.E0,0.E0,0.E0));
#3277=VECTOR('',#3276,7.086614173228E-2);
#3278=CARTESIAN_POINT('',(3.543307086614E-2,1.968503937008E-3,
1.043307086614E-1));
#3279=LINE('',#3278,#3277);
#3280=DIRECTION('',(0.E0,0.E0,1.E0));
#3281=VECTOR('',#3280,2.086614173228E-1);
#3282=CARTESIAN_POINT('',(-3.543307086614E-2,1.968503937008E-3,
-1.043307086614E-1));
#3283=LINE('',#3282,#3281);
#3284=DIRECTION('',(-1.E0,0.E0,0.E0));
#3285=VECTOR('',#3284,3.937007874016E-3);
#3286=CARTESIAN_POINT('',(-3.543307086614E-2,1.968503937008E-3,
-1.043307086614E-1));
#3287=LINE('',#3286,#3285);
#3288=DIRECTION('',(0.E0,1.E0,0.E0));
#3289=VECTOR('',#3288,1.377952755906E-2);
#3290=CARTESIAN_POINT('',(-3.937007874016E-2,1.968503937008E-3,
-1.043307086614E-1));
#3291=LINE('',#3290,#3289);
#3292=DIRECTION('',(0.E0,1.E0,0.E0));
#3293=VECTOR('',#3292,1.377952755906E-2);
#3294=CARTESIAN_POINT('',(3.937007874016E-2,1.968503937008E-3,
-1.043307086614E-1));
#3295=LINE('',#3294,#3293);
#3296=DIRECTION('',(-1.E0,0.E0,0.E0));
#3297=VECTOR('',#3296,3.937007874016E-3);
#3298=CARTESIAN_POINT('',(3.937007874016E-2,1.968503937008E-3,
-1.043307086614E-1));
#3299=LINE('',#3298,#3297);
#3300=DIRECTION('',(0.E0,0.E0,1.E0));
#3301=VECTOR('',#3300,2.086614173228E-1);
#3302=CARTESIAN_POINT('',(-3.937007874016E-2,1.968503937008E-3,
-1.043307086614E-1));
#3303=LINE('',#3302,#3301);
#3304=DIRECTION('',(0.E0,-1.E0,0.E0));
#3305=VECTOR('',#3304,1.377952755906E-2);
#3306=CARTESIAN_POINT('',(3.937007874016E-2,1.574803149606E-2,
1.043307086614E-1));
#3307=LINE('',#3306,#3305);
#3308=DIRECTION('',(-1.E0,0.E0,0.E0));
#3309=VECTOR('',#3308,7.874015748031E-2);
#3310=CARTESIAN_POINT('',(3.937007874016E-2,1.574803149606E-2,
1.043307086614E-1));
#3311=LINE('',#3310,#3309);
#3312=DIRECTION('',(0.E0,-1.E0,0.E0));
#3313=VECTOR('',#3312,1.377952755906E-2);
#3314=CARTESIAN_POINT('',(-3.937007874016E-2,1.574803149606E-2,
1.043307086614E-1));
#3315=LINE('',#3314,#3313);
#3316=DIRECTION('',(0.E0,0.E0,1.E0));
#3317=VECTOR('',#3316,2.086614173228E-1);
#3318=CARTESIAN_POINT('',(3.937007874016E-2,1.968503937008E-3,
-1.043307086614E-1));
#3319=LINE('',#3318,#3317);
#3320=DIRECTION('',(0.E0,0.E0,1.E0));
#3321=VECTOR('',#3320,1.968503937008E-3);
#3322=CARTESIAN_POINT('',(3.937007874016E-2,1.574803149606E-2,
-1.043307086614E-1));
#3323=LINE('',#3322,#3321);
#3324=DIRECTION('',(-1.E0,0.E0,0.E0));
#3325=VECTOR('',#3324,7.874015748031E-2);
#3326=CARTESIAN_POINT('',(3.937007874016E-2,1.574803149606E-2,
-1.043307086614E-1));
#3327=LINE('',#3326,#3325);
#3328=DIRECTION('',(0.E0,0.E0,1.E0));
#3329=VECTOR('',#3328,1.968503937008E-3);
#3330=CARTESIAN_POINT('',(-3.937007874016E-2,1.574803149606E-2,
-1.043307086614E-1));
#3331=LINE('',#3330,#3329);
#3332=DIRECTION('',(0.E0,1.E0,0.E0));
#3333=VECTOR('',#3332,1.574803149606E-2);
#3334=CARTESIAN_POINT('',(3.937007874016E-2,1.574803149606E-2,
-1.023622047244E-1));
#3335=LINE('',#3334,#3333);
#3336=DIRECTION('',(-1.E0,0.E0,0.E0));
#3337=VECTOR('',#3336,7.874015748031E-2);
#3338=CARTESIAN_POINT('',(3.937007874016E-2,1.574803149606E-2,
-1.023622047244E-1));
#3339=LINE('',#3338,#3337);
#3340=DIRECTION('',(0.E0,1.E0,0.E0));
#3341=VECTOR('',#3340,1.574803149606E-2);
#3342=CARTESIAN_POINT('',(-3.937007874016E-2,1.574803149606E-2,
-1.023622047244E-1));
#3343=LINE('',#3342,#3341);
#3344=DIRECTION('',(0.E0,0.E0,1.E0));
#3345=VECTOR('',#3344,2.047244094488E-1);
#3346=CARTESIAN_POINT('',(3.937007874016E-2,3.149606299213E-2,
-1.023622047244E-1));
#3347=LINE('',#3346,#3345);
#3348=DIRECTION('',(-1.E0,0.E0,0.E0));
#3349=VECTOR('',#3348,7.874015748031E-2);
#3350=CARTESIAN_POINT('',(3.937007874016E-2,3.149606299213E-2,
-1.023622047244E-1));
#3351=LINE('',#3350,#3349);
#3352=DIRECTION('',(0.E0,0.E0,1.E0));
#3353=VECTOR('',#3352,2.047244094488E-1);
#3354=CARTESIAN_POINT('',(-3.937007874016E-2,3.149606299213E-2,
-1.023622047244E-1));
#3355=LINE('',#3354,#3353);
#3356=DIRECTION('',(0.E0,0.E0,-1.E0));
#3357=VECTOR('',#3356,1.299212598423E-1);
#3358=CARTESIAN_POINT('',(-2.952755905512E-2,3.149606299213E-2,
6.496062992114E-2));
#3359=LINE('',#3358,#3357);
#3360=DIRECTION('',(1.E0,0.E0,0.E0));
#3361=VECTOR('',#3360,5.905511811024E-2);
#3362=CARTESIAN_POINT('',(-2.952755905512E-2,3.149606299213E-2,
-6.496062992114E-2));
#3363=LINE('',#3362,#3361);
#3364=DIRECTION('',(0.E0,0.E0,-1.E0));
#3365=VECTOR('',#3364,1.299212598423E-1);
#3366=CARTESIAN_POINT('',(2.952755905512E-2,3.149606299213E-2,
6.496062992114E-2));
#3367=LINE('',#3366,#3365);
#3368=DIRECTION('',(1.E0,0.E0,0.E0));
#3369=VECTOR('',#3368,5.905511811024E-2);
#3370=CARTESIAN_POINT('',(-2.952755905512E-2,3.149606299213E-2,
6.496062992114E-2));
#3371=LINE('',#3370,#3369);
#3372=DIRECTION('',(0.E0,-1.E0,0.E0));
#3373=VECTOR('',#3372,1.574803149606E-2);
#3374=CARTESIAN_POINT('',(3.937007874016E-2,3.149606299213E-2,
1.023622047244E-1));
#3375=LINE('',#3374,#3373);
#3376=DIRECTION('',(-1.E0,0.E0,0.E0));
#3377=VECTOR('',#3376,7.874015748031E-2);
#3378=CARTESIAN_POINT('',(3.937007874016E-2,3.149606299213E-2,
1.023622047244E-1));
#3379=LINE('',#3378,#3377);
#3380=DIRECTION('',(0.E0,-1.E0,0.E0));
#3381=VECTOR('',#3380,1.574803149606E-2);
#3382=CARTESIAN_POINT('',(-3.937007874016E-2,3.149606299213E-2,
1.023622047244E-1));
#3383=LINE('',#3382,#3381);
#3384=DIRECTION('',(0.E0,0.E0,1.E0));
#3385=VECTOR('',#3384,1.968503937008E-3);
#3386=CARTESIAN_POINT('',(3.937007874016E-2,1.574803149606E-2,
1.023622047244E-1));
#3387=LINE('',#3386,#3385);
#3388=DIRECTION('',(-1.E0,0.E0,0.E0));
#3389=VECTOR('',#3388,7.874015748031E-2);
#3390=CARTESIAN_POINT('',(3.937007874016E-2,1.574803149606E-2,
1.023622047244E-1));
#3391=LINE('',#3390,#3389);
#3392=DIRECTION('',(0.E0,0.E0,1.E0));
#3393=VECTOR('',#3392,1.968503937008E-3);
#3394=CARTESIAN_POINT('',(-3.937007874016E-2,1.574803149606E-2,
1.023622047244E-1));
#3395=LINE('',#3394,#3393);
#3396=CARTESIAN_POINT('',(-2.952755905512E-2,2.755905511786E-2,
6.496062992114E-2));
#3397=DIRECTION('',(1.E0,0.E0,0.E0));
#3398=DIRECTION('',(0.E0,1.E0,0.E0));
#3399=AXIS2_PLACEMENT_3D('',#3396,#3397,#3398);
#3401=DIRECTION('',(0.E0,-1.E0,0.E0));
#3402=VECTOR('',#3401,1.456692913363E-2);
#3403=CARTESIAN_POINT('',(-2.952755905512E-2,2.755905511786E-2,
6.889763779540E-2));
#3404=LINE('',#3403,#3402);
#3405=DIRECTION('',(0.E0,0.E0,-1.E0));
#3406=VECTOR('',#3405,1.377952755908E-1);
#3407=CARTESIAN_POINT('',(-2.952755905512E-2,1.299212598423E-2,
6.889763779540E-2));
#3408=LINE('',#3407,#3406);
#3409=DIRECTION('',(0.E0,1.E0,0.E0));
#3410=VECTOR('',#3409,1.456692913363E-2);
#3411=CARTESIAN_POINT('',(-2.952755905512E-2,1.299212598423E-2,
-6.889763779540E-2));
#3412=LINE('',#3411,#3410);
#3413=CARTESIAN_POINT('',(-2.952755905512E-2,2.755905511786E-2,
-6.496062992114E-2));
#3414=DIRECTION('',(1.E0,0.E0,0.E0));
#3415=DIRECTION('',(0.E0,-1.409983241186E-14,-1.E0));
#3416=AXIS2_PLACEMENT_3D('',#3413,#3414,#3415);
#3418=CARTESIAN_POINT('',(2.952755905512E-2,2.755905511786E-2,
-6.496062992114E-2));
#3419=DIRECTION('',(1.E0,0.E0,0.E0));
#3420=DIRECTION('',(0.E0,-1.409983241186E-14,-1.E0));
#3421=AXIS2_PLACEMENT_3D('',#3418,#3419,#3420);
#3423=DIRECTION('',(0.E0,1.E0,0.E0));
#3424=VECTOR('',#3423,1.456692913363E-2);
#3425=CARTESIAN_POINT('',(2.952755905512E-2,1.299212598423E-2,
-6.889763779540E-2));
#3426=LINE('',#3425,#3424);
#3427=DIRECTION('',(0.E0,0.E0,-1.E0));
#3428=VECTOR('',#3427,1.377952755908E-1);
#3429=CARTESIAN_POINT('',(2.952755905512E-2,1.299212598423E-2,
6.889763779540E-2));
#3430=LINE('',#3429,#3428);
#3431=DIRECTION('',(0.E0,-1.E0,0.E0));
#3432=VECTOR('',#3431,1.456692913363E-2);
#3433=CARTESIAN_POINT('',(2.952755905512E-2,2.755905511786E-2,
6.889763779540E-2));
#3434=LINE('',#3433,#3432);
#3435=CARTESIAN_POINT('',(2.952755905512E-2,2.755905511786E-2,
6.496062992114E-2));
#3436=DIRECTION('',(1.E0,0.E0,0.E0));
#3437=DIRECTION('',(0.E0,1.E0,0.E0));
#3438=AXIS2_PLACEMENT_3D('',#3435,#3436,#3437);
#3440=DIRECTION('',(1.E0,0.E0,0.E0));
#3441=VECTOR('',#3440,5.905511811024E-2);
#3442=CARTESIAN_POINT('',(-2.952755905512E-2,2.755905511786E-2,
-6.889763779540E-2));
#3443=LINE('',#3442,#3441);
#3444=DIRECTION('',(1.E0,0.E0,0.E0));
#3445=VECTOR('',#3444,5.905511811024E-2);
#3446=CARTESIAN_POINT('',(-2.952755905512E-2,1.299212598423E-2,
-6.889763779540E-2));
#3447=LINE('',#3446,#3445);
#3448=DIRECTION('',(1.E0,0.E0,0.E0));
#3449=VECTOR('',#3448,5.905511811024E-2);
#3450=CARTESIAN_POINT('',(-2.952755905512E-2,1.299212598423E-2,
6.889763779540E-2));
#3451=LINE('',#3450,#3449);
#3452=DIRECTION('',(1.E0,0.E0,0.E0));
#3453=VECTOR('',#3452,5.905511811024E-2);
#3454=CARTESIAN_POINT('',(-2.952755905512E-2,2.755905511786E-2,
6.889763779540E-2));
#3455=LINE('',#3454,#3453);
#3456=DIRECTION('',(-1.E0,0.E0,0.E0));
#3457=VECTOR('',#3456,7.086614173228E-2);
#3458=CARTESIAN_POINT('',(3.543307086614E-2,1.968503937008E-3,
-1.102362204724E-1));
#3459=LINE('',#3458,#3457);
#3460=DIRECTION('',(0.E0,1.E0,0.E0));
#3461=VECTOR('',#3460,1.968503937008E-3);
#3462=CARTESIAN_POINT('',(3.543307086614E-2,0.E0,-1.102362204724E-1));
#3463=LINE('',#3462,#3461);
#3464=CARTESIAN_POINT('',(3.543307086614E-2,0.E0,1.102362204724E-1));
#3465=CARTESIAN_POINT('',(3.543307086614E-2,0.E0,-1.102362204724E-1));
#3466=VERTEX_POINT('',#3464);
#3467=VERTEX_POINT('',#3465);
#3468=CARTESIAN_POINT('',(-3.543307086614E-2,0.E0,-1.102362204724E-1));
#3469=VERTEX_POINT('',#3468);
#3470=CARTESIAN_POINT('',(-3.543307086614E-2,0.E0,1.102362204724E-1));
#3471=VERTEX_POINT('',#3470);
#3472=CARTESIAN_POINT('',(-4.330708538974E-2,-1.968503937010E-2,
-1.097446545731E-1));
#3473=CARTESIAN_POINT('',(-4.330708661417E-2,-5.905511811024E-3,
-1.121743570632E-1));
#3474=VERTEX_POINT('',#3472);
#3475=VERTEX_POINT('',#3473);
#3476=CARTESIAN_POINT('',(-4.133858267717E-2,-2.002686649147E-2,
-1.116832525121E-1));
#3477=CARTESIAN_POINT('',(-4.133858267717E-2,-5.905511811024E-3,
-1.141732283465E-1));
#3478=VERTEX_POINT('',#3476);
#3479=VERTEX_POINT('',#3477);
#3480=VERTEX_POINT('',#810);
#3481=VERTEX_POINT('',#1014);
#3482=VERTEX_POINT('',#981);
#3483=CARTESIAN_POINT('',(4.133858267717E-2,-2.002686649147E-2,
-1.116832525121E-1));
#3484=CARTESIAN_POINT('',(4.133858267717E-2,-5.905511811024E-3,
-1.141732283465E-1));
#3485=VERTEX_POINT('',#3483);
#3486=VERTEX_POINT('',#3484);
#3487=CARTESIAN_POINT('',(4.330708613489E-2,-1.968503937008E-2,
-1.097446545731E-1));
#3488=CARTESIAN_POINT('',(4.330708661417E-2,-5.905511811024E-3,
-1.121743570632E-1));
#3489=VERTEX_POINT('',#3487);
#3490=VERTEX_POINT('',#3488);
#3491=VERTEX_POINT('',#939);
#3492=VERTEX_POINT('',#821);
#3493=VERTEX_POINT('',#946);
#3494=CARTESIAN_POINT('',(-4.133858267717E-2,-2.002686649147E-2,
1.116832525121E-1));
#3495=CARTESIAN_POINT('',(-4.133858267717E-2,-5.905511811024E-3,
1.141732283465E-1));
#3496=VERTEX_POINT('',#3494);
#3497=VERTEX_POINT('',#3495);
#3498=CARTESIAN_POINT('',(-4.330708613489E-2,-1.968503937008E-2,
1.097446545731E-1));
#3499=CARTESIAN_POINT('',(-4.330708661417E-2,-5.905511811024E-3,
1.121743570632E-1));
#3500=VERTEX_POINT('',#3498);
#3501=VERTEX_POINT('',#3499);
#3502=VERTEX_POINT('',#1021);
#3503=VERTEX_POINT('',#889);
#3504=VERTEX_POINT('',#1028);
#3505=CARTESIAN_POINT('',(4.330708538974E-2,-1.968503937010E-2,
1.097446545731E-1));
#3506=CARTESIAN_POINT('',(4.330708661417E-2,-5.905511811024E-3,
1.121743570632E-1));
#3507=VERTEX_POINT('',#3505);
#3508=VERTEX_POINT('',#3506);
#3509=CARTESIAN_POINT('',(4.133858267717E-2,-2.002686649147E-2,
1.116832525121E-1));
#3510=CARTESIAN_POINT('',(4.133858267717E-2,-5.905511811024E-3,
1.141732283465E-1));
#3511=VERTEX_POINT('',#3509);
#3512=VERTEX_POINT('',#3510);
#3513=VERTEX_POINT('',#878);
#3514=VERTEX_POINT('',#974);
#3515=VERTEX_POINT('',#1075);
#3516=CARTESIAN_POINT('',(-4.724409448819E-2,-5.905511811024E-3,
-1.161417322835E-1));
#3517=CARTESIAN_POINT('',(-4.527559055118E-2,-5.905511811024E-3,
-1.181102362205E-1));
#3518=VERTEX_POINT('',#3516);
#3519=VERTEX_POINT('',#3517);
#3520=CARTESIAN_POINT('',(-4.527559055118E-2,0.E0,-1.181102362205E-1));
#3521=VERTEX_POINT('',#3520);
#3522=CARTESIAN_POINT('',(-4.724409448819E-2,0.E0,-1.161417322835E-1));
#3523=VERTEX_POINT('',#3522);
#3524=CARTESIAN_POINT('',(4.527559055118E-2,-5.905511811024E-3,
-1.181102362205E-1));
#3525=CARTESIAN_POINT('',(4.724409448819E-2,-5.905511811024E-3,
-1.161417322835E-1));
#3526=VERTEX_POINT('',#3524);
#3527=VERTEX_POINT('',#3525);
#3528=CARTESIAN_POINT('',(4.724409448819E-2,0.E0,-1.161417322835E-1));
#3529=VERTEX_POINT('',#3528);
#3530=CARTESIAN_POINT('',(4.527559055118E-2,0.E0,-1.181102362205E-1));
#3531=VERTEX_POINT('',#3530);
#3532=CARTESIAN_POINT('',(-4.527559055118E-2,-5.905511811024E-3,
1.181102362205E-1));
#3533=CARTESIAN_POINT('',(-4.724409448819E-2,-5.905511811024E-3,
1.161417322835E-1));
#3534=VERTEX_POINT('',#3532);
#3535=VERTEX_POINT('',#3533);
#3536=CARTESIAN_POINT('',(-4.724409448819E-2,0.E0,1.161417322835E-1));
#3537=VERTEX_POINT('',#3536);
#3538=CARTESIAN_POINT('',(-4.527559055118E-2,0.E0,1.181102362205E-1));
#3539=VERTEX_POINT('',#3538);
#3540=CARTESIAN_POINT('',(4.724409448819E-2,-5.905511811024E-3,
1.161417322835E-1));
#3541=CARTESIAN_POINT('',(4.527559055118E-2,-5.905511811024E-3,
1.181102362205E-1));
#3542=VERTEX_POINT('',#3540);
#3543=VERTEX_POINT('',#3541);
#3544=CARTESIAN_POINT('',(4.527559055118E-2,0.E0,1.181102362205E-1));
#3545=VERTEX_POINT('',#3544);
#3546=CARTESIAN_POINT('',(4.724409448819E-2,0.E0,1.161417322835E-1));
#3547=VERTEX_POINT('',#3546);
#3548=CARTESIAN_POINT('',(-3.937007874016E-2,1.968503937008E-3,
-1.043307086614E-1));
#3549=CARTESIAN_POINT('',(-3.937007874016E-2,1.574803149606E-2,
-1.043307086614E-1));
#3550=VERTEX_POINT('',#3548);
#3551=VERTEX_POINT('',#3549);
#3552=CARTESIAN_POINT('',(-3.937007874016E-2,1.574803149606E-2,
-1.023622047244E-1));
#3553=VERTEX_POINT('',#3552);
#3554=CARTESIAN_POINT('',(-3.937007874016E-2,3.149606299213E-2,
-1.023622047244E-1));
#3555=VERTEX_POINT('',#3554);
#3556=CARTESIAN_POINT('',(-3.937007874016E-2,3.149606299213E-2,
1.023622047244E-1));
#3557=VERTEX_POINT('',#3556);
#3558=CARTESIAN_POINT('',(-3.937007874016E-2,1.574803149606E-2,
1.023622047244E-1));
#3559=VERTEX_POINT('',#3558);
#3560=CARTESIAN_POINT('',(-3.937007874016E-2,1.574803149606E-2,
1.043307086614E-1));
#3561=VERTEX_POINT('',#3560);
#3562=CARTESIAN_POINT('',(-3.937007874016E-2,1.968503937008E-3,
1.043307086614E-1));
#3563=VERTEX_POINT('',#3562);
#3564=CARTESIAN_POINT('',(3.937007874016E-2,1.968503937008E-3,
-1.043307086614E-1));
#3565=CARTESIAN_POINT('',(3.937007874016E-2,1.968503937008E-3,
1.043307086614E-1));
#3566=VERTEX_POINT('',#3564);
#3567=VERTEX_POINT('',#3565);
#3568=CARTESIAN_POINT('',(3.937007874016E-2,1.574803149606E-2,
-1.043307086614E-1));
#3569=VERTEX_POINT('',#3568);
#3570=CARTESIAN_POINT('',(3.937007874016E-2,1.574803149606E-2,
-1.023622047244E-1));
#3571=VERTEX_POINT('',#3570);
#3572=CARTESIAN_POINT('',(3.937007874016E-2,3.149606299213E-2,
-1.023622047244E-1));
#3573=VERTEX_POINT('',#3572);
#3574=CARTESIAN_POINT('',(3.937007874016E-2,3.149606299213E-2,
1.023622047244E-1));
#3575=VERTEX_POINT('',#3574);
#3576=CARTESIAN_POINT('',(3.937007874016E-2,1.574803149606E-2,
1.023622047244E-1));
#3577=VERTEX_POINT('',#3576);
#3578=CARTESIAN_POINT('',(3.937007874016E-2,1.574803149606E-2,
1.043307086614E-1));
#3579=VERTEX_POINT('',#3578);
#3580=CARTESIAN_POINT('',(1.673228346457E-2,4.724409448819E-2,
-6.889763779528E-2));
#3581=CARTESIAN_POINT('',(-1.673228346457E-2,4.724409448819E-2,
-6.889763779528E-2));
#3582=VERTEX_POINT('',#3580);
#3583=VERTEX_POINT('',#3581);
#3584=CARTESIAN_POINT('',(-1.673228346457E-2,4.724409448819E-2,
6.889763779528E-2));
#3585=VERTEX_POINT('',#3584);
#3586=CARTESIAN_POINT('',(1.673228346457E-2,4.724409448819E-2,
6.889763779528E-2));
#3587=VERTEX_POINT('',#3586);
#3588=CARTESIAN_POINT('',(1.968503937008E-2,5.905511811024E-2,
-7.185039370079E-2));
#3589=CARTESIAN_POINT('',(-1.968503937008E-2,5.905511811024E-2,
-7.185039370079E-2));
#3590=VERTEX_POINT('',#3588);
#3591=VERTEX_POINT('',#3589);
#3592=CARTESIAN_POINT('',(-1.968503937008E-2,5.905511811024E-2,
7.185039370079E-2));
#3593=VERTEX_POINT('',#3592);
#3594=CARTESIAN_POINT('',(1.968503937008E-2,5.905511811024E-2,
7.185039370079E-2));
#3595=VERTEX_POINT('',#3594);
#3596=CARTESIAN_POINT('',(-1.279527559055E-2,4.724409448819E-2,
4.133858267717E-2));
#3597=CARTESIAN_POINT('',(1.279527559055E-2,4.724409448819E-2,
4.133858267717E-2));
#3598=VERTEX_POINT('',#3596);
#3599=VERTEX_POINT('',#3597);
#3600=CARTESIAN_POINT('',(1.279527559055E-2,4.724409448819E-2,
-4.133858267717E-2));
#3601=CARTESIAN_POINT('',(-1.279527559055E-2,4.724409448819E-2,
-4.133858267717E-2));
#3602=VERTEX_POINT('',#3600);
#3603=VERTEX_POINT('',#3601);
#3604=VERTEX_POINT('',#1122);
#3605=VERTEX_POINT('',#1128);
#3606=CARTESIAN_POINT('',(4.724409448819E-2,4.330708661417E-2,
-1.132861197592E-1));
#3607=VERTEX_POINT('',#3606);
#3608=CARTESIAN_POINT('',(4.527559055118E-2,4.330708661417E-2,
-1.152592994841E-1));
#3609=VERTEX_POINT('',#3608);
#3610=VERTEX_POINT('',#1134);
#3611=VERTEX_POINT('',#1140);
#3612=CARTESIAN_POINT('',(-4.527559055118E-2,5.722205136145E-2,
-1.142996467429E-1));
#3613=VERTEX_POINT('',#3612);
#3614=CARTESIAN_POINT('',(-4.724409448819E-2,5.708661417323E-2,
-1.123358075137E-1));
#3615=VERTEX_POINT('',#3614);
#3616=CARTESIAN_POINT('',(-4.724409448819E-2,5.708661417323E-2,
8.385826771654E-2));
#3617=VERTEX_POINT('',#3616);
#3618=CARTESIAN_POINT('',(-4.527559055118E-2,5.905511811024E-2,
8.582677165354E-2));
#3619=CARTESIAN_POINT('',(-4.527559055118E-2,5.905511811024E-2,
-1.123358075137E-1));
#3620=VERTEX_POINT('',#3618);
#3621=VERTEX_POINT('',#3619);
#3622=CARTESIAN_POINT('',(1.680271546180E-2,5.722205136145E-2,
-1.142996467429E-1));
#3623=VERTEX_POINT('',#3622);
#3624=CARTESIAN_POINT('',(1.876655469098E-2,5.905511811024E-2,
-1.123358075137E-1));
#3625=VERTEX_POINT('',#3624);
#3626=CARTESIAN_POINT('',(4.527559055118E-2,5.905511811024E-2,
-8.582677165354E-2));
#3627=CARTESIAN_POINT('',(4.527559055118E-2,5.905511811024E-2,
1.123358075137E-1));
#3628=VERTEX_POINT('',#3626);
#3629=VERTEX_POINT('',#3627);
#3630=CARTESIAN_POINT('',(4.724409448819E-2,5.708661417323E-2,
-8.385826771654E-2));
#3631=CARTESIAN_POINT('',(4.724409448819E-2,5.708661417323E-2,
1.123358075137E-1));
#3632=VERTEX_POINT('',#3630);
#3633=VERTEX_POINT('',#3631);
#3634=VERTEX_POINT('',#1154);
#3635=VERTEX_POINT('',#1160);
#3636=CARTESIAN_POINT('',(4.527559055118E-2,5.722205136145E-2,
1.142996467429E-1));
#3637=VERTEX_POINT('',#3636);
#3638=CARTESIAN_POINT('',(-1.876655469098E-2,5.905511811024E-2,
1.123358075137E-1));
#3639=VERTEX_POINT('',#3638);
#3640=CARTESIAN_POINT('',(-1.680271546180E-2,5.722205136145E-2,
1.142996467429E-1));
#3641=VERTEX_POINT('',#3640);
#3642=VERTEX_POINT('',#1146);
#3643=VERTEX_POINT('',#1152);
#3644=CARTESIAN_POINT('',(-4.724409448819E-2,4.330708661417E-2,
1.132861197592E-1));
#3645=VERTEX_POINT('',#3644);
#3646=CARTESIAN_POINT('',(-4.527559055118E-2,4.330708661417E-2,
1.152592994841E-1));
#3647=VERTEX_POINT('',#3646);
#3648=CARTESIAN_POINT('',(1.584306272061E-2,4.330708661417E-2,
-1.152592994841E-1));
#3649=CARTESIAN_POINT('',(4.724409448819E-2,4.330708661417E-2,
-8.385826771654E-2));
#3650=VERTEX_POINT('',#3648);
#3651=VERTEX_POINT('',#3649);
#3652=CARTESIAN_POINT('',(-1.584306272061E-2,4.330708661417E-2,
1.152592994841E-1));
#3653=CARTESIAN_POINT('',(-4.724409448819E-2,4.330708661417E-2,
8.385826771654E-2));
#3654=VERTEX_POINT('',#3652);
#3655=VERTEX_POINT('',#3653);
#3656=CARTESIAN_POINT('',(4.269685039370E-2,5.885826771654E-2,
-9.728510860852E-3));
#3657=CARTESIAN_POINT('',(4.269685039370E-2,5.885826771654E-2,
-2.247621459285E-2));
#3658=VERTEX_POINT('',#3656);
#3659=VERTEX_POINT('',#3657);
#3660=CARTESIAN_POINT('',(4.098383334209E-2,5.885826771654E-2,
-2.247621459285E-2));
#3661=VERTEX_POINT('',#3660);
#3662=CARTESIAN_POINT('',(4.098383334209E-2,5.885826771654E-2,
-1.710876036465E-2));
#3663=VERTEX_POINT('',#3662);
#3664=CARTESIAN_POINT('',(2.659448818898E-2,5.885826771654E-2,
-1.710876036465E-2));
#3665=VERTEX_POINT('',#3664);
#3666=CARTESIAN_POINT('',(2.659448818898E-2,5.885826771654E-2,
-1.509596508906E-2));
#3667=VERTEX_POINT('',#3666);
#3668=CARTESIAN_POINT('',(4.098383334209E-2,5.885826771654E-2,
-1.509596508906E-2));
#3669=VERTEX_POINT('',#3668);
#3670=CARTESIAN_POINT('',(4.098383334209E-2,5.885826771654E-2,
-9.728510860852E-3));
#3671=VERTEX_POINT('',#3670);
#3672=CARTESIAN_POINT('',(4.269685039370E-2,5.905511811024E-2,
-9.728510860852E-3));
#3673=CARTESIAN_POINT('',(4.269685039370E-2,5.905511811024E-2,
-2.247621459285E-2));
#3674=VERTEX_POINT('',#3672);
#3675=VERTEX_POINT('',#3673);
#3676=CARTESIAN_POINT('',(4.098383334209E-2,5.905511811024E-2,
-2.247621459285E-2));
#3677=VERTEX_POINT('',#3676);
#3678=CARTESIAN_POINT('',(4.098383334209E-2,5.905511811024E-2,
-1.710876036465E-2));
#3679=VERTEX_POINT('',#3678);
#3680=CARTESIAN_POINT('',(2.659448818898E-2,5.905511811024E-2,
-1.710876036465E-2));
#3681=VERTEX_POINT('',#3680);
#3682=CARTESIAN_POINT('',(2.659448818898E-2,5.905511811024E-2,
-1.509596508906E-2));
#3683=VERTEX_POINT('',#3682);
#3684=CARTESIAN_POINT('',(4.098383334209E-2,5.905511811024E-2,
-1.509596508906E-2));
#3685=VERTEX_POINT('',#3684);
#3686=CARTESIAN_POINT('',(4.098383334209E-2,5.905511811024E-2,
-9.728510860852E-3));
#3687=VERTEX_POINT('',#3686);
#3688=CARTESIAN_POINT('',(-3.200996810761E-2,5.885826771654E-2,
-8.722112287921E-3));
#3689=CARTESIAN_POINT('',(-3.200996810761E-2,5.885826771654E-2,
-7.380249090786E-3));
#3690=VERTEX_POINT('',#3688);
#3691=VERTEX_POINT('',#3689);
#3692=CARTESIAN_POINT('',(-3.235257151793E-2,5.885826771654E-2,
-5.367453335308E-3));
#3693=VERTEX_POINT('',#3692);
#3694=CARTESIAN_POINT('',(-3.303777833858E-2,5.885826771654E-2,
-4.361055697512E-3));
#3695=VERTEX_POINT('',#3694);
#3696=CARTESIAN_POINT('',(-3.440819245976E-2,5.885826771654E-2,
-3.690124578833E-3));
#3697=VERTEX_POINT('',#3696);
#3698=CARTESIAN_POINT('',(-3.577860610105E-2,5.885826771654E-2,
-3.690124578833E-3));
#3699=VERTEX_POINT('',#3698);
#3700=CARTESIAN_POINT('',(-3.646381292169E-2,5.885826771654E-2,
-4.025590138173E-3));
#3701=VERTEX_POINT('',#3700);
#3702=CARTESIAN_POINT('',(-3.714901998228E-2,5.885826771654E-2,
-4.696522216628E-3));
#3703=VERTEX_POINT('',#3702);
#3704=CARTESIAN_POINT('',(-3.749162339261E-2,5.885826771654E-2,
-5.367453335308E-3));
#3705=VERTEX_POINT('',#3704);
#3706=CARTESIAN_POINT('',(-3.783422680293E-2,5.885826771654E-2,
-7.044783051558E-3));
#3707=VERTEX_POINT('',#3706);
#3708=CARTESIAN_POINT('',(-3.783422680293E-2,5.885826771654E-2,
-9.057578327149E-3));
#3709=VERTEX_POINT('',#3708);
#3710=CARTESIAN_POINT('',(-3.749162339261E-2,5.885826771654E-2,
-1.073490780346E-2));
#3711=VERTEX_POINT('',#3710);
#3712=CARTESIAN_POINT('',(-3.714901998228E-2,5.885826771654E-2,
-1.140583940202E-2));
#3713=VERTEX_POINT('',#3712);
#3714=CARTESIAN_POINT('',(-3.646381292169E-2,5.885826771654E-2,
-1.207677124053E-2));
#3715=VERTEX_POINT('',#3714);
#3716=CARTESIAN_POINT('',(-3.577860610105E-2,5.885826771654E-2,
-1.241223715979E-2));
#3717=VERTEX_POINT('',#3716);
#3718=CARTESIAN_POINT('',(-3.577860610105E-2,5.885826771654E-2,
-1.408956651613E-2));
#3719=VERTEX_POINT('',#3718);
#3720=CARTESIAN_POINT('',(-3.680641657196E-2,5.885826771654E-2,
-1.375410062686E-2));
#3721=VERTEX_POINT('',#3720);
#3722=CARTESIAN_POINT('',(-3.783422680293E-2,5.885826771654E-2,
-1.308316887833E-2));
#3723=VERTEX_POINT('',#3722);
#3724=CARTESIAN_POINT('',(-3.851943374355E-2,5.885826771654E-2,
-1.207677124053E-2));
#3725=VERTEX_POINT('',#3724);
#3726=CARTESIAN_POINT('',(-3.920464065417E-2,5.885826771654E-2,
-1.073490780346E-2));
#3727=VERTEX_POINT('',#3726);
#3728=CARTESIAN_POINT('',(-3.954724409449E-2,5.885826771654E-2,
-9.393044366377E-3));
#3729=VERTEX_POINT('',#3728);
#3730=CARTESIAN_POINT('',(-3.954724409449E-2,5.885826771654E-2,
-6.709317012331E-3));
#3731=VERTEX_POINT('',#3730);
#3732=CARTESIAN_POINT('',(-3.920464065417E-2,5.885826771654E-2,
-5.367453335308E-3));
#3733=VERTEX_POINT('',#3732);
#3734=CARTESIAN_POINT('',(-3.851943374355E-2,5.885826771654E-2,
-4.025590138173E-3));
#3735=VERTEX_POINT('',#3734);
#3736=CARTESIAN_POINT('',(-3.783422680293E-2,5.885826771654E-2,
-3.019192500377E-3));
#3737=VERTEX_POINT('',#3736);
#3738=CARTESIAN_POINT('',(-1.094444876157E-2,5.885826771654E-2,
-8.853838582677E-2));
#3739=CARTESIAN_POINT('',(5.157913443152E-3,5.885826771654E-2,
-8.853838582677E-2));
#3740=VERTEX_POINT('',#3738);
#3741=VERTEX_POINT('',#3739);
#3742=CARTESIAN_POINT('',(5.157913443152E-3,5.885826771654E-2,
-9.055118110236E-2));
#3743=VERTEX_POINT('',#3742);
#3744=CARTESIAN_POINT('',(-1.094444876157E-2,5.885826771654E-2,
-9.055118110236E-2));
#3745=VERTEX_POINT('',#3744);
#3746=CARTESIAN_POINT('',(-1.094444876157E-2,5.885826771654E-2,
9.256397637795E-2));
#3747=CARTESIAN_POINT('',(5.157913443152E-3,5.885826771654E-2,
9.256397637795E-2));
#3748=VERTEX_POINT('',#3746);
#3749=VERTEX_POINT('',#3747);
#3750=CARTESIAN_POINT('',(5.157913443152E-3,5.885826771654E-2,
9.055118110236E-2));
#3751=VERTEX_POINT('',#3750);
#3752=CARTESIAN_POINT('',(-1.094444876157E-2,5.885826771654E-2,
9.055118110236E-2));
#3753=VERTEX_POINT('',#3752);
#3754=CARTESIAN_POINT('',(-3.200996810761E-2,5.905511811024E-2,
-8.722112287921E-3));
#3755=CARTESIAN_POINT('',(-3.200996810761E-2,5.905511811024E-2,
-7.380249090786E-3));
#3756=VERTEX_POINT('',#3754);
#3757=VERTEX_POINT('',#3755);
#3758=CARTESIAN_POINT('',(-3.235257151793E-2,5.905511811024E-2,
-5.367453335308E-3));
#3759=VERTEX_POINT('',#3758);
#3760=CARTESIAN_POINT('',(-3.303777833858E-2,5.905511811024E-2,
-4.361055697512E-3));
#3761=VERTEX_POINT('',#3760);
#3762=CARTESIAN_POINT('',(-3.440819245976E-2,5.905511811024E-2,
-3.690124578833E-3));
#3763=VERTEX_POINT('',#3762);
#3764=CARTESIAN_POINT('',(-3.577860610105E-2,5.905511811024E-2,
-3.690124578833E-3));
#3765=VERTEX_POINT('',#3764);
#3766=CARTESIAN_POINT('',(-3.646381292169E-2,5.905511811024E-2,
-4.025590138173E-3));
#3767=VERTEX_POINT('',#3766);
#3768=CARTESIAN_POINT('',(-3.714901998228E-2,5.905511811024E-2,
-4.696522216628E-3));
#3769=VERTEX_POINT('',#3768);
#3770=CARTESIAN_POINT('',(-3.749162339261E-2,5.905511811024E-2,
-5.367453335308E-3));
#3771=VERTEX_POINT('',#3770);
#3772=CARTESIAN_POINT('',(-3.783422680293E-2,5.905511811024E-2,
-7.044783051558E-3));
#3773=VERTEX_POINT('',#3772);
#3774=CARTESIAN_POINT('',(-3.783422680293E-2,5.905511811024E-2,
-9.057578327149E-3));
#3775=VERTEX_POINT('',#3774);
#3776=CARTESIAN_POINT('',(-3.749162339261E-2,5.905511811024E-2,
-1.073490780346E-2));
#3777=VERTEX_POINT('',#3776);
#3778=CARTESIAN_POINT('',(-3.714901998228E-2,5.905511811024E-2,
-1.140583940202E-2));
#3779=VERTEX_POINT('',#3778);
#3780=CARTESIAN_POINT('',(-3.646381292169E-2,5.905511811024E-2,
-1.207677124053E-2));
#3781=VERTEX_POINT('',#3780);
#3782=CARTESIAN_POINT('',(-3.577860610105E-2,5.905511811024E-2,
-1.241223715979E-2));
#3783=VERTEX_POINT('',#3782);
#3784=CARTESIAN_POINT('',(-3.577860610105E-2,5.905511811024E-2,
-1.408956651613E-2));
#3785=VERTEX_POINT('',#3784);
#3786=CARTESIAN_POINT('',(-3.680641657196E-2,5.905511811024E-2,
-1.375410062686E-2));
#3787=VERTEX_POINT('',#3786);
#3788=CARTESIAN_POINT('',(-3.783422680293E-2,5.905511811024E-2,
-1.308316887833E-2));
#3789=VERTEX_POINT('',#3788);
#3790=CARTESIAN_POINT('',(-3.851943374355E-2,5.905511811024E-2,
-1.207677124053E-2));
#3791=VERTEX_POINT('',#3790);
#3792=CARTESIAN_POINT('',(-3.920464065417E-2,5.905511811024E-2,
-1.073490780346E-2));
#3793=VERTEX_POINT('',#3792);
#3794=CARTESIAN_POINT('',(-3.954724409449E-2,5.905511811024E-2,
-9.393044366377E-3));
#3795=VERTEX_POINT('',#3794);
#3796=CARTESIAN_POINT('',(-3.954724409449E-2,5.905511811024E-2,
-6.709317012331E-3));
#3797=VERTEX_POINT('',#3796);
#3798=CARTESIAN_POINT('',(-3.920464065417E-2,5.905511811024E-2,
-5.367453335308E-3));
#3799=VERTEX_POINT('',#3798);
#3800=CARTESIAN_POINT('',(-3.851943374355E-2,5.905511811024E-2,
-4.025590138173E-3));
#3801=VERTEX_POINT('',#3800);
#3802=CARTESIAN_POINT('',(-3.783422680293E-2,5.905511811024E-2,
-3.019192500377E-3));
#3803=VERTEX_POINT('',#3802);
#3804=CARTESIAN_POINT('',(-1.094444876157E-2,5.905511811024E-2,
-8.853838582677E-2));
#3805=CARTESIAN_POINT('',(5.157913443152E-3,5.905511811024E-2,
-8.853838582677E-2));
#3806=VERTEX_POINT('',#3804);
#3807=VERTEX_POINT('',#3805);
#3808=CARTESIAN_POINT('',(5.157913443152E-3,5.905511811024E-2,
-9.055118110236E-2));
#3809=VERTEX_POINT('',#3808);
#3810=CARTESIAN_POINT('',(-1.094444876157E-2,5.905511811024E-2,
-9.055118110236E-2));
#3811=VERTEX_POINT('',#3810);
#3812=CARTESIAN_POINT('',(-1.094444876157E-2,5.905511811024E-2,
9.256397637795E-2));
#3813=CARTESIAN_POINT('',(5.157913443152E-3,5.905511811024E-2,
9.256397637795E-2));
#3814=VERTEX_POINT('',#3812);
#3815=VERTEX_POINT('',#3813);
#3816=CARTESIAN_POINT('',(5.157913443152E-3,5.905511811024E-2,
9.055118110236E-2));
#3817=VERTEX_POINT('',#3816);
#3818=CARTESIAN_POINT('',(-1.094444876157E-2,5.905511811024E-2,
9.055118110236E-2));
#3819=VERTEX_POINT('',#3818);
#3820=CARTESIAN_POINT('',(4.269685039370E-2,5.885826771654E-2,
1.006397595556E-3));
#3821=CARTESIAN_POINT('',(4.269685039370E-2,5.885826771654E-2,
-7.044784466582E-3));
#3822=VERTEX_POINT('',#3820);
#3823=VERTEX_POINT('',#3821);
#3824=CARTESIAN_POINT('',(2.659448818898E-2,5.885826771654E-2,
-7.044784466582E-3));
#3825=VERTEX_POINT('',#3824);
#3826=CARTESIAN_POINT('',(2.659448818898E-2,5.885826771654E-2,
1.006397595556E-3));
#3827=VERTEX_POINT('',#3826);
#3828=CARTESIAN_POINT('',(2.693709162929E-2,5.885826771654E-2,
2.683726352031E-3));
#3829=VERTEX_POINT('',#3828);
#3830=CARTESIAN_POINT('',(2.762229853992E-2,5.885826771654E-2,
4.025590508942E-3));
#3831=VERTEX_POINT('',#3830);
#3832=CARTESIAN_POINT('',(2.899271230118E-2,5.885826771654E-2,
5.367452746301E-3));
#3833=VERTEX_POINT('',#3832);
#3834=CARTESIAN_POINT('',(3.036312618242E-2,5.885826771654E-2,
6.038385784532E-3));
#3835=VERTEX_POINT('',#3834);
#3836=CARTESIAN_POINT('',(3.207614323403E-2,5.885826771654E-2,
6.373850384096E-3));
#3837=VERTEX_POINT('',#3836);
#3838=CARTESIAN_POINT('',(3.721519486876E-2,5.885826771654E-2,
6.373850384096E-3));
#3839=VERTEX_POINT('',#3838);
#3840=CARTESIAN_POINT('',(3.892821288015E-2,5.885826771654E-2,
6.038385784532E-3));
#3841=VERTEX_POINT('',#3840);
#3842=CARTESIAN_POINT('',(4.029862652144E-2,5.885826771654E-2,
5.367452746301E-3));
#3843=VERTEX_POINT('',#3842);
#3844=CARTESIAN_POINT('',(4.166904016273E-2,5.885826771654E-2,
4.025590508942E-3));
#3845=VERTEX_POINT('',#3844);
#3846=CARTESIAN_POINT('',(4.235424698338E-2,5.885826771654E-2,
2.683726352031E-3));
#3847=VERTEX_POINT('',#3846);
#3848=CARTESIAN_POINT('',(4.064122993176E-2,5.885826771654E-2,
-5.031988231216E-3));
#3849=CARTESIAN_POINT('',(4.064122993176E-2,5.885826771654E-2,
1.006397595556E-3));
#3850=VERTEX_POINT('',#3848);
#3851=VERTEX_POINT('',#3849);
#3852=CARTESIAN_POINT('',(4.029862652144E-2,5.885826771654E-2,
2.348259832915E-3));
#3853=VERTEX_POINT('',#3852);
#3854=CARTESIAN_POINT('',(3.961341970080E-2,5.885826771654E-2,
3.354657470711E-3));
#3855=VERTEX_POINT('',#3854);
#3856=CARTESIAN_POINT('',(3.858560851005E-2,5.885826771654E-2,
4.025590508942E-3));
#3857=VERTEX_POINT('',#3856);
#3858=CARTESIAN_POINT('',(3.721519486876E-2,5.885826771654E-2,
4.361055108506E-3));
#3859=VERTEX_POINT('',#3858);
#3860=CARTESIAN_POINT('',(3.207614323403E-2,5.885826771654E-2,
4.361055108506E-3));
#3861=VERTEX_POINT('',#3860);
#3862=CARTESIAN_POINT('',(3.070572959274E-2,5.885826771654E-2,
4.025590508942E-3));
#3863=VERTEX_POINT('',#3862);
#3864=CARTESIAN_POINT('',(2.967791936177E-2,5.885826771654E-2,
3.354657470711E-3));
#3865=VERTEX_POINT('',#3864);
#3866=CARTESIAN_POINT('',(2.899271230118E-2,5.885826771654E-2,
2.348259832915E-3));
#3867=VERTEX_POINT('',#3866);
#3868=CARTESIAN_POINT('',(2.865010889086E-2,5.885826771654E-2,
1.006397595556E-3));
#3869=VERTEX_POINT('',#3868);
#3870=CARTESIAN_POINT('',(2.865010889086E-2,5.885826771654E-2,
-5.031988231216E-3));
#3871=VERTEX_POINT('',#3870);
#3872=CARTESIAN_POINT('',(4.269685039370E-2,5.885826771654E-2,
1.710875788073E-2));
#3873=CARTESIAN_POINT('',(4.269685039370E-2,5.885826771654E-2,
9.057578697918E-3));
#3874=VERTEX_POINT('',#3872);
#3875=VERTEX_POINT('',#3873);
#3876=CARTESIAN_POINT('',(2.659448818898E-2,5.885826771654E-2,
9.057578697918E-3));
#3877=VERTEX_POINT('',#3876);
#3878=CARTESIAN_POINT('',(2.659448818898E-2,5.885826771654E-2,
1.710875788073E-2));
#3879=VERTEX_POINT('',#3878);
#3880=CARTESIAN_POINT('',(2.693709162929E-2,5.885826771654E-2,
1.878608855676E-2));
#3881=VERTEX_POINT('',#3880);
#3882=CARTESIAN_POINT('',(2.762229853992E-2,5.885826771654E-2,
2.012795079411E-2));
#3883=VERTEX_POINT('',#3882);
#3884=CARTESIAN_POINT('',(2.899271230118E-2,5.885826771654E-2,
2.146981687058E-2));
#3885=VERTEX_POINT('',#3884);
#3886=CARTESIAN_POINT('',(3.036312618242E-2,5.885826771654E-2,
2.214074606971E-2));
#3887=VERTEX_POINT('',#3886);
#3888=CARTESIAN_POINT('',(3.207614323403E-2,5.885826771654E-2,
2.247621450837E-2));
#3889=VERTEX_POINT('',#3888);
#3890=CARTESIAN_POINT('',(3.721519486876E-2,5.885826771654E-2,
2.247621450837E-2));
#3891=VERTEX_POINT('',#3890);
#3892=CARTESIAN_POINT('',(3.892821288015E-2,5.885826771654E-2,
2.214074606971E-2));
#3893=VERTEX_POINT('',#3892);
#3894=CARTESIAN_POINT('',(4.029862652144E-2,5.885826771654E-2,
2.146981687058E-2));
#3895=VERTEX_POINT('',#3894);
#3896=CARTESIAN_POINT('',(4.166904016273E-2,5.885826771654E-2,
2.012795079411E-2));
#3897=VERTEX_POINT('',#3896);
#3898=CARTESIAN_POINT('',(4.235424698338E-2,5.885826771654E-2,
1.878608855676E-2));
#3899=VERTEX_POINT('',#3898);
#3900=CARTESIAN_POINT('',(4.064122993176E-2,5.885826771654E-2,
1.107037205396E-2));
#3901=CARTESIAN_POINT('',(4.064122993176E-2,5.885826771654E-2,
1.710875788073E-2));
#3902=VERTEX_POINT('',#3900);
#3903=VERTEX_POINT('',#3901);
#3904=CARTESIAN_POINT('',(4.029862652144E-2,5.885826771654E-2,
1.845062395719E-2));
#3905=VERTEX_POINT('',#3904);
#3906=CARTESIAN_POINT('',(3.961341970080E-2,5.885826771654E-2,
1.945702159499E-2));
#3907=VERTEX_POINT('',#3906);
#3908=CARTESIAN_POINT('',(3.858560851005E-2,5.885826771654E-2,
2.012795079411E-2));
#3909=VERTEX_POINT('',#3908);
#3910=CARTESIAN_POINT('',(3.721519486876E-2,5.885826771654E-2,
2.046341923278E-2));
#3911=VERTEX_POINT('',#3910);
#3912=CARTESIAN_POINT('',(3.207614323403E-2,5.885826771654E-2,
2.046341923278E-2));
#3913=VERTEX_POINT('',#3912);
#3914=CARTESIAN_POINT('',(3.070572959274E-2,5.885826771654E-2,
2.012795079411E-2));
#3915=VERTEX_POINT('',#3914);
#3916=CARTESIAN_POINT('',(2.967791936177E-2,5.885826771654E-2,
1.945702159499E-2));
#3917=VERTEX_POINT('',#3916);
#3918=CARTESIAN_POINT('',(2.899271230118E-2,5.885826771654E-2,
1.845062395719E-2));
#3919=VERTEX_POINT('',#3918);
#3920=CARTESIAN_POINT('',(2.865010889086E-2,5.885826771654E-2,
1.710875788073E-2));
#3921=VERTEX_POINT('',#3920);
#3922=CARTESIAN_POINT('',(2.865010889086E-2,5.885826771654E-2,
1.107037205396E-2));
#3923=VERTEX_POINT('',#3922);
#3924=CARTESIAN_POINT('',(-3.680641657196E-2,5.885826771654E-2,
-2.348260421922E-3));
#3925=VERTEX_POINT('',#3924);
#3926=CARTESIAN_POINT('',(-3.577860610105E-2,5.885826771654E-2,
-2.012794862582E-3));
#3927=VERTEX_POINT('',#3926);
#3928=CARTESIAN_POINT('',(-3.440819245976E-2,5.885826771654E-2,
-2.012794862582E-3));
#3929=VERTEX_POINT('',#3928);
#3930=CARTESIAN_POINT('',(-3.303777833858E-2,5.885826771654E-2,
-2.348260421922E-3));
#3931=VERTEX_POINT('',#3930);
#3932=CARTESIAN_POINT('',(-3.200996810761E-2,5.885826771654E-2,
-3.019192500377E-3));
#3933=VERTEX_POINT('',#3932);
#3934=CARTESIAN_POINT('',(-3.132476128696E-2,5.885826771654E-2,
-4.696522216628E-3));
#3935=VERTEX_POINT('',#3934);
#3936=CARTESIAN_POINT('',(-3.029695105600E-2,5.885826771654E-2,
-3.354658059717E-3));
#3937=VERTEX_POINT('',#3936);
#3938=CARTESIAN_POINT('',(-2.926914082503E-2,5.885826771654E-2,
-2.683726941037E-3));
#3939=VERTEX_POINT('',#3938);
#3940=CARTESIAN_POINT('',(-2.789872718374E-2,5.885826771654E-2,
-2.348260421922E-3));
#3941=VERTEX_POINT('',#3940);
#3942=CARTESIAN_POINT('',(-2.721351940331E-2,5.885826771654E-2,
-2.348260421922E-3));
#3943=VERTEX_POINT('',#3942);
#3944=CARTESIAN_POINT('',(-2.584310576202E-2,5.885826771654E-2,
-2.683726941037E-3));
#3945=VERTEX_POINT('',#3944);
#3946=CARTESIAN_POINT('',(-2.447269212073E-2,5.885826771654E-2,
-4.025590138173E-3));
#3947=VERTEX_POINT('',#3946);
#3948=CARTESIAN_POINT('',(-2.378748530009E-2,5.885826771654E-2,
-5.367453335308E-3));
#3949=VERTEX_POINT('',#3948);
#3950=CARTESIAN_POINT('',(-2.344488188976E-2,5.885826771654E-2,
-7.715714650126E-3));
#3951=VERTEX_POINT('',#3950);
#3952=CARTESIAN_POINT('',(-2.344488188976E-2,5.885826771654E-2,
-8.386646728581E-3));
#3953=VERTEX_POINT('',#3952);
#3954=CARTESIAN_POINT('',(-2.378748530009E-2,5.885826771654E-2,
-1.073490780346E-2));
#3955=VERTEX_POINT('',#3954);
#3956=CARTESIAN_POINT('',(-2.447269212073E-2,5.885826771654E-2,
-1.207677124053E-2));
#3957=VERTEX_POINT('',#3956);
#3958=CARTESIAN_POINT('',(-2.584310576202E-2,5.885826771654E-2,
-1.341863473760E-2));
#3959=VERTEX_POINT('',#3958);
#3960=CARTESIAN_POINT('',(-2.721351940331E-2,5.885826771654E-2,
-1.375410062686E-2));
#3961=VERTEX_POINT('',#3960);
#3962=CARTESIAN_POINT('',(-2.721351940331E-2,5.885826771654E-2,
-1.207677124053E-2));
#3963=VERTEX_POINT('',#3962);
#3964=CARTESIAN_POINT('',(-2.618570917235E-2,5.885826771654E-2,
-1.140583940202E-2));
#3965=VERTEX_POINT('',#3964);
#3966=CARTESIAN_POINT('',(-2.550050235170E-2,5.885826771654E-2,
-1.039944176423E-2));
#3967=VERTEX_POINT('',#3966);
#3968=CARTESIAN_POINT('',(-2.515789894138E-2,5.885826771654E-2,
-8.722112287921E-3));
#3969=VERTEX_POINT('',#3968);
#3970=CARTESIAN_POINT('',(-2.515789894138E-2,5.885826771654E-2,
-7.380249090786E-3));
#3971=VERTEX_POINT('',#3970);
#3972=CARTESIAN_POINT('',(-2.550050235170E-2,5.885826771654E-2,
-5.702919854423E-3));
#3973=VERTEX_POINT('',#3972);
#3974=CARTESIAN_POINT('',(-2.618570917235E-2,5.885826771654E-2,
-4.696522216628E-3));
#3975=VERTEX_POINT('',#3974);
#3976=CARTESIAN_POINT('',(-2.721351940331E-2,5.885826771654E-2,
-4.025590138173E-3));
#3977=VERTEX_POINT('',#3976);
#3978=CARTESIAN_POINT('',(-2.789872718374E-2,5.885826771654E-2,
-4.025590138173E-3));
#3979=VERTEX_POINT('',#3978);
#3980=CARTESIAN_POINT('',(-2.926914082503E-2,5.885826771654E-2,
-4.696522216628E-3));
#3981=VERTEX_POINT('',#3980);
#3982=CARTESIAN_POINT('',(-2.995434764567E-2,5.885826771654E-2,
-5.367453335308E-3));
#3983=VERTEX_POINT('',#3982);
#3984=CARTESIAN_POINT('',(-3.063955446632E-2,5.885826771654E-2,
-7.380249090786E-3));
#3985=VERTEX_POINT('',#3984);
#3986=CARTESIAN_POINT('',(-3.063955446632E-2,5.885826771654E-2,
-8.722112287921E-3));
#3987=VERTEX_POINT('',#3986);
#3988=CARTESIAN_POINT('',(-3.954724409449E-2,5.885826771654E-2,
2.683726807279E-3));
#3989=CARTESIAN_POINT('',(-3.200996810761E-2,5.885826771654E-2,
2.683726807279E-3));
#3990=VERTEX_POINT('',#3988);
#3991=VERTEX_POINT('',#3989);
#3992=CARTESIAN_POINT('',(-3.200996810761E-2,5.885826771654E-2,
1.207677206655E-2));
#3993=VERTEX_POINT('',#3992);
#3994=CARTESIAN_POINT('',(-3.954724409449E-2,5.885826771654E-2,
1.207677206655E-2));
#3995=VERTEX_POINT('',#3994);
#3996=CARTESIAN_POINT('',(-3.954724409449E-2,5.885826771654E-2,
1.408956734214E-2));
#3997=VERTEX_POINT('',#3996);
#3998=CARTESIAN_POINT('',(-2.344488188976E-2,5.885826771654E-2,
1.408956734214E-2));
#3999=VERTEX_POINT('',#3998);
#4000=CARTESIAN_POINT('',(-2.344488188976E-2,5.885826771654E-2,
1.207677206655E-2));
#4001=VERTEX_POINT('',#4000);
#4002=CARTESIAN_POINT('',(-2.995434764567E-2,5.885826771654E-2,
1.207677206655E-2));
#4003=VERTEX_POINT('',#4002);
#4004=CARTESIAN_POINT('',(-2.995434764567E-2,5.885826771654E-2,
2.683726807279E-3));
#4005=VERTEX_POINT('',#4004);
#4006=CARTESIAN_POINT('',(-2.344488188976E-2,5.885826771654E-2,
2.683726807279E-3));
#4007=VERTEX_POINT('',#4006);
#4008=CARTESIAN_POINT('',(-2.344488188976E-2,5.885826771654E-2,
6.709324914639E-4));
#4009=VERTEX_POINT('',#4008);
#4010=CARTESIAN_POINT('',(-3.954724409449E-2,5.885826771654E-2,
6.709324914639E-4));
#4011=VERTEX_POINT('',#4010);
#4012=CARTESIAN_POINT('',(4.269685039370E-2,5.905511811024E-2,
1.006397595556E-3));
#4013=CARTESIAN_POINT('',(4.269685039370E-2,5.905511811024E-2,
-7.044784466582E-3));
#4014=VERTEX_POINT('',#4012);
#4015=VERTEX_POINT('',#4013);
#4016=CARTESIAN_POINT('',(2.659448818898E-2,5.905511811024E-2,
-7.044784466582E-3));
#4017=VERTEX_POINT('',#4016);
#4018=CARTESIAN_POINT('',(2.659448818898E-2,5.905511811024E-2,
1.006397595556E-3));
#4019=VERTEX_POINT('',#4018);
#4020=CARTESIAN_POINT('',(2.693709162929E-2,5.905511811024E-2,
2.683726352031E-3));
#4021=VERTEX_POINT('',#4020);
#4022=CARTESIAN_POINT('',(2.762229853992E-2,5.905511811024E-2,
4.025590508942E-3));
#4023=VERTEX_POINT('',#4022);
#4024=CARTESIAN_POINT('',(2.899271230118E-2,5.905511811024E-2,
5.367452746301E-3));
#4025=VERTEX_POINT('',#4024);
#4026=CARTESIAN_POINT('',(3.036312618242E-2,5.905511811024E-2,
6.038385784532E-3));
#4027=VERTEX_POINT('',#4026);
#4028=CARTESIAN_POINT('',(3.207614323403E-2,5.905511811024E-2,
6.373850384096E-3));
#4029=VERTEX_POINT('',#4028);
#4030=CARTESIAN_POINT('',(3.721519486876E-2,5.905511811024E-2,
6.373850384096E-3));
#4031=VERTEX_POINT('',#4030);
#4032=CARTESIAN_POINT('',(3.892821288015E-2,5.905511811024E-2,
6.038385784532E-3));
#4033=VERTEX_POINT('',#4032);
#4034=CARTESIAN_POINT('',(4.029862652144E-2,5.905511811024E-2,
5.367452746301E-3));
#4035=VERTEX_POINT('',#4034);
#4036=CARTESIAN_POINT('',(4.166904016273E-2,5.905511811024E-2,
4.025590508942E-3));
#4037=VERTEX_POINT('',#4036);
#4038=CARTESIAN_POINT('',(4.235424698338E-2,5.905511811024E-2,
2.683726352031E-3));
#4039=VERTEX_POINT('',#4038);
#4040=CARTESIAN_POINT('',(4.064122993176E-2,5.905511811024E-2,
-5.031988231216E-3));
#4041=CARTESIAN_POINT('',(4.064122993176E-2,5.905511811024E-2,
1.006397595556E-3));
#4042=VERTEX_POINT('',#4040);
#4043=VERTEX_POINT('',#4041);
#4044=CARTESIAN_POINT('',(4.029862652144E-2,5.905511811024E-2,
2.348259832915E-3));
#4045=VERTEX_POINT('',#4044);
#4046=CARTESIAN_POINT('',(3.961341970080E-2,5.905511811024E-2,
3.354657470711E-3));
#4047=VERTEX_POINT('',#4046);
#4048=CARTESIAN_POINT('',(3.858560851005E-2,5.905511811024E-2,
4.025590508942E-3));
#4049=VERTEX_POINT('',#4048);
#4050=CARTESIAN_POINT('',(3.721519486876E-2,5.905511811024E-2,
4.361055108506E-3));
#4051=VERTEX_POINT('',#4050);
#4052=CARTESIAN_POINT('',(3.207614323403E-2,5.905511811024E-2,
4.361055108506E-3));
#4053=VERTEX_POINT('',#4052);
#4054=CARTESIAN_POINT('',(3.070572959274E-2,5.905511811024E-2,
4.025590508942E-3));
#4055=VERTEX_POINT('',#4054);
#4056=CARTESIAN_POINT('',(2.967791936177E-2,5.905511811024E-2,
3.354657470711E-3));
#4057=VERTEX_POINT('',#4056);
#4058=CARTESIAN_POINT('',(2.899271230118E-2,5.905511811024E-2,
2.348259832915E-3));
#4059=VERTEX_POINT('',#4058);
#4060=CARTESIAN_POINT('',(2.865010889086E-2,5.905511811024E-2,
1.006397595556E-3));
#4061=VERTEX_POINT('',#4060);
#4062=CARTESIAN_POINT('',(2.865010889086E-2,5.905511811024E-2,
-5.031988231216E-3));
#4063=VERTEX_POINT('',#4062);
#4064=CARTESIAN_POINT('',(4.269685039370E-2,5.905511811024E-2,
1.710875788073E-2));
#4065=CARTESIAN_POINT('',(4.269685039370E-2,5.905511811024E-2,
9.057578697918E-3));
#4066=VERTEX_POINT('',#4064);
#4067=VERTEX_POINT('',#4065);
#4068=CARTESIAN_POINT('',(2.659448818898E-2,5.905511811024E-2,
9.057578697918E-3));
#4069=VERTEX_POINT('',#4068);
#4070=CARTESIAN_POINT('',(2.659448818898E-2,5.905511811024E-2,
1.710875788073E-2));
#4071=VERTEX_POINT('',#4070);
#4072=CARTESIAN_POINT('',(2.693709162929E-2,5.905511811024E-2,
1.878608855676E-2));
#4073=VERTEX_POINT('',#4072);
#4074=CARTESIAN_POINT('',(2.762229853992E-2,5.905511811024E-2,
2.012795079411E-2));
#4075=VERTEX_POINT('',#4074);
#4076=CARTESIAN_POINT('',(2.899271230118E-2,5.905511811024E-2,
2.146981687058E-2));
#4077=VERTEX_POINT('',#4076);
#4078=CARTESIAN_POINT('',(3.036312618242E-2,5.905511811024E-2,
2.214074606971E-2));
#4079=VERTEX_POINT('',#4078);
#4080=CARTESIAN_POINT('',(3.207614323403E-2,5.905511811024E-2,
2.247621450837E-2));
#4081=VERTEX_POINT('',#4080);
#4082=CARTESIAN_POINT('',(3.721519486876E-2,5.905511811024E-2,
2.247621450837E-2));
#4083=VERTEX_POINT('',#4082);
#4084=CARTESIAN_POINT('',(3.892821288015E-2,5.905511811024E-2,
2.214074606971E-2));
#4085=VERTEX_POINT('',#4084);
#4086=CARTESIAN_POINT('',(4.029862652144E-2,5.905511811024E-2,
2.146981687058E-2));
#4087=VERTEX_POINT('',#4086);
#4088=CARTESIAN_POINT('',(4.166904016273E-2,5.905511811024E-2,
2.012795079411E-2));
#4089=VERTEX_POINT('',#4088);
#4090=CARTESIAN_POINT('',(4.235424698338E-2,5.905511811024E-2,
1.878608855676E-2));
#4091=VERTEX_POINT('',#4090);
#4092=CARTESIAN_POINT('',(4.064122993176E-2,5.905511811024E-2,
1.107037205396E-2));
#4093=CARTESIAN_POINT('',(4.064122993176E-2,5.905511811024E-2,
1.710875788073E-2));
#4094=VERTEX_POINT('',#4092);
#4095=VERTEX_POINT('',#4093);
#4096=CARTESIAN_POINT('',(4.029862652144E-2,5.905511811024E-2,
1.845062395719E-2));
#4097=VERTEX_POINT('',#4096);
#4098=CARTESIAN_POINT('',(3.961341970080E-2,5.905511811024E-2,
1.945702159499E-2));
#4099=VERTEX_POINT('',#4098);
#4100=CARTESIAN_POINT('',(3.858560851005E-2,5.905511811024E-2,
2.012795079411E-2));
#4101=VERTEX_POINT('',#4100);
#4102=CARTESIAN_POINT('',(3.721519486876E-2,5.905511811024E-2,
2.046341923278E-2));
#4103=VERTEX_POINT('',#4102);
#4104=CARTESIAN_POINT('',(3.207614323403E-2,5.905511811024E-2,
2.046341923278E-2));
#4105=VERTEX_POINT('',#4104);
#4106=CARTESIAN_POINT('',(3.070572959274E-2,5.905511811024E-2,
2.012795079411E-2));
#4107=VERTEX_POINT('',#4106);
#4108=CARTESIAN_POINT('',(2.967791936177E-2,5.905511811024E-2,
1.945702159499E-2));
#4109=VERTEX_POINT('',#4108);
#4110=CARTESIAN_POINT('',(2.899271230118E-2,5.905511811024E-2,
1.845062395719E-2));
#4111=VERTEX_POINT('',#4110);
#4112=CARTESIAN_POINT('',(2.865010889086E-2,5.905511811024E-2,
1.710875788073E-2));
#4113=VERTEX_POINT('',#4112);
#4114=CARTESIAN_POINT('',(2.865010889086E-2,5.905511811024E-2,
1.107037205396E-2));
#4115=VERTEX_POINT('',#4114);
#4116=CARTESIAN_POINT('',(-3.680641657196E-2,5.905511811024E-2,
-2.348260421922E-3));
#4117=VERTEX_POINT('',#4116);
#4118=CARTESIAN_POINT('',(-3.577860610105E-2,5.905511811024E-2,
-2.012794862582E-3));
#4119=VERTEX_POINT('',#4118);
#4120=CARTESIAN_POINT('',(-3.440819245976E-2,5.905511811024E-2,
-2.012794862582E-3));
#4121=VERTEX_POINT('',#4120);
#4122=CARTESIAN_POINT('',(-3.303777833858E-2,5.905511811024E-2,
-2.348260421922E-3));
#4123=VERTEX_POINT('',#4122);
#4124=CARTESIAN_POINT('',(-3.200996810761E-2,5.905511811024E-2,
-3.019192500377E-3));
#4125=VERTEX_POINT('',#4124);
#4126=CARTESIAN_POINT('',(-3.132476128696E-2,5.905511811024E-2,
-4.696522216628E-3));
#4127=VERTEX_POINT('',#4126);
#4128=CARTESIAN_POINT('',(-3.029695105600E-2,5.905511811024E-2,
-3.354658059717E-3));
#4129=VERTEX_POINT('',#4128);
#4130=CARTESIAN_POINT('',(-2.926914082503E-2,5.905511811024E-2,
-2.683726941037E-3));
#4131=VERTEX_POINT('',#4130);
#4132=CARTESIAN_POINT('',(-2.789872718374E-2,5.905511811024E-2,
-2.348260421922E-3));
#4133=VERTEX_POINT('',#4132);
#4134=CARTESIAN_POINT('',(-2.721351940331E-2,5.905511811024E-2,
-2.348260421922E-3));
#4135=VERTEX_POINT('',#4134);
#4136=CARTESIAN_POINT('',(-2.584310576202E-2,5.905511811024E-2,
-2.683726941037E-3));
#4137=VERTEX_POINT('',#4136);
#4138=CARTESIAN_POINT('',(-2.447269212073E-2,5.905511811024E-2,
-4.025590138173E-3));
#4139=VERTEX_POINT('',#4138);
#4140=CARTESIAN_POINT('',(-2.378748530009E-2,5.905511811024E-2,
-5.367453335308E-3));
#4141=VERTEX_POINT('',#4140);
#4142=CARTESIAN_POINT('',(-2.344488188976E-2,5.905511811024E-2,
-7.715714650126E-3));
#4143=VERTEX_POINT('',#4142);
#4144=CARTESIAN_POINT('',(-2.344488188976E-2,5.905511811024E-2,
-8.386646728581E-3));
#4145=VERTEX_POINT('',#4144);
#4146=CARTESIAN_POINT('',(-2.378748530009E-2,5.905511811024E-2,
-1.073490780346E-2));
#4147=VERTEX_POINT('',#4146);
#4148=CARTESIAN_POINT('',(-2.447269212073E-2,5.905511811024E-2,
-1.207677124053E-2));
#4149=VERTEX_POINT('',#4148);
#4150=CARTESIAN_POINT('',(-2.584310576202E-2,5.905511811024E-2,
-1.341863473760E-2));
#4151=VERTEX_POINT('',#4150);
#4152=CARTESIAN_POINT('',(-2.721351940331E-2,5.905511811024E-2,
-1.375410062686E-2));
#4153=VERTEX_POINT('',#4152);
#4154=CARTESIAN_POINT('',(-2.721351940331E-2,5.905511811024E-2,
-1.207677124053E-2));
#4155=VERTEX_POINT('',#4154);
#4156=CARTESIAN_POINT('',(-2.618570917235E-2,5.905511811024E-2,
-1.140583940202E-2));
#4157=VERTEX_POINT('',#4156);
#4158=CARTESIAN_POINT('',(-2.550050235170E-2,5.905511811024E-2,
-1.039944176423E-2));
#4159=VERTEX_POINT('',#4158);
#4160=CARTESIAN_POINT('',(-2.515789894138E-2,5.905511811024E-2,
-8.722112287921E-3));
#4161=VERTEX_POINT('',#4160);
#4162=CARTESIAN_POINT('',(-2.515789894138E-2,5.905511811024E-2,
-7.380249090786E-3));
#4163=VERTEX_POINT('',#4162);
#4164=CARTESIAN_POINT('',(-2.550050235170E-2,5.905511811024E-2,
-5.702919854423E-3));
#4165=VERTEX_POINT('',#4164);
#4166=CARTESIAN_POINT('',(-2.618570917235E-2,5.905511811024E-2,
-4.696522216628E-3));
#4167=VERTEX_POINT('',#4166);
#4168=CARTESIAN_POINT('',(-2.721351940331E-2,5.905511811024E-2,
-4.025590138173E-3));
#4169=VERTEX_POINT('',#4168);
#4170=CARTESIAN_POINT('',(-2.789872718374E-2,5.905511811024E-2,
-4.025590138173E-3));
#4171=VERTEX_POINT('',#4170);
#4172=CARTESIAN_POINT('',(-2.926914082503E-2,5.905511811024E-2,
-4.696522216628E-3));
#4173=VERTEX_POINT('',#4172);
#4174=CARTESIAN_POINT('',(-2.995434764567E-2,5.905511811024E-2,
-5.367453335308E-3));
#4175=VERTEX_POINT('',#4174);
#4176=CARTESIAN_POINT('',(-3.063955446632E-2,5.905511811024E-2,
-7.380249090786E-3));
#4177=VERTEX_POINT('',#4176);
#4178=CARTESIAN_POINT('',(-3.063955446632E-2,5.905511811024E-2,
-8.722112287921E-3));
#4179=VERTEX_POINT('',#4178);
#4180=CARTESIAN_POINT('',(-3.954724409449E-2,5.905511811024E-2,
2.683726807279E-3));
#4181=CARTESIAN_POINT('',(-3.200996810761E-2,5.905511811024E-2,
2.683726807279E-3));
#4182=VERTEX_POINT('',#4180);
#4183=VERTEX_POINT('',#4181);
#4184=CARTESIAN_POINT('',(-3.200996810761E-2,5.905511811024E-2,
1.207677206655E-2));
#4185=VERTEX_POINT('',#4184);
#4186=CARTESIAN_POINT('',(-3.954724409449E-2,5.905511811024E-2,
1.207677206655E-2));
#4187=VERTEX_POINT('',#4186);
#4188=CARTESIAN_POINT('',(-3.954724409449E-2,5.905511811024E-2,
1.408956734214E-2));
#4189=VERTEX_POINT('',#4188);
#4190=CARTESIAN_POINT('',(-2.344488188976E-2,5.905511811024E-2,
1.408956734214E-2));
#4191=VERTEX_POINT('',#4190);
#4192=CARTESIAN_POINT('',(-2.344488188976E-2,5.905511811024E-2,
1.207677206655E-2));
#4193=VERTEX_POINT('',#4192);
#4194=CARTESIAN_POINT('',(-2.995434764567E-2,5.905511811024E-2,
1.207677206655E-2));
#4195=VERTEX_POINT('',#4194);
#4196=CARTESIAN_POINT('',(-2.995434764567E-2,5.905511811024E-2,
2.683726807279E-3));
#4197=VERTEX_POINT('',#4196);
#4198=CARTESIAN_POINT('',(-2.344488188976E-2,5.905511811024E-2,
2.683726807279E-3));
#4199=VERTEX_POINT('',#4198);
#4200=CARTESIAN_POINT('',(-2.344488188976E-2,5.905511811024E-2,
6.709324914639E-4));
#4201=VERTEX_POINT('',#4200);
#4202=CARTESIAN_POINT('',(-3.954724409449E-2,5.905511811024E-2,
6.709324914639E-4));
#4203=VERTEX_POINT('',#4202);
#4204=CARTESIAN_POINT('',(3.543307086614E-2,1.968503937008E-3,
-1.043307086614E-1));
#4205=CARTESIAN_POINT('',(-3.543307086614E-2,1.968503937008E-3,
-1.043307086614E-1));
#4206=VERTEX_POINT('',#4204);
#4207=VERTEX_POINT('',#4205);
#4208=CARTESIAN_POINT('',(3.543307086614E-2,1.968503937008E-3,
1.043307086614E-1));
#4209=CARTESIAN_POINT('',(-3.543307086614E-2,1.968503937008E-3,
1.043307086614E-1));
#4210=VERTEX_POINT('',#4208);
#4211=VERTEX_POINT('',#4209);
#4212=CARTESIAN_POINT('',(3.543307086614E-2,1.968503937008E-3,
1.102362204724E-1));
#4213=VERTEX_POINT('',#4212);
#4214=CARTESIAN_POINT('',(3.543307086614E-2,1.968503937008E-3,
-1.102362204724E-1));
#4215=VERTEX_POINT('',#4214);
#4216=CARTESIAN_POINT('',(-3.543307086614E-2,1.968503937008E-3,
-1.102362204724E-1));
#4217=VERTEX_POINT('',#4216);
#4218=CARTESIAN_POINT('',(-3.543307086614E-2,1.968503937008E-3,
1.102362204724E-1));
#4219=VERTEX_POINT('',#4218);
#4220=CARTESIAN_POINT('',(-2.952755905512E-2,2.755905511786E-2,
6.889763779540E-2));
#4221=CARTESIAN_POINT('',(-2.952755905512E-2,1.299212598423E-2,
6.889763779540E-2));
#4222=VERTEX_POINT('',#4220);
#4223=VERTEX_POINT('',#4221);
#4224=CARTESIAN_POINT('',(-2.952755905512E-2,1.299212598423E-2,
-6.889763779540E-2));
#4225=VERTEX_POINT('',#4224);
#4226=CARTESIAN_POINT('',(-2.952755905512E-2,2.755905511786E-2,
-6.889763779540E-2));
#4227=VERTEX_POINT('',#4226);
#4228=CARTESIAN_POINT('',(2.952755905512E-2,2.755905511786E-2,
6.889763779540E-2));
#4229=CARTESIAN_POINT('',(2.952755905512E-2,1.299212598423E-2,
6.889763779540E-2));
#4230=VERTEX_POINT('',#4228);
#4231=VERTEX_POINT('',#4229);
#4232=CARTESIAN_POINT('',(2.952755905512E-2,1.299212598423E-2,
-6.889763779540E-2));
#4233=VERTEX_POINT('',#4232);
#4234=CARTESIAN_POINT('',(2.952755905512E-2,2.755905511786E-2,
-6.889763779540E-2));
#4235=VERTEX_POINT('',#4234);
#4236=CARTESIAN_POINT('',(1.279527559055E-2,5.393700787391E-2,
-1.968503937008E-2));
#4237=CARTESIAN_POINT('',(1.279527559055E-2,5.787401574818E-2,
-1.574803149582E-2));
#4238=VERTEX_POINT('',#4236);
#4239=VERTEX_POINT('',#4237);
#4240=CARTESIAN_POINT('',(-1.279527559055E-2,5.393700787391E-2,
-1.968503937008E-2));
#4241=CARTESIAN_POINT('',(-1.279527559055E-2,5.787401574818E-2,
-1.574803149582E-2));
#4242=VERTEX_POINT('',#4240);
#4243=VERTEX_POINT('',#4241);
#4244=CARTESIAN_POINT('',(1.279527559055E-2,5.787401574818E-2,
1.574803149582E-2));
#4245=VERTEX_POINT('',#4244);
#4246=CARTESIAN_POINT('',(-1.279527559055E-2,5.787401574818E-2,
1.574803149582E-2));
#4247=VERTEX_POINT('',#4246);
#4248=CARTESIAN_POINT('',(1.279527559055E-2,5.393700787391E-2,
1.968503937008E-2));
#4249=VERTEX_POINT('',#4248);
#4250=CARTESIAN_POINT('',(-1.279527559055E-2,5.393700787391E-2,
1.968503937008E-2));
#4251=VERTEX_POINT('',#4250);
#4252=CARTESIAN_POINT('',(-2.952755905512E-2,3.149606299213E-2,
6.496062992114E-2));
#4253=CARTESIAN_POINT('',(-2.952755905512E-2,3.149606299213E-2,
-6.496062992114E-2));
#4254=VERTEX_POINT('',#4252);
#4255=VERTEX_POINT('',#4253);
#4256=CARTESIAN_POINT('',(2.952755905512E-2,3.149606299213E-2,
6.496062992114E-2));
#4257=CARTESIAN_POINT('',(2.952755905512E-2,3.149606299213E-2,
-6.496062992114E-2));
#4258=VERTEX_POINT('',#4256);
#4259=VERTEX_POINT('',#4257);
#4260=CARTESIAN_POINT('',(1.279527559055E-2,4.724409448819E-2,
-1.968503937008E-2));
#4261=CARTESIAN_POINT('',(1.279527559055E-2,4.724409448819E-2,
1.968503937008E-2));
#4262=VERTEX_POINT('',#4260);
#4263=VERTEX_POINT('',#4261);
#4264=CARTESIAN_POINT('',(-1.279527559055E-2,4.724409448819E-2,
1.968503937008E-2));
#4265=CARTESIAN_POINT('',(-1.279527559055E-2,4.724409448819E-2,
-1.968503937008E-2));
#4266=VERTEX_POINT('',#4264);
#4267=VERTEX_POINT('',#4265);
#4268=CARTESIAN_POINT('',(-1.279527559055E-2,3.149606299213E-2,
-4.133858267717E-2));
#4269=CARTESIAN_POINT('',(-1.279527559055E-2,3.149606299213E-2,
-2.362204724434E-2));
#4270=VERTEX_POINT('',#4268);
#4271=VERTEX_POINT('',#4269);
#4272=CARTESIAN_POINT('',(-1.279527559055E-2,3.149606299213E-2,
2.362204724434E-2));
#4273=CARTESIAN_POINT('',(-1.279527559055E-2,3.149606299213E-2,
4.133858267717E-2));
#4274=VERTEX_POINT('',#4272);
#4275=VERTEX_POINT('',#4273);
#4276=CARTESIAN_POINT('',(-1.279527559055E-2,3.543307086639E-2,
-1.968503937008E-2));
#4277=VERTEX_POINT('',#4276);
#4278=CARTESIAN_POINT('',(-1.279527559055E-2,3.543307086639E-2,
1.968503937008E-2));
#4279=VERTEX_POINT('',#4278);
#4280=CARTESIAN_POINT('',(1.279527559055E-2,3.149606299213E-2,
4.133858267717E-2));
#4281=VERTEX_POINT('',#4280);
#4282=CARTESIAN_POINT('',(1.279527559055E-2,3.149606299213E-2,
2.362204724434E-2));
#4283=VERTEX_POINT('',#4282);
#4284=CARTESIAN_POINT('',(1.279527559055E-2,3.149606299213E-2,
-2.362204724434E-2));
#4285=CARTESIAN_POINT('',(1.279527559055E-2,3.149606299213E-2,
-4.133858267717E-2));
#4286=VERTEX_POINT('',#4284);
#4287=VERTEX_POINT('',#4285);
#4288=CARTESIAN_POINT('',(1.279527559055E-2,3.543307086639E-2,
-1.968503937008E-2));
#4289=VERTEX_POINT('',#4288);
#4290=CARTESIAN_POINT('',(1.279527559055E-2,3.543307086639E-2,
1.968503937008E-2));
#4291=VERTEX_POINT('',#4290);
#4292=CARTESIAN_POINT('',(8.267716535433E-2,-2.568106289117E-2,
8.070866141732E-2));
#4293=CARTESIAN_POINT('',(8.267716535433E-2,-3.158657470220E-2,
8.070866141732E-2));
#4294=VERTEX_POINT('',#4292);
#4295=VERTEX_POINT('',#4293);
#4296=CARTESIAN_POINT('',(8.267716535433E-2,-2.568106289117E-2,
5.708661417323E-2));
#4297=CARTESIAN_POINT('',(8.267716535433E-2,-3.158657470220E-2,
5.708661417323E-2));
#4298=VERTEX_POINT('',#4296);
#4299=VERTEX_POINT('',#4297);
#4300=CARTESIAN_POINT('',(5.162425887595E-2,-2.305968230608E-3,
8.070866141732E-2));
#4301=CARTESIAN_POINT('',(5.162425887595E-2,-2.305968230608E-3,
5.708661417323E-2));
#4302=VERTEX_POINT('',#4300);
#4303=VERTEX_POINT('',#4301);
#4304=CARTESIAN_POINT('',(5.574803149606E-2,-7.669504980539E-3,
8.070866141732E-2));
#4305=CARTESIAN_POINT('',(5.106632713090E-2,-1.126904856095E-2,
8.070866141732E-2));
#4306=VERTEX_POINT('',#4304);
#4307=VERTEX_POINT('',#4305);
#4308=CARTESIAN_POINT('',(7.086614173228E-2,-3.158657470220E-2,
8.070866141732E-2));
#4309=CARTESIAN_POINT('',(7.086614173228E-2,-2.568106289117E-2,
8.070866141732E-2));
#4310=VERTEX_POINT('',#4308);
#4311=VERTEX_POINT('',#4309);
#4312=CARTESIAN_POINT('',(6.959627619363E-2,-3.158657470220E-2,
7.972440944882E-2));
#4313=CARTESIAN_POINT('',(7.086614173228E-2,-3.158657470220E-2,
7.972440944882E-2));
#4314=VERTEX_POINT('',#4312);
#4315=VERTEX_POINT('',#4313);
#4316=CARTESIAN_POINT('',(6.491457182846E-2,-2.928060647159E-2,
7.972440944882E-2));
#4317=VERTEX_POINT('',#4316);
#4318=CARTESIAN_POINT('',(5.106632713090E-2,-1.126904856095E-2,
7.972440944882E-2));
#4319=VERTEX_POINT('',#4318);
#4320=CARTESIAN_POINT('',(6.959627619363E-2,-2.568106289117E-2,
7.972440944882E-2));
#4321=CARTESIAN_POINT('',(5.574803149606E-2,-7.669504980539E-3,
7.972440944882E-2));
#4322=VERTEX_POINT('',#4320);
#4323=VERTEX_POINT('',#4321);
#4324=CARTESIAN_POINT('',(7.086614173228E-2,-2.568106289117E-2,
7.972440944882E-2));
#4325=VERTEX_POINT('',#4324);
#4326=CARTESIAN_POINT('',(5.574803149606E-2,-7.669504980539E-3,
5.807086614173E-2));
#4327=CARTESIAN_POINT('',(5.106632713090E-2,-1.126904856095E-2,
5.807086614173E-2));
#4328=VERTEX_POINT('',#4326);
#4329=VERTEX_POINT('',#4327);
#4330=CARTESIAN_POINT('',(7.086614173228E-2,-3.158657470220E-2,
5.807086614173E-2));
#4331=CARTESIAN_POINT('',(7.086614173228E-2,-2.568106289117E-2,
5.807086614173E-2));
#4332=VERTEX_POINT('',#4330);
#4333=VERTEX_POINT('',#4331);
#4334=CARTESIAN_POINT('',(5.574803149606E-2,-7.669504980539E-3,
5.708661417323E-2));
#4335=CARTESIAN_POINT('',(5.106632713090E-2,-1.126904856095E-2,
5.708661417323E-2));
#4336=VERTEX_POINT('',#4334);
#4337=VERTEX_POINT('',#4335);
#4338=CARTESIAN_POINT('',(7.086614173228E-2,-3.158657470220E-2,
5.708661417323E-2));
#4339=CARTESIAN_POINT('',(7.086614173228E-2,-2.568106289117E-2,
5.708661417323E-2));
#4340=VERTEX_POINT('',#4338);
#4341=VERTEX_POINT('',#4339);
#4342=CARTESIAN_POINT('',(6.959627619363E-2,-3.158657470220E-2,
5.807086614173E-2));
#4343=VERTEX_POINT('',#4342);
#4344=CARTESIAN_POINT('',(6.491457182846E-2,-2.928060647159E-2,
5.807086614173E-2));
#4345=VERTEX_POINT('',#4344);
#4346=CARTESIAN_POINT('',(6.959627619363E-2,-2.568106289117E-2,
5.807086614173E-2));
#4347=VERTEX_POINT('',#4346);
#4348=CARTESIAN_POINT('',(4.724409448819E-2,-5.905511811024E-3,
8.070866141732E-2));
#4349=CARTESIAN_POINT('',(4.694255451078E-2,-5.905511811024E-3,
8.070866141732E-2));
#4350=VERTEX_POINT('',#4348);
#4351=VERTEX_POINT('',#4349);
#4352=CARTESIAN_POINT('',(4.724409448819E-2,-5.905511811024E-3,
5.708661417323E-2));
#4353=CARTESIAN_POINT('',(4.694255451078E-2,-5.905511811024E-3,
5.708661417323E-2));
#4354=VERTEX_POINT('',#4352);
#4355=VERTEX_POINT('',#4353);
#4356=CARTESIAN_POINT('',(4.724409448819E-2,-3.851728017837E-6,
8.070866141732E-2));
#4357=VERTEX_POINT('',#4356);
#4358=CARTESIAN_POINT('',(4.724409448819E-2,-3.851728017837E-6,
5.708661417323E-2));
#4359=VERTEX_POINT('',#4358);
#4360=CARTESIAN_POINT('',(8.267716535433E-2,-2.568106289117E-2,
-5.708661417323E-2));
#4361=CARTESIAN_POINT('',(8.267716535433E-2,-3.158657470220E-2,
-5.708661417323E-2));
#4362=VERTEX_POINT('',#4360);
#4363=VERTEX_POINT('',#4361);
#4364=CARTESIAN_POINT('',(8.267716535433E-2,-2.568106289117E-2,
-8.070866141732E-2));
#4365=CARTESIAN_POINT('',(8.267716535433E-2,-3.158657470220E-2,
-8.070866141732E-2));
#4366=VERTEX_POINT('',#4364);
#4367=VERTEX_POINT('',#4365);
#4368=CARTESIAN_POINT('',(5.162425887595E-2,-2.305968230608E-3,
-5.708661417323E-2));
#4369=CARTESIAN_POINT('',(5.162425887595E-2,-2.305968230608E-3,
-8.070866141732E-2));
#4370=VERTEX_POINT('',#4368);
#4371=VERTEX_POINT('',#4369);
#4372=CARTESIAN_POINT('',(5.574803149606E-2,-7.669504980539E-3,
-5.708661417323E-2));
#4373=CARTESIAN_POINT('',(5.106632713090E-2,-1.126904856095E-2,
-5.708661417323E-2));
#4374=VERTEX_POINT('',#4372);
#4375=VERTEX_POINT('',#4373);
#4376=CARTESIAN_POINT('',(7.086614173228E-2,-3.158657470220E-2,
-5.708661417323E-2));
#4377=CARTESIAN_POINT('',(7.086614173228E-2,-2.568106289117E-2,
-5.708661417323E-2));
#4378=VERTEX_POINT('',#4376);
#4379=VERTEX_POINT('',#4377);
#4380=CARTESIAN_POINT('',(6.959627619363E-2,-3.158657470220E-2,
-5.807086614173E-2));
#4381=CARTESIAN_POINT('',(7.086614173228E-2,-3.158657470220E-2,
-5.807086614173E-2));
#4382=VERTEX_POINT('',#4380);
#4383=VERTEX_POINT('',#4381);
#4384=CARTESIAN_POINT('',(6.491457182846E-2,-2.928060647159E-2,
-5.807086614173E-2));
#4385=VERTEX_POINT('',#4384);
#4386=CARTESIAN_POINT('',(5.106632713090E-2,-1.126904856095E-2,
-5.807086614173E-2));
#4387=VERTEX_POINT('',#4386);
#4388=CARTESIAN_POINT('',(6.959627619363E-2,-2.568106289117E-2,
-5.807086614173E-2));
#4389=CARTESIAN_POINT('',(5.574803149606E-2,-7.669504980539E-3,
-5.807086614173E-2));
#4390=VERTEX_POINT('',#4388);
#4391=VERTEX_POINT('',#4389);
#4392=CARTESIAN_POINT('',(7.086614173228E-2,-2.568106289117E-2,
-5.807086614173E-2));
#4393=VERTEX_POINT('',#4392);
#4394=CARTESIAN_POINT('',(5.574803149606E-2,-7.669504980539E-3,
-7.972440944882E-2));
#4395=CARTESIAN_POINT('',(5.106632713090E-2,-1.126904856095E-2,
-7.972440944882E-2));
#4396=VERTEX_POINT('',#4394);
#4397=VERTEX_POINT('',#4395);
#4398=CARTESIAN_POINT('',(7.086614173228E-2,-3.158657470220E-2,
-7.972440944882E-2));
#4399=CARTESIAN_POINT('',(7.086614173228E-2,-2.568106289117E-2,
-7.972440944882E-2));
#4400=VERTEX_POINT('',#4398);
#4401=VERTEX_POINT('',#4399);
#4402=CARTESIAN_POINT('',(5.574803149606E-2,-7.669504980539E-3,
-8.070866141732E-2));
#4403=CARTESIAN_POINT('',(5.106632713090E-2,-1.126904856095E-2,
-8.070866141732E-2));
#4404=VERTEX_POINT('',#4402);
#4405=VERTEX_POINT('',#4403);
#4406=CARTESIAN_POINT('',(7.086614173228E-2,-3.158657470220E-2,
-8.070866141732E-2));
#4407=CARTESIAN_POINT('',(7.086614173228E-2,-2.568106289117E-2,
-8.070866141732E-2));
#4408=VERTEX_POINT('',#4406);
#4409=VERTEX_POINT('',#4407);
#4410=CARTESIAN_POINT('',(6.959627619363E-2,-3.158657470220E-2,
-7.972440944882E-2));
#4411=VERTEX_POINT('',#4410);
#4412=CARTESIAN_POINT('',(6.491457182846E-2,-2.928060647159E-2,
-7.972440944882E-2));
#4413=VERTEX_POINT('',#4412);
#4414=CARTESIAN_POINT('',(6.959627619363E-2,-2.568106289117E-2,
-7.972440944882E-2));
#4415=VERTEX_POINT('',#4414);
#4416=CARTESIAN_POINT('',(4.724409448819E-2,-5.905511811024E-3,
-5.708661417323E-2));
#4417=CARTESIAN_POINT('',(4.694255451078E-2,-5.905511811024E-3,
-5.708661417323E-2));
#4418=VERTEX_POINT('',#4416);
#4419=VERTEX_POINT('',#4417);
#4420=CARTESIAN_POINT('',(4.724409448819E-2,-5.905511811024E-3,
-8.070866141732E-2));
#4421=CARTESIAN_POINT('',(4.694255451078E-2,-5.905511811024E-3,
-8.070866141732E-2));
#4422=VERTEX_POINT('',#4420);
#4423=VERTEX_POINT('',#4421);
#4424=CARTESIAN_POINT('',(4.724409448819E-2,-3.851728017837E-6,
-5.708661417323E-2));
#4425=VERTEX_POINT('',#4424);
#4426=CARTESIAN_POINT('',(4.724409448819E-2,-3.851728017837E-6,
-8.070866141732E-2));
#4427=VERTEX_POINT('',#4426);
#4428=CARTESIAN_POINT('',(-8.267716535433E-2,-2.568106289117E-2,
-1.181102362205E-2));
#4429=CARTESIAN_POINT('',(-8.267716535433E-2,-3.158657470220E-2,
-1.181102362205E-2));
#4430=VERTEX_POINT('',#4428);
#4431=VERTEX_POINT('',#4429);
#4432=CARTESIAN_POINT('',(-8.267716535433E-2,-2.568106289117E-2,
1.181102362205E-2));
#4433=CARTESIAN_POINT('',(-8.267716535433E-2,-3.158657470220E-2,
1.181102362205E-2));
#4434=VERTEX_POINT('',#4432);
#4435=VERTEX_POINT('',#4433);
#4436=CARTESIAN_POINT('',(-5.162425887595E-2,-2.305968230608E-3,
-1.181102362205E-2));
#4437=CARTESIAN_POINT('',(-5.162425887595E-2,-2.305968230608E-3,
1.181102362205E-2));
#4438=VERTEX_POINT('',#4436);
#4439=VERTEX_POINT('',#4437);
#4440=CARTESIAN_POINT('',(-5.574803149606E-2,-7.669504980539E-3,
-1.181102362205E-2));
#4441=CARTESIAN_POINT('',(-5.106632713090E-2,-1.126904856095E-2,
-1.181102362205E-2));
#4442=VERTEX_POINT('',#4440);
#4443=VERTEX_POINT('',#4441);
#4444=CARTESIAN_POINT('',(-7.086614173228E-2,-3.158657470220E-2,
-1.181102362205E-2));
#4445=CARTESIAN_POINT('',(-7.086614173228E-2,-2.568106289117E-2,
-1.181102362205E-2));
#4446=VERTEX_POINT('',#4444);
#4447=VERTEX_POINT('',#4445);
#4448=CARTESIAN_POINT('',(-6.959627619363E-2,-3.158657470220E-2,
-1.082677165354E-2));
#4449=CARTESIAN_POINT('',(-7.086614173228E-2,-3.158657470220E-2,
-1.082677165354E-2));
#4450=VERTEX_POINT('',#4448);
#4451=VERTEX_POINT('',#4449);
#4452=CARTESIAN_POINT('',(-6.491457182846E-2,-2.928060647159E-2,
-1.082677165354E-2));
#4453=VERTEX_POINT('',#4452);
#4454=CARTESIAN_POINT('',(-5.106632713090E-2,-1.126904856095E-2,
-1.082677165354E-2));
#4455=VERTEX_POINT('',#4454);
#4456=CARTESIAN_POINT('',(-6.959627619363E-2,-2.568106289117E-2,
-1.082677165354E-2));
#4457=CARTESIAN_POINT('',(-5.574803149606E-2,-7.669504980539E-3,
-1.082677165354E-2));
#4458=VERTEX_POINT('',#4456);
#4459=VERTEX_POINT('',#4457);
#4460=CARTESIAN_POINT('',(-7.086614173228E-2,-2.568106289117E-2,
-1.082677165354E-2));
#4461=VERTEX_POINT('',#4460);
#4462=CARTESIAN_POINT('',(-5.574803149606E-2,-7.669504980539E-3,
1.082677165354E-2));
#4463=CARTESIAN_POINT('',(-5.106632713090E-2,-1.126904856095E-2,
1.082677165354E-2));
#4464=VERTEX_POINT('',#4462);
#4465=VERTEX_POINT('',#4463);
#4466=CARTESIAN_POINT('',(-7.086614173228E-2,-3.158657470220E-2,
1.082677165354E-2));
#4467=CARTESIAN_POINT('',(-7.086614173228E-2,-2.568106289117E-2,
1.082677165354E-2));
#4468=VERTEX_POINT('',#4466);
#4469=VERTEX_POINT('',#4467);
#4470=CARTESIAN_POINT('',(-5.574803149606E-2,-7.669504980539E-3,
1.181102362205E-2));
#4471=CARTESIAN_POINT('',(-5.106632713090E-2,-1.126904856095E-2,
1.181102362205E-2));
#4472=VERTEX_POINT('',#4470);
#4473=VERTEX_POINT('',#4471);
#4474=CARTESIAN_POINT('',(-7.086614173228E-2,-3.158657470220E-2,
1.181102362205E-2));
#4475=CARTESIAN_POINT('',(-7.086614173228E-2,-2.568106289117E-2,
1.181102362205E-2));
#4476=VERTEX_POINT('',#4474);
#4477=VERTEX_POINT('',#4475);
#4478=CARTESIAN_POINT('',(-6.959627619363E-2,-3.158657470220E-2,
1.082677165354E-2));
#4479=VERTEX_POINT('',#4478);
#4480=CARTESIAN_POINT('',(-6.491457182846E-2,-2.928060647159E-2,
1.082677165354E-2));
#4481=VERTEX_POINT('',#4480);
#4482=CARTESIAN_POINT('',(-6.959627619363E-2,-2.568106289117E-2,
1.082677165354E-2));
#4483=VERTEX_POINT('',#4482);
#4484=CARTESIAN_POINT('',(-4.724409448819E-2,-5.905511811024E-3,
-1.181102362205E-2));
#4485=CARTESIAN_POINT('',(-4.694255451078E-2,-5.905511811024E-3,
-1.181102362205E-2));
#4486=VERTEX_POINT('',#4484);
#4487=VERTEX_POINT('',#4485);
#4488=CARTESIAN_POINT('',(-4.724409448819E-2,-5.905511811024E-3,
1.181102362205E-2));
#4489=CARTESIAN_POINT('',(-4.694255451078E-2,-5.905511811024E-3,
1.181102362205E-2));
#4490=VERTEX_POINT('',#4488);
#4491=VERTEX_POINT('',#4489);
#4492=CARTESIAN_POINT('',(-4.724409448819E-2,-3.851728017837E-6,
-1.181102362205E-2));
#4493=VERTEX_POINT('',#4492);
#4494=CARTESIAN_POINT('',(-4.724409448819E-2,-3.851728017837E-6,
1.181102362205E-2));
#4495=VERTEX_POINT('',#4494);
#4496=CARTESIAN_POINT('',(0.E0,0.E0,0.E0));
#4497=DIRECTION('',(0.E0,1.E0,0.E0));
#4498=DIRECTION('',(0.E0,0.E0,1.E0));
#4499=AXIS2_PLACEMENT_3D('',#4496,#4497,#4498);
#4500=PLANE('',#4499);
#4502=ORIENTED_EDGE('',*,*,#4501,.F.);
#4504=ORIENTED_EDGE('',*,*,#4503,.F.);
#4506=ORIENTED_EDGE('',*,*,#4505,.F.);
#4508=ORIENTED_EDGE('',*,*,#4507,.F.);
#4510=ORIENTED_EDGE('',*,*,#4509,.F.);
#4512=ORIENTED_EDGE('',*,*,#4511,.F.);
#4514=ORIENTED_EDGE('',*,*,#4513,.F.);
#4516=ORIENTED_EDGE('',*,*,#4515,.F.);
#4518=ORIENTED_EDGE('',*,*,#4517,.F.);
#4520=ORIENTED_EDGE('',*,*,#4519,.F.);
#4522=ORIENTED_EDGE('',*,*,#4521,.F.);
#4524=ORIENTED_EDGE('',*,*,#4523,.F.);
#4526=ORIENTED_EDGE('',*,*,#4525,.F.);
#4528=ORIENTED_EDGE('',*,*,#4527,.F.);
#4529=EDGE_LOOP('',(#4502,#4504,#4506,#4508,#4510,#4512,#4514,#4516,#4518,#4520,
#4522,#4524,#4526,#4528));
#4530=FACE_OUTER_BOUND('',#4529,.F.);
#4532=ORIENTED_EDGE('',*,*,#4531,.T.);
#4534=ORIENTED_EDGE('',*,*,#4533,.T.);
#4536=ORIENTED_EDGE('',*,*,#4535,.T.);
#4538=ORIENTED_EDGE('',*,*,#4537,.T.);
#4539=EDGE_LOOP('',(#4532,#4534,#4536,#4538));
#4540=FACE_BOUND('',#4539,.F.);
#4541=ADVANCED_FACE('',(#4530,#4540),#4500,.T.);
#4542=CARTESIAN_POINT('',(-4.724409448819E-2,0.E0,-1.181102362205E-1));
#4543=DIRECTION('',(-1.E0,0.E0,0.E0));
#4544=DIRECTION('',(0.E0,0.E0,1.E0));
#4545=AXIS2_PLACEMENT_3D('',#4542,#4543,#4544);
#4546=PLANE('',#4545);
#4548=ORIENTED_EDGE('',*,*,#4547,.F.);
#4550=ORIENTED_EDGE('',*,*,#4549,.F.);
#4552=ORIENTED_EDGE('',*,*,#4551,.F.);
#4553=ORIENTED_EDGE('',*,*,#4501,.T.);
#4554=EDGE_LOOP('',(#4548,#4550,#4552,#4553));
#4555=FACE_OUTER_BOUND('',#4554,.F.);
#4556=ADVANCED_FACE('',(#4555),#4546,.T.);
#4557=CARTESIAN_POINT('',(0.E0,-5.905511811024E-3,-1.181102362205E-2));
#4558=DIRECTION('',(0.E0,0.E0,1.E0));
#4559=DIRECTION('',(1.E0,0.E0,0.E0));
#4560=AXIS2_PLACEMENT_3D('',#4557,#4558,#4559);
#4561=PLANE('',#4560);
#4563=ORIENTED_EDGE('',*,*,#4562,.F.);
#4564=ORIENTED_EDGE('',*,*,#4547,.T.);
#4566=ORIENTED_EDGE('',*,*,#4565,.T.);
#4568=ORIENTED_EDGE('',*,*,#4567,.T.);
#4570=ORIENTED_EDGE('',*,*,#4569,.T.);
#4572=ORIENTED_EDGE('',*,*,#4571,.T.);
#4573=EDGE_LOOP('',(#4563,#4564,#4566,#4568,#4570,#4572));
#4574=FACE_OUTER_BOUND('',#4573,.F.);
#4575=ADVANCED_FACE('',(#4574),#4561,.F.);
#4576=CARTESIAN_POINT('',(0.E0,-5.905511811024E-3,0.E0));
#4577=DIRECTION('',(0.E0,1.E0,0.E0));
#4578=DIRECTION('',(0.E0,0.E0,1.E0));
#4579=AXIS2_PLACEMENT_3D('',#4576,#4577,#4578);
#4580=PLANE('',#4579);
#4581=ORIENTED_EDGE('',*,*,#4562,.T.);
#4583=ORIENTED_EDGE('',*,*,#4582,.T.);
#4585=ORIENTED_EDGE('',*,*,#4584,.F.);
#4587=ORIENTED_EDGE('',*,*,#4586,.T.);
#4589=ORIENTED_EDGE('',*,*,#4588,.F.);
#4591=ORIENTED_EDGE('',*,*,#4590,.T.);
#4593=ORIENTED_EDGE('',*,*,#4592,.F.);
#4595=ORIENTED_EDGE('',*,*,#4594,.T.);
#4597=ORIENTED_EDGE('',*,*,#4596,.T.);
#4599=ORIENTED_EDGE('',*,*,#4598,.T.);
#4601=ORIENTED_EDGE('',*,*,#4600,.F.);
#4603=ORIENTED_EDGE('',*,*,#4602,.T.);
#4605=ORIENTED_EDGE('',*,*,#4604,.T.);
#4607=ORIENTED_EDGE('',*,*,#4606,.T.);
#4609=ORIENTED_EDGE('',*,*,#4608,.F.);
#4611=ORIENTED_EDGE('',*,*,#4610,.T.);
#4613=ORIENTED_EDGE('',*,*,#4612,.F.);
#4615=ORIENTED_EDGE('',*,*,#4614,.T.);
#4617=ORIENTED_EDGE('',*,*,#4616,.F.);
#4618=ORIENTED_EDGE('',*,*,#4549,.T.);
#4619=EDGE_LOOP('',(#4581,#4583,#4585,#4587,#4589,#4591,#4593,#4595,#4597,#4599,
#4601,#4603,#4605,#4607,#4609,#4611,#4613,#4615,#4617,#4618));
#4620=FACE_OUTER_BOUND('',#4619,.F.);
#4622=ORIENTED_EDGE('',*,*,#4621,.T.);
#4624=ORIENTED_EDGE('',*,*,#4623,.F.);
#4626=ORIENTED_EDGE('',*,*,#4625,.T.);
#4628=ORIENTED_EDGE('',*,*,#4627,.F.);
#4630=ORIENTED_EDGE('',*,*,#4629,.T.);
#4632=ORIENTED_EDGE('',*,*,#4631,.F.);
#4634=ORIENTED_EDGE('',*,*,#4633,.T.);
#4636=ORIENTED_EDGE('',*,*,#4635,.F.);
#4637=EDGE_LOOP('',(#4622,#4624,#4626,#4628,#4630,#4632,#4634,#4636));
#4638=FACE_BOUND('',#4637,.F.);
#4639=ADVANCED_FACE('',(#4620,#4638),#4580,.F.);
#4640=CARTESIAN_POINT('',(-6.491457182846E-2,-2.928060647159E-2,
-1.181102362205E-2));
#4641=DIRECTION('',(7.927686058350E-1,-6.095227129504E-1,0.E0));
#4642=DIRECTION('',(6.095227129504E-1,7.927686058350E-1,0.E0));
#4643=AXIS2_PLACEMENT_3D('',#4640,#4641,#4642);
#4644=PLANE('',#4643);
#4645=ORIENTED_EDGE('',*,*,#4582,.F.);
#4646=ORIENTED_EDGE('',*,*,#4571,.F.);
#4648=ORIENTED_EDGE('',*,*,#4647,.T.);
#4650=ORIENTED_EDGE('',*,*,#4649,.F.);
#4652=ORIENTED_EDGE('',*,*,#4651,.T.);
#4654=ORIENTED_EDGE('',*,*,#4653,.T.);
#4656=ORIENTED_EDGE('',*,*,#4655,.F.);
#4658=ORIENTED_EDGE('',*,*,#4657,.T.);
#4659=EDGE_LOOP('',(#4645,#4646,#4648,#4650,#4652,#4654,#4656,#4658));
#4660=FACE_OUTER_BOUND('',#4659,.F.);
#4661=ADVANCED_FACE('',(#4660),#4644,.T.);
#4662=CARTESIAN_POINT('',(-5.574803149606E-2,-7.669504980539E-3,
-1.181102362205E-2));
#4663=DIRECTION('',(6.095227129504E-1,7.927686058350E-1,0.E0));
#4664=DIRECTION('',(7.927686058350E-1,-6.095227129504E-1,0.E0));
#4665=AXIS2_PLACEMENT_3D('',#4662,#4663,#4664);
#4666=PLANE('',#4665);
#4667=ORIENTED_EDGE('',*,*,#4569,.F.);
#4669=ORIENTED_EDGE('',*,*,#4668,.T.);
#4671=ORIENTED_EDGE('',*,*,#4670,.T.);
#4672=ORIENTED_EDGE('',*,*,#4647,.F.);
#4673=EDGE_LOOP('',(#4667,#4669,#4671,#4672));
#4674=FACE_OUTER_BOUND('',#4673,.F.);
#4675=ADVANCED_FACE('',(#4674),#4666,.F.);
#4676=CARTESIAN_POINT('',(-5.162425887595E-2,-2.305968230608E-3,
-1.181102362205E-2));
#4677=DIRECTION('',(-7.927686058350E-1,6.095227129504E-1,0.E0));
#4678=DIRECTION('',(-6.095227129504E-1,-7.927686058350E-1,0.E0));
#4679=AXIS2_PLACEMENT_3D('',#4676,#4677,#4678);
#4680=PLANE('',#4679);
#4682=ORIENTED_EDGE('',*,*,#4681,.F.);
#4684=ORIENTED_EDGE('',*,*,#4683,.F.);
#4686=ORIENTED_EDGE('',*,*,#4685,.T.);
#4687=ORIENTED_EDGE('',*,*,#4668,.F.);
#4688=ORIENTED_EDGE('',*,*,#4567,.F.);
#4690=ORIENTED_EDGE('',*,*,#4689,.T.);
#4692=ORIENTED_EDGE('',*,*,#4691,.T.);
#4694=ORIENTED_EDGE('',*,*,#4693,.T.);
#4695=EDGE_LOOP('',(#4682,#4684,#4686,#4687,#4688,#4690,#4692,#4694));
#4696=FACE_OUTER_BOUND('',#4695,.F.);
#4697=ADVANCED_FACE('',(#4696),#4680,.T.);
#4698=CARTESIAN_POINT('',(0.E0,-5.905511811024E-3,1.082677165354E-2));
#4699=DIRECTION('',(0.E0,0.E0,-1.E0));
#4700=DIRECTION('',(1.E0,0.E0,0.E0));
#4701=AXIS2_PLACEMENT_3D('',#4698,#4699,#4700);
#4702=PLANE('',#4701);
#4704=ORIENTED_EDGE('',*,*,#4703,.T.);
#4705=ORIENTED_EDGE('',*,*,#4653,.F.);
#4707=ORIENTED_EDGE('',*,*,#4706,.F.);
#4709=ORIENTED_EDGE('',*,*,#4708,.T.);
#4711=ORIENTED_EDGE('',*,*,#4710,.T.);
#4713=ORIENTED_EDGE('',*,*,#4712,.F.);
#4714=ORIENTED_EDGE('',*,*,#4681,.T.);
#4715=EDGE_LOOP('',(#4704,#4705,#4707,#4709,#4711,#4713,#4714));
#4716=FACE_OUTER_BOUND('',#4715,.F.);
#4717=ADVANCED_FACE('',(#4716),#4702,.F.);
#4718=CARTESIAN_POINT('',(-5.574803149606E-2,-7.669504980539E-3,
1.181102362205E-2));
#4719=DIRECTION('',(-6.095227129504E-1,-7.927686058350E-1,0.E0));
#4720=DIRECTION('',(7.927686058350E-1,-6.095227129504E-1,0.E0));
#4721=AXIS2_PLACEMENT_3D('',#4718,#4719,#4720);
#4722=PLANE('',#4721);
#4723=ORIENTED_EDGE('',*,*,#4703,.F.);
#4724=ORIENTED_EDGE('',*,*,#4693,.F.);
#4726=ORIENTED_EDGE('',*,*,#4725,.T.);
#4727=ORIENTED_EDGE('',*,*,#4655,.T.);
#4728=EDGE_LOOP('',(#4723,#4724,#4726,#4727));
#4729=FACE_OUTER_BOUND('',#4728,.F.);
#4730=ADVANCED_FACE('',(#4729),#4722,.T.);
#4731=CARTESIAN_POINT('',(0.E0,-5.905511811024E-3,1.181102362205E-2));
#4732=DIRECTION('',(0.E0,0.E0,1.E0));
#4733=DIRECTION('',(1.E0,0.E0,0.E0));
#4734=AXIS2_PLACEMENT_3D('',#4731,#4732,#4733);
#4735=PLANE('',#4734);
#4736=ORIENTED_EDGE('',*,*,#4584,.T.);
#4737=ORIENTED_EDGE('',*,*,#4657,.F.);
#4738=ORIENTED_EDGE('',*,*,#4725,.F.);
#4739=ORIENTED_EDGE('',*,*,#4691,.F.);
#4741=ORIENTED_EDGE('',*,*,#4740,.F.);
#4743=ORIENTED_EDGE('',*,*,#4742,.F.);
#4744=EDGE_LOOP('',(#4736,#4737,#4738,#4739,#4741,#4743));
#4745=FACE_OUTER_BOUND('',#4744,.F.);
#4746=ADVANCED_FACE('',(#4745),#4735,.T.);
#4747=CARTESIAN_POINT('',(-4.694255451078E-2,-5.905511811024E-3,
-1.181102362205E-2));
#4748=DIRECTION('',(0.E0,0.E0,1.E0));
#4749=DIRECTION('',(1.E0,0.E0,0.E0));
#4750=AXIS2_PLACEMENT_3D('',#4747,#4748,#4749);
#4751=CYLINDRICAL_SURFACE('',#4750,5.905511811024E-3);
#4752=ORIENTED_EDGE('',*,*,#4527,.T.);
#4753=ORIENTED_EDGE('',*,*,#4740,.T.);
#4754=ORIENTED_EDGE('',*,*,#4689,.F.);
#4755=ORIENTED_EDGE('',*,*,#4565,.F.);
#4756=EDGE_LOOP('',(#4752,#4753,#4754,#4755));
#4757=FACE_OUTER_BOUND('',#4756,.F.);
#4758=ADVANCED_FACE('',(#4757),#4751,.T.);
#4759=CARTESIAN_POINT('',(-4.724409448819E-2,0.E0,-1.181102362205E-1));
#4760=DIRECTION('',(-1.E0,0.E0,0.E0));
#4761=DIRECTION('',(0.E0,0.E0,1.E0));
#4762=AXIS2_PLACEMENT_3D('',#4759,#4760,#4761);
#4763=PLANE('',#4762);
#4764=ORIENTED_EDGE('',*,*,#4742,.T.);
#4765=ORIENTED_EDGE('',*,*,#4525,.T.);
#4767=ORIENTED_EDGE('',*,*,#4766,.T.);
#4768=ORIENTED_EDGE('',*,*,#4586,.F.);
#4769=EDGE_LOOP('',(#4764,#4765,#4767,#4768));
#4770=FACE_OUTER_BOUND('',#4769,.F.);
#4771=ADVANCED_FACE('',(#4770),#4763,.T.);
#4772=CARTESIAN_POINT('',(-4.527559055118E-2,4.046062992126E-2,
1.161417322835E-1));
#4773=DIRECTION('',(0.E0,-1.E0,0.E0));
#4774=DIRECTION('',(0.E0,0.E0,1.E0));
#4775=AXIS2_PLACEMENT_3D('',#4772,#4773,#4774);
#4776=CYLINDRICAL_SURFACE('',#4775,1.968503937008E-3);
#4777=ORIENTED_EDGE('',*,*,#4588,.T.);
#4778=ORIENTED_EDGE('',*,*,#4766,.F.);
#4779=ORIENTED_EDGE('',*,*,#4523,.T.);
#4781=ORIENTED_EDGE('',*,*,#4780,.T.);
#4782=EDGE_LOOP('',(#4777,#4778,#4779,#4781));
#4783=FACE_OUTER_BOUND('',#4782,.F.);
#4784=ADVANCED_FACE('',(#4783),#4776,.T.);
#4785=CARTESIAN_POINT('',(-4.724409448819E-2,0.E0,1.181102362205E-1));
#4786=DIRECTION('',(0.E0,0.E0,1.E0));
#4787=DIRECTION('',(1.E0,0.E0,0.E0));
#4788=AXIS2_PLACEMENT_3D('',#4785,#4786,#4787);
#4789=PLANE('',#4788);
#4790=ORIENTED_EDGE('',*,*,#4780,.F.);
#4791=ORIENTED_EDGE('',*,*,#4521,.T.);
#4793=ORIENTED_EDGE('',*,*,#4792,.T.);
#4794=ORIENTED_EDGE('',*,*,#4590,.F.);
#4795=EDGE_LOOP('',(#4790,#4791,#4793,#4794));
#4796=FACE_OUTER_BOUND('',#4795,.F.);
#4797=ADVANCED_FACE('',(#4796),#4789,.T.);
#4798=CARTESIAN_POINT('',(4.527559055118E-2,4.046062992126E-2,
1.161417322835E-1));
#4799=DIRECTION('',(0.E0,-1.E0,0.E0));
#4800=DIRECTION('',(1.E0,0.E0,0.E0));
#4801=AXIS2_PLACEMENT_3D('',#4798,#4799,#4800);
#4802=CYLINDRICAL_SURFACE('',#4801,1.968503937008E-3);
#4803=ORIENTED_EDGE('',*,*,#4592,.T.);
#4804=ORIENTED_EDGE('',*,*,#4792,.F.);
#4805=ORIENTED_EDGE('',*,*,#4519,.T.);
#4807=ORIENTED_EDGE('',*,*,#4806,.T.);
#4808=EDGE_LOOP('',(#4803,#4804,#4805,#4807));
#4809=FACE_OUTER_BOUND('',#4808,.F.);
#4810=ADVANCED_FACE('',(#4809),#4802,.T.);
#4811=CARTESIAN_POINT('',(4.724409448819E-2,0.E0,1.181102362205E-1));
#4812=DIRECTION('',(1.E0,0.E0,0.E0));
#4813=DIRECTION('',(0.E0,0.E0,-1.E0));
#4814=AXIS2_PLACEMENT_3D('',#4811,#4812,#4813);
#4815=PLANE('',#4814);
#4817=ORIENTED_EDGE('',*,*,#4816,.F.);
#4818=ORIENTED_EDGE('',*,*,#4594,.F.);
#4819=ORIENTED_EDGE('',*,*,#4806,.F.);
#4820=ORIENTED_EDGE('',*,*,#4517,.T.);
#4821=EDGE_LOOP('',(#4817,#4818,#4819,#4820));
#4822=FACE_OUTER_BOUND('',#4821,.F.);
#4823=ADVANCED_FACE('',(#4822),#4815,.T.);
#4824=CARTESIAN_POINT('',(0.E0,-5.905511811024E-3,8.070866141732E-2));
#4825=DIRECTION('',(0.E0,0.E0,-1.E0));
#4826=DIRECTION('',(-1.E0,0.E0,0.E0));
#4827=AXIS2_PLACEMENT_3D('',#4824,#4825,#4826);
#4828=PLANE('',#4827);
#4829=ORIENTED_EDGE('',*,*,#4596,.F.);
#4830=ORIENTED_EDGE('',*,*,#4816,.T.);
#4832=ORIENTED_EDGE('',*,*,#4831,.T.);
#4834=ORIENTED_EDGE('',*,*,#4833,.T.);
#4836=ORIENTED_EDGE('',*,*,#4835,.T.);
#4838=ORIENTED_EDGE('',*,*,#4837,.T.);
#4839=EDGE_LOOP('',(#4829,#4830,#4832,#4834,#4836,#4838));
#4840=FACE_OUTER_BOUND('',#4839,.F.);
#4841=ADVANCED_FACE('',(#4840),#4828,.F.);
#4842=CARTESIAN_POINT('',(4.694255451078E-2,-5.905511811024E-3,
8.070866141732E-2));
#4843=DIRECTION('',(0.E0,0.E0,-1.E0));
#4844=DIRECTION('',(-1.E0,0.E0,0.E0));
#4845=AXIS2_PLACEMENT_3D('',#4842,#4843,#4844);
#4846=CYLINDRICAL_SURFACE('',#4845,5.905511811024E-3);
#4847=ORIENTED_EDGE('',*,*,#4515,.T.);
#4849=ORIENTED_EDGE('',*,*,#4848,.T.);
#4851=ORIENTED_EDGE('',*,*,#4850,.F.);
#4852=ORIENTED_EDGE('',*,*,#4831,.F.);
#4853=EDGE_LOOP('',(#4847,#4849,#4851,#4852));
#4854=FACE_OUTER_BOUND('',#4853,.F.);
#4855=ADVANCED_FACE('',(#4854),#4846,.T.);
#4856=CARTESIAN_POINT('',(0.E0,-5.905511811024E-3,5.708661417323E-2));
#4857=DIRECTION('',(0.E0,0.E0,-1.E0));
#4858=DIRECTION('',(-1.E0,0.E0,0.E0));
#4859=AXIS2_PLACEMENT_3D('',#4856,#4857,#4858);
#4860=PLANE('',#4859);
#4861=ORIENTED_EDGE('',*,*,#4600,.T.);
#4863=ORIENTED_EDGE('',*,*,#4862,.F.);
#4865=ORIENTED_EDGE('',*,*,#4864,.F.);
#4867=ORIENTED_EDGE('',*,*,#4866,.F.);
#4868=ORIENTED_EDGE('',*,*,#4848,.F.);
#4870=ORIENTED_EDGE('',*,*,#4869,.F.);
#4871=EDGE_LOOP('',(#4861,#4863,#4865,#4867,#4868,#4870));
#4872=FACE_OUTER_BOUND('',#4871,.F.);
#4873=ADVANCED_FACE('',(#4872),#4860,.T.);
#4874=CARTESIAN_POINT('',(6.491457182846E-2,-2.928060647159E-2,
8.070866141732E-2));
#4875=DIRECTION('',(-7.927686058350E-1,-6.095227129504E-1,0.E0));
#4876=DIRECTION('',(-6.095227129504E-1,7.927686058350E-1,0.E0));
#4877=AXIS2_PLACEMENT_3D('',#4874,#4875,#4876);
#4878=PLANE('',#4877);
#4879=ORIENTED_EDGE('',*,*,#4598,.F.);
#4880=ORIENTED_EDGE('',*,*,#4837,.F.);
#4882=ORIENTED_EDGE('',*,*,#4881,.T.);
#4884=ORIENTED_EDGE('',*,*,#4883,.F.);
#4886=ORIENTED_EDGE('',*,*,#4885,.T.);
#4888=ORIENTED_EDGE('',*,*,#4887,.T.);
#4890=ORIENTED_EDGE('',*,*,#4889,.F.);
#4891=ORIENTED_EDGE('',*,*,#4862,.T.);
#4892=EDGE_LOOP('',(#4879,#4880,#4882,#4884,#4886,#4888,#4890,#4891));
#4893=FACE_OUTER_BOUND('',#4892,.F.);
#4894=ADVANCED_FACE('',(#4893),#4878,.T.);
#4895=CARTESIAN_POINT('',(5.574803149606E-2,-7.669504980539E-3,
8.070866141732E-2));
#4896=DIRECTION('',(-6.095227129504E-1,7.927686058350E-1,0.E0));
#4897=DIRECTION('',(-7.927686058350E-1,-6.095227129504E-1,0.E0));
#4898=AXIS2_PLACEMENT_3D('',#4895,#4896,#4897);
#4899=PLANE('',#4898);
#4900=ORIENTED_EDGE('',*,*,#4835,.F.);
#4902=ORIENTED_EDGE('',*,*,#4901,.T.);
#4904=ORIENTED_EDGE('',*,*,#4903,.T.);
#4905=ORIENTED_EDGE('',*,*,#4881,.F.);
#4906=EDGE_LOOP('',(#4900,#4902,#4904,#4905));
#4907=FACE_OUTER_BOUND('',#4906,.F.);
#4908=ADVANCED_FACE('',(#4907),#4899,.F.);
#4909=CARTESIAN_POINT('',(5.162425887595E-2,-2.305968230608E-3,
8.070866141732E-2));
#4910=DIRECTION('',(7.927686058350E-1,6.095227129504E-1,0.E0));
#4911=DIRECTION('',(6.095227129504E-1,-7.927686058350E-1,0.E0));
#4912=AXIS2_PLACEMENT_3D('',#4909,#4910,#4911);
#4913=PLANE('',#4912);
#4915=ORIENTED_EDGE('',*,*,#4914,.F.);
#4917=ORIENTED_EDGE('',*,*,#4916,.F.);
#4919=ORIENTED_EDGE('',*,*,#4918,.T.);
#4920=ORIENTED_EDGE('',*,*,#4901,.F.);
#4921=ORIENTED_EDGE('',*,*,#4833,.F.);
#4922=ORIENTED_EDGE('',*,*,#4850,.T.);
#4923=ORIENTED_EDGE('',*,*,#4866,.T.);
#4925=ORIENTED_EDGE('',*,*,#4924,.T.);
#4926=EDGE_LOOP('',(#4915,#4917,#4919,#4920,#4921,#4922,#4923,#4925));
#4927=FACE_OUTER_BOUND('',#4926,.F.);
#4928=ADVANCED_FACE('',(#4927),#4913,.T.);
#4929=CARTESIAN_POINT('',(0.E0,-5.905511811024E-3,5.807086614173E-2));
#4930=DIRECTION('',(0.E0,0.E0,1.E0));
#4931=DIRECTION('',(-1.E0,0.E0,0.E0));
#4932=AXIS2_PLACEMENT_3D('',#4929,#4930,#4931);
#4933=PLANE('',#4932);
#4935=ORIENTED_EDGE('',*,*,#4934,.T.);
#4936=ORIENTED_EDGE('',*,*,#4887,.F.);
#4938=ORIENTED_EDGE('',*,*,#4937,.F.);
#4940=ORIENTED_EDGE('',*,*,#4939,.T.);
#4942=ORIENTED_EDGE('',*,*,#4941,.T.);
#4944=ORIENTED_EDGE('',*,*,#4943,.F.);
#4945=ORIENTED_EDGE('',*,*,#4914,.T.);
#4946=EDGE_LOOP('',(#4935,#4936,#4938,#4940,#4942,#4944,#4945));
#4947=FACE_OUTER_BOUND('',#4946,.F.);
#4948=ADVANCED_FACE('',(#4947),#4933,.F.);
#4949=CARTESIAN_POINT('',(5.574803149606E-2,-7.669504980539E-3,
5.708661417323E-2));
#4950=DIRECTION('',(6.095227129504E-1,-7.927686058350E-1,0.E0));
#4951=DIRECTION('',(-7.927686058350E-1,-6.095227129504E-1,0.E0));
#4952=AXIS2_PLACEMENT_3D('',#4949,#4950,#4951);
#4953=PLANE('',#4952);
#4954=ORIENTED_EDGE('',*,*,#4934,.F.);
#4955=ORIENTED_EDGE('',*,*,#4924,.F.);
#4956=ORIENTED_EDGE('',*,*,#4864,.T.);
#4957=ORIENTED_EDGE('',*,*,#4889,.T.);
#4958=EDGE_LOOP('',(#4954,#4955,#4956,#4957));
#4959=FACE_OUTER_BOUND('',#4958,.F.);
#4960=ADVANCED_FACE('',(#4959),#4953,.T.);
#4961=CARTESIAN_POINT('',(6.959627619363E-2,-2.568106289117E-2,
8.070866141732E-2));
#4962=DIRECTION('',(0.E0,0.E0,-1.E0));
#4963=DIRECTION('',(-1.E0,0.E0,0.E0));
#4964=AXIS2_PLACEMENT_3D('',#4961,#4962,#4963);
#4965=CYLINDRICAL_SURFACE('',#4964,5.905511811024E-3);
#4966=ORIENTED_EDGE('',*,*,#4937,.T.);
#4967=ORIENTED_EDGE('',*,*,#4885,.F.);
#4969=ORIENTED_EDGE('',*,*,#4968,.F.);
#4971=ORIENTED_EDGE('',*,*,#4970,.T.);
#4972=EDGE_LOOP('',(#4966,#4967,#4969,#4971));
#4973=FACE_OUTER_BOUND('',#4972,.F.);
#4974=ADVANCED_FACE('',(#4973),#4965,.T.);
#4975=CARTESIAN_POINT('',(0.E0,-5.905511811024E-3,7.972440944882E-2));
#4976=DIRECTION('',(0.E0,0.E0,1.E0));
#4977=DIRECTION('',(-1.E0,0.E0,0.E0));
#4978=AXIS2_PLACEMENT_3D('',#4975,#4976,#4977);
#4979=PLANE('',#4978);
#4981=ORIENTED_EDGE('',*,*,#4980,.F.);
#4982=ORIENTED_EDGE('',*,*,#4968,.T.);
#4983=ORIENTED_EDGE('',*,*,#4883,.T.);
#4984=ORIENTED_EDGE('',*,*,#4903,.F.);
#4985=ORIENTED_EDGE('',*,*,#4918,.F.);
#4987=ORIENTED_EDGE('',*,*,#4986,.T.);
#4989=ORIENTED_EDGE('',*,*,#4988,.F.);
#4990=EDGE_LOOP('',(#4981,#4982,#4983,#4984,#4985,#4987,#4989));
#4991=FACE_OUTER_BOUND('',#4990,.F.);
#4992=ADVANCED_FACE('',(#4991),#4979,.T.);
#4993=CARTESIAN_POINT('',(8.267716535433E-2,-3.158657470220E-2,
8.070866141732E-2));
#4994=DIRECTION('',(0.E0,-1.E0,0.E0));
#4995=DIRECTION('',(-1.E0,0.E0,0.E0));
#4996=AXIS2_PLACEMENT_3D('',#4993,#4994,#4995);
#4997=PLANE('',#4996);
#4998=ORIENTED_EDGE('',*,*,#4939,.F.);
#4999=ORIENTED_EDGE('',*,*,#4970,.F.);
#5000=ORIENTED_EDGE('',*,*,#4980,.T.);
#5002=ORIENTED_EDGE('',*,*,#5001,.F.);
#5004=ORIENTED_EDGE('',*,*,#5003,.F.);
#5006=ORIENTED_EDGE('',*,*,#5005,.T.);
#5008=ORIENTED_EDGE('',*,*,#5007,.T.);
#5010=ORIENTED_EDGE('',*,*,#5009,.T.);
#5011=EDGE_LOOP('',(#4998,#4999,#5000,#5002,#5004,#5006,#5008,#5010));
#5012=FACE_OUTER_BOUND('',#5011,.F.);
#5013=ADVANCED_FACE('',(#5012),#4997,.T.);
#5014=CARTESIAN_POINT('',(7.086614173228E-2,-3.158657470220E-2,
8.070866141732E-2));
#5015=DIRECTION('',(1.E0,0.E0,0.E0));
#5016=DIRECTION('',(0.E0,1.E0,0.E0));
#5017=AXIS2_PLACEMENT_3D('',#5014,#5015,#5016);
#5018=PLANE('',#5017);
#5020=ORIENTED_EDGE('',*,*,#5019,.F.);
#5021=ORIENTED_EDGE('',*,*,#5001,.T.);
#5022=ORIENTED_EDGE('',*,*,#4988,.T.);
#5024=ORIENTED_EDGE('',*,*,#5023,.F.);
#5025=EDGE_LOOP('',(#5020,#5021,#5022,#5024));
#5026=FACE_OUTER_BOUND('',#5025,.F.);
#5027=ADVANCED_FACE('',(#5026),#5018,.F.);
#5028=CARTESIAN_POINT('',(0.E0,-5.905511811024E-3,8.070866141732E-2));
#5029=DIRECTION('',(0.E0,0.E0,-1.E0));
#5030=DIRECTION('',(-1.E0,0.E0,0.E0));
#5031=AXIS2_PLACEMENT_3D('',#5028,#5029,#5030);
#5032=PLANE('',#5031);
#5033=ORIENTED_EDGE('',*,*,#5019,.T.);
#5035=ORIENTED_EDGE('',*,*,#5034,.T.);
#5037=ORIENTED_EDGE('',*,*,#5036,.T.);
#5038=ORIENTED_EDGE('',*,*,#5003,.T.);
#5039=EDGE_LOOP('',(#5033,#5035,#5037,#5038));
#5040=FACE_OUTER_BOUND('',#5039,.F.);
#5041=ADVANCED_FACE('',(#5040),#5032,.F.);
#5042=CARTESIAN_POINT('',(6.959627619363E-2,-2.568106289117E-2,
8.070866141732E-2));
#5043=DIRECTION('',(0.E0,1.E0,0.E0));
#5044=DIRECTION('',(1.E0,0.E0,0.E0));
#5045=AXIS2_PLACEMENT_3D('',#5042,#5043,#5044);
#5046=PLANE('',#5045);
#5047=ORIENTED_EDGE('',*,*,#4943,.T.);
#5049=ORIENTED_EDGE('',*,*,#5048,.F.);
#5051=ORIENTED_EDGE('',*,*,#5050,.T.);
#5053=ORIENTED_EDGE('',*,*,#5052,.F.);
#5054=ORIENTED_EDGE('',*,*,#5034,.F.);
#5055=ORIENTED_EDGE('',*,*,#5023,.T.);
#5056=ORIENTED_EDGE('',*,*,#4986,.F.);
#5057=ORIENTED_EDGE('',*,*,#4916,.T.);
#5058=EDGE_LOOP('',(#5047,#5049,#5051,#5053,#5054,#5055,#5056,#5057));
#5059=FACE_OUTER_BOUND('',#5058,.F.);
#5060=ADVANCED_FACE('',(#5059),#5046,.T.);
#5061=CARTESIAN_POINT('',(7.086614173228E-2,-3.158657470220E-2,
5.708661417323E-2));
#5062=DIRECTION('',(-1.E0,0.E0,0.E0));
#5063=DIRECTION('',(0.E0,1.E0,0.E0));
#5064=AXIS2_PLACEMENT_3D('',#5061,#5062,#5063);
#5065=PLANE('',#5064);
#5066=ORIENTED_EDGE('',*,*,#4941,.F.);
#5067=ORIENTED_EDGE('',*,*,#5009,.F.);
#5069=ORIENTED_EDGE('',*,*,#5068,.T.);
#5070=ORIENTED_EDGE('',*,*,#5048,.T.);
#5071=EDGE_LOOP('',(#5066,#5067,#5069,#5070));
#5072=FACE_OUTER_BOUND('',#5071,.F.);
#5073=ADVANCED_FACE('',(#5072),#5065,.T.);
#5074=CARTESIAN_POINT('',(0.E0,-5.905511811024E-3,5.708661417323E-2));
#5075=DIRECTION('',(0.E0,0.E0,-1.E0));
#5076=DIRECTION('',(-1.E0,0.E0,0.E0));
#5077=AXIS2_PLACEMENT_3D('',#5074,#5075,#5076);
#5078=PLANE('',#5077);
#5079=ORIENTED_EDGE('',*,*,#5068,.F.);
#5080=ORIENTED_EDGE('',*,*,#5007,.F.);
#5082=ORIENTED_EDGE('',*,*,#5081,.F.);
#5083=ORIENTED_EDGE('',*,*,#5050,.F.);
#5084=EDGE_LOOP('',(#5079,#5080,#5082,#5083));
#5085=FACE_OUTER_BOUND('',#5084,.F.);
#5086=ADVANCED_FACE('',(#5085),#5078,.T.);
#5087=CARTESIAN_POINT('',(8.267716535433E-2,-2.568106289117E-2,
8.070866141732E-2));
#5088=DIRECTION('',(1.E0,0.E0,0.E0));
#5089=DIRECTION('',(0.E0,-1.E0,0.E0));
#5090=AXIS2_PLACEMENT_3D('',#5087,#5088,#5089);
#5091=PLANE('',#5090);
#5092=ORIENTED_EDGE('',*,*,#5036,.F.);
#5093=ORIENTED_EDGE('',*,*,#5052,.T.);
#5094=ORIENTED_EDGE('',*,*,#5081,.T.);
#5095=ORIENTED_EDGE('',*,*,#5005,.F.);
#5096=EDGE_LOOP('',(#5092,#5093,#5094,#5095));
#5097=FACE_OUTER_BOUND('',#5096,.F.);
#5098=ADVANCED_FACE('',(#5097),#5091,.T.);
#5099=CARTESIAN_POINT('',(4.724409448819E-2,0.E0,1.181102362205E-1));
#5100=DIRECTION('',(1.E0,0.E0,0.E0));
#5101=DIRECTION('',(0.E0,0.E0,-1.E0));
#5102=AXIS2_PLACEMENT_3D('',#5099,#5100,#5101);
#5103=PLANE('',#5102);
#5105=ORIENTED_EDGE('',*,*,#5104,.F.);
#5106=ORIENTED_EDGE('',*,*,#4602,.F.);
#5107=ORIENTED_EDGE('',*,*,#4869,.T.);
#5108=ORIENTED_EDGE('',*,*,#4513,.T.);
#5109=EDGE_LOOP('',(#5105,#5106,#5107,#5108));
#5110=FACE_OUTER_BOUND('',#5109,.F.);
#5111=ADVANCED_FACE('',(#5110),#5103,.T.);
#5112=CARTESIAN_POINT('',(0.E0,-5.905511811024E-3,-5.708661417323E-2));
#5113=DIRECTION('',(0.E0,0.E0,-1.E0));
#5114=DIRECTION('',(-1.E0,0.E0,0.E0));
#5115=AXIS2_PLACEMENT_3D('',#5112,#5113,#5114);
#5116=PLANE('',#5115);
#5117=ORIENTED_EDGE('',*,*,#4604,.F.);
#5118=ORIENTED_EDGE('',*,*,#5104,.T.);
#5120=ORIENTED_EDGE('',*,*,#5119,.T.);
#5122=ORIENTED_EDGE('',*,*,#5121,.T.);
#5124=ORIENTED_EDGE('',*,*,#5123,.T.);
#5126=ORIENTED_EDGE('',*,*,#5125,.T.);
#5127=EDGE_LOOP('',(#5117,#5118,#5120,#5122,#5124,#5126));
#5128=FACE_OUTER_BOUND('',#5127,.F.);
#5129=ADVANCED_FACE('',(#5128),#5116,.F.);
#5130=CARTESIAN_POINT('',(4.694255451078E-2,-5.905511811024E-3,
-5.708661417323E-2));
#5131=DIRECTION('',(0.E0,0.E0,-1.E0));
#5132=DIRECTION('',(-1.E0,0.E0,0.E0));
#5133=AXIS2_PLACEMENT_3D('',#5130,#5131,#5132);
#5134=CYLINDRICAL_SURFACE('',#5133,5.905511811024E-3);
#5135=ORIENTED_EDGE('',*,*,#4511,.T.);
#5137=ORIENTED_EDGE('',*,*,#5136,.T.);
#5139=ORIENTED_EDGE('',*,*,#5138,.F.);
#5140=ORIENTED_EDGE('',*,*,#5119,.F.);
#5141=EDGE_LOOP('',(#5135,#5137,#5139,#5140));
#5142=FACE_OUTER_BOUND('',#5141,.F.);
#5143=ADVANCED_FACE('',(#5142),#5134,.T.);
#5144=CARTESIAN_POINT('',(0.E0,-5.905511811024E-3,-8.070866141732E-2));
#5145=DIRECTION('',(0.E0,0.E0,-1.E0));
#5146=DIRECTION('',(-1.E0,0.E0,0.E0));
#5147=AXIS2_PLACEMENT_3D('',#5144,#5145,#5146);
#5148=PLANE('',#5147);
#5149=ORIENTED_EDGE('',*,*,#4608,.T.);
#5151=ORIENTED_EDGE('',*,*,#5150,.F.);
#5153=ORIENTED_EDGE('',*,*,#5152,.F.);
#5155=ORIENTED_EDGE('',*,*,#5154,.F.);
#5156=ORIENTED_EDGE('',*,*,#5136,.F.);
#5158=ORIENTED_EDGE('',*,*,#5157,.F.);
#5159=EDGE_LOOP('',(#5149,#5151,#5153,#5155,#5156,#5158));
#5160=FACE_OUTER_BOUND('',#5159,.F.);
#5161=ADVANCED_FACE('',(#5160),#5148,.T.);
#5162=CARTESIAN_POINT('',(6.491457182846E-2,-2.928060647159E-2,
-5.708661417323E-2));
#5163=DIRECTION('',(-7.927686058350E-1,-6.095227129504E-1,0.E0));
#5164=DIRECTION('',(-6.095227129504E-1,7.927686058350E-1,0.E0));
#5165=AXIS2_PLACEMENT_3D('',#5162,#5163,#5164);
#5166=PLANE('',#5165);
#5167=ORIENTED_EDGE('',*,*,#4606,.F.);
#5168=ORIENTED_EDGE('',*,*,#5125,.F.);
#5170=ORIENTED_EDGE('',*,*,#5169,.T.);
#5172=ORIENTED_EDGE('',*,*,#5171,.F.);
#5174=ORIENTED_EDGE('',*,*,#5173,.T.);
#5176=ORIENTED_EDGE('',*,*,#5175,.T.);
#5178=ORIENTED_EDGE('',*,*,#5177,.F.);
#5179=ORIENTED_EDGE('',*,*,#5150,.T.);
#5180=EDGE_LOOP('',(#5167,#5168,#5170,#5172,#5174,#5176,#5178,#5179));
#5181=FACE_OUTER_BOUND('',#5180,.F.);
#5182=ADVANCED_FACE('',(#5181),#5166,.T.);
#5183=CARTESIAN_POINT('',(5.574803149606E-2,-7.669504980539E-3,
-5.708661417323E-2));
#5184=DIRECTION('',(-6.095227129504E-1,7.927686058350E-1,0.E0));
#5185=DIRECTION('',(-7.927686058350E-1,-6.095227129504E-1,0.E0));
#5186=AXIS2_PLACEMENT_3D('',#5183,#5184,#5185);
#5187=PLANE('',#5186);
#5188=ORIENTED_EDGE('',*,*,#5123,.F.);
#5190=ORIENTED_EDGE('',*,*,#5189,.T.);
#5192=ORIENTED_EDGE('',*,*,#5191,.T.);
#5193=ORIENTED_EDGE('',*,*,#5169,.F.);
#5194=EDGE_LOOP('',(#5188,#5190,#5192,#5193));
#5195=FACE_OUTER_BOUND('',#5194,.F.);
#5196=ADVANCED_FACE('',(#5195),#5187,.F.);
#5197=CARTESIAN_POINT('',(5.162425887595E-2,-2.305968230608E-3,
-5.708661417323E-2));
#5198=DIRECTION('',(7.927686058350E-1,6.095227129504E-1,0.E0));
#5199=DIRECTION('',(6.095227129504E-1,-7.927686058350E-1,0.E0));
#5200=AXIS2_PLACEMENT_3D('',#5197,#5198,#5199);
#5201=PLANE('',#5200);
#5203=ORIENTED_EDGE('',*,*,#5202,.F.);
#5205=ORIENTED_EDGE('',*,*,#5204,.F.);
#5207=ORIENTED_EDGE('',*,*,#5206,.T.);
#5208=ORIENTED_EDGE('',*,*,#5189,.F.);
#5209=ORIENTED_EDGE('',*,*,#5121,.F.);
#5210=ORIENTED_EDGE('',*,*,#5138,.T.);
#5211=ORIENTED_EDGE('',*,*,#5154,.T.);
#5213=ORIENTED_EDGE('',*,*,#5212,.T.);
#5214=EDGE_LOOP('',(#5203,#5205,#5207,#5208,#5209,#5210,#5211,#5213));
#5215=FACE_OUTER_BOUND('',#5214,.F.);
#5216=ADVANCED_FACE('',(#5215),#5201,.T.);
#5217=CARTESIAN_POINT('',(0.E0,-5.905511811024E-3,-7.972440944882E-2));
#5218=DIRECTION('',(0.E0,0.E0,1.E0));
#5219=DIRECTION('',(-1.E0,0.E0,0.E0));
#5220=AXIS2_PLACEMENT_3D('',#5217,#5218,#5219);
#5221=PLANE('',#5220);
#5223=ORIENTED_EDGE('',*,*,#5222,.T.);
#5224=ORIENTED_EDGE('',*,*,#5175,.F.);
#5226=ORIENTED_EDGE('',*,*,#5225,.F.);
#5228=ORIENTED_EDGE('',*,*,#5227,.T.);
#5230=ORIENTED_EDGE('',*,*,#5229,.T.);
#5232=ORIENTED_EDGE('',*,*,#5231,.F.);
#5233=ORIENTED_EDGE('',*,*,#5202,.T.);
#5234=EDGE_LOOP('',(#5223,#5224,#5226,#5228,#5230,#5232,#5233));
#5235=FACE_OUTER_BOUND('',#5234,.F.);
#5236=ADVANCED_FACE('',(#5235),#5221,.F.);
#5237=CARTESIAN_POINT('',(5.574803149606E-2,-7.669504980539E-3,
-8.070866141732E-2));
#5238=DIRECTION('',(6.095227129504E-1,-7.927686058350E-1,0.E0));
#5239=DIRECTION('',(-7.927686058350E-1,-6.095227129504E-1,0.E0));
#5240=AXIS2_PLACEMENT_3D('',#5237,#5238,#5239);
#5241=PLANE('',#5240);
#5242=ORIENTED_EDGE('',*,*,#5222,.F.);
#5243=ORIENTED_EDGE('',*,*,#5212,.F.);
#5244=ORIENTED_EDGE('',*,*,#5152,.T.);
#5245=ORIENTED_EDGE('',*,*,#5177,.T.);
#5246=EDGE_LOOP('',(#5242,#5243,#5244,#5245));
#5247=FACE_OUTER_BOUND('',#5246,.F.);
#5248=ADVANCED_FACE('',(#5247),#5241,.T.);
#5249=CARTESIAN_POINT('',(6.959627619363E-2,-2.568106289117E-2,
-5.708661417323E-2));
#5250=DIRECTION('',(0.E0,0.E0,-1.E0));
#5251=DIRECTION('',(-1.E0,0.E0,0.E0));
#5252=AXIS2_PLACEMENT_3D('',#5249,#5250,#5251);
#5253=CYLINDRICAL_SURFACE('',#5252,5.905511811024E-3);
#5254=ORIENTED_EDGE('',*,*,#5225,.T.);
#5255=ORIENTED_EDGE('',*,*,#5173,.F.);
#5257=ORIENTED_EDGE('',*,*,#5256,.F.);
#5259=ORIENTED_EDGE('',*,*,#5258,.T.);
#5260=EDGE_LOOP('',(#5254,#5255,#5257,#5259));
#5261=FACE_OUTER_BOUND('',#5260,.F.);
#5262=ADVANCED_FACE('',(#5261),#5253,.T.);
#5263=CARTESIAN_POINT('',(0.E0,-5.905511811024E-3,-5.807086614173E-2));
#5264=DIRECTION('',(0.E0,0.E0,1.E0));
#5265=DIRECTION('',(-1.E0,0.E0,0.E0));
#5266=AXIS2_PLACEMENT_3D('',#5263,#5264,#5265);
#5267=PLANE('',#5266);
#5269=ORIENTED_EDGE('',*,*,#5268,.F.);
#5270=ORIENTED_EDGE('',*,*,#5256,.T.);
#5271=ORIENTED_EDGE('',*,*,#5171,.T.);
#5272=ORIENTED_EDGE('',*,*,#5191,.F.);
#5273=ORIENTED_EDGE('',*,*,#5206,.F.);
#5275=ORIENTED_EDGE('',*,*,#5274,.T.);
#5277=ORIENTED_EDGE('',*,*,#5276,.F.);
#5278=EDGE_LOOP('',(#5269,#5270,#5271,#5272,#5273,#5275,#5277));
#5279=FACE_OUTER_BOUND('',#5278,.F.);
#5280=ADVANCED_FACE('',(#5279),#5267,.T.);
#5281=CARTESIAN_POINT('',(8.267716535433E-2,-3.158657470220E-2,
-5.708661417323E-2));
#5282=DIRECTION('',(0.E0,-1.E0,0.E0));
#5283=DIRECTION('',(-1.E0,0.E0,0.E0));
#5284=AXIS2_PLACEMENT_3D('',#5281,#5282,#5283);
#5285=PLANE('',#5284);
#5286=ORIENTED_EDGE('',*,*,#5227,.F.);
#5287=ORIENTED_EDGE('',*,*,#5258,.F.);
#5288=ORIENTED_EDGE('',*,*,#5268,.T.);
#5290=ORIENTED_EDGE('',*,*,#5289,.F.);
#5292=ORIENTED_EDGE('',*,*,#5291,.F.);
#5294=ORIENTED_EDGE('',*,*,#5293,.T.);
#5296=ORIENTED_EDGE('',*,*,#5295,.T.);
#5298=ORIENTED_EDGE('',*,*,#5297,.T.);
#5299=EDGE_LOOP('',(#5286,#5287,#5288,#5290,#5292,#5294,#5296,#5298));
#5300=FACE_OUTER_BOUND('',#5299,.F.);
#5301=ADVANCED_FACE('',(#5300),#5285,.T.);
#5302=CARTESIAN_POINT('',(7.086614173228E-2,-3.158657470220E-2,
-5.708661417323E-2));
#5303=DIRECTION('',(1.E0,0.E0,0.E0));
#5304=DIRECTION('',(0.E0,1.E0,0.E0));
#5305=AXIS2_PLACEMENT_3D('',#5302,#5303,#5304);
#5306=PLANE('',#5305);
#5308=ORIENTED_EDGE('',*,*,#5307,.F.);
#5309=ORIENTED_EDGE('',*,*,#5289,.T.);
#5310=ORIENTED_EDGE('',*,*,#5276,.T.);
#5312=ORIENTED_EDGE('',*,*,#5311,.F.);
#5313=EDGE_LOOP('',(#5308,#5309,#5310,#5312));
#5314=FACE_OUTER_BOUND('',#5313,.F.);
#5315=ADVANCED_FACE('',(#5314),#5306,.F.);
#5316=CARTESIAN_POINT('',(0.E0,-5.905511811024E-3,-5.708661417323E-2));
#5317=DIRECTION('',(0.E0,0.E0,-1.E0));
#5318=DIRECTION('',(-1.E0,0.E0,0.E0));
#5319=AXIS2_PLACEMENT_3D('',#5316,#5317,#5318);
#5320=PLANE('',#5319);
#5321=ORIENTED_EDGE('',*,*,#5307,.T.);
#5323=ORIENTED_EDGE('',*,*,#5322,.T.);
#5325=ORIENTED_EDGE('',*,*,#5324,.T.);
#5326=ORIENTED_EDGE('',*,*,#5291,.T.);
#5327=EDGE_LOOP('',(#5321,#5323,#5325,#5326));
#5328=FACE_OUTER_BOUND('',#5327,.F.);
#5329=ADVANCED_FACE('',(#5328),#5320,.F.);
#5330=CARTESIAN_POINT('',(6.959627619363E-2,-2.568106289117E-2,
-5.708661417323E-2));
#5331=DIRECTION('',(0.E0,1.E0,0.E0));
#5332=DIRECTION('',(1.E0,0.E0,0.E0));
#5333=AXIS2_PLACEMENT_3D('',#5330,#5331,#5332);
#5334=PLANE('',#5333);
#5335=ORIENTED_EDGE('',*,*,#5231,.T.);
#5337=ORIENTED_EDGE('',*,*,#5336,.F.);
#5339=ORIENTED_EDGE('',*,*,#5338,.T.);
#5341=ORIENTED_EDGE('',*,*,#5340,.F.);
#5342=ORIENTED_EDGE('',*,*,#5322,.F.);
#5343=ORIENTED_EDGE('',*,*,#5311,.T.);
#5344=ORIENTED_EDGE('',*,*,#5274,.F.);
#5345=ORIENTED_EDGE('',*,*,#5204,.T.);
#5346=EDGE_LOOP('',(#5335,#5337,#5339,#5341,#5342,#5343,#5344,#5345));
#5347=FACE_OUTER_BOUND('',#5346,.F.);
#5348=ADVANCED_FACE('',(#5347),#5334,.T.);
#5349=CARTESIAN_POINT('',(7.086614173228E-2,-3.158657470220E-2,
-8.070866141732E-2));
#5350=DIRECTION('',(-1.E0,0.E0,0.E0));
#5351=DIRECTION('',(0.E0,1.E0,0.E0));
#5352=AXIS2_PLACEMENT_3D('',#5349,#5350,#5351);
#5353=PLANE('',#5352);
#5354=ORIENTED_EDGE('',*,*,#5229,.F.);
#5355=ORIENTED_EDGE('',*,*,#5297,.F.);
#5357=ORIENTED_EDGE('',*,*,#5356,.T.);
#5358=ORIENTED_EDGE('',*,*,#5336,.T.);
#5359=EDGE_LOOP('',(#5354,#5355,#5357,#5358));
#5360=FACE_OUTER_BOUND('',#5359,.F.);
#5361=ADVANCED_FACE('',(#5360),#5353,.T.);
#5362=CARTESIAN_POINT('',(0.E0,-5.905511811024E-3,-8.070866141732E-2));
#5363=DIRECTION('',(0.E0,0.E0,-1.E0));
#5364=DIRECTION('',(-1.E0,0.E0,0.E0));
#5365=AXIS2_PLACEMENT_3D('',#5362,#5363,#5364);
#5366=PLANE('',#5365);
#5367=ORIENTED_EDGE('',*,*,#5356,.F.);
#5368=ORIENTED_EDGE('',*,*,#5295,.F.);
#5370=ORIENTED_EDGE('',*,*,#5369,.F.);
#5371=ORIENTED_EDGE('',*,*,#5338,.F.);
#5372=EDGE_LOOP('',(#5367,#5368,#5370,#5371));
#5373=FACE_OUTER_BOUND('',#5372,.F.);
#5374=ADVANCED_FACE('',(#5373),#5366,.T.);
#5375=CARTESIAN_POINT('',(8.267716535433E-2,-2.568106289117E-2,
-5.708661417323E-2));
#5376=DIRECTION('',(1.E0,0.E0,0.E0));
#5377=DIRECTION('',(0.E0,-1.E0,0.E0));
#5378=AXIS2_PLACEMENT_3D('',#5375,#5376,#5377);
#5379=PLANE('',#5378);
#5380=ORIENTED_EDGE('',*,*,#5324,.F.);
#5381=ORIENTED_EDGE('',*,*,#5340,.T.);
#5382=ORIENTED_EDGE('',*,*,#5369,.T.);
#5383=ORIENTED_EDGE('',*,*,#5293,.F.);
#5384=EDGE_LOOP('',(#5380,#5381,#5382,#5383));
#5385=FACE_OUTER_BOUND('',#5384,.F.);
#5386=ADVANCED_FACE('',(#5385),#5379,.T.);
#5387=CARTESIAN_POINT('',(4.724409448819E-2,0.E0,1.181102362205E-1));
#5388=DIRECTION('',(1.E0,0.E0,0.E0));
#5389=DIRECTION('',(0.E0,0.E0,-1.E0));
#5390=AXIS2_PLACEMENT_3D('',#5387,#5388,#5389);
#5391=PLANE('',#5390);
#5392=ORIENTED_EDGE('',*,*,#5157,.T.);
#5393=ORIENTED_EDGE('',*,*,#4509,.T.);
#5395=ORIENTED_EDGE('',*,*,#5394,.T.);
#5396=ORIENTED_EDGE('',*,*,#4610,.F.);
#5397=EDGE_LOOP('',(#5392,#5393,#5395,#5396));
#5398=FACE_OUTER_BOUND('',#5397,.F.);
#5399=ADVANCED_FACE('',(#5398),#5391,.T.);
#5400=CARTESIAN_POINT('',(4.527559055118E-2,4.046062992126E-2,
-1.161417322835E-1));
#5401=DIRECTION('',(0.E0,-1.E0,0.E0));
#5402=DIRECTION('',(0.E0,0.E0,-1.E0));
#5403=AXIS2_PLACEMENT_3D('',#5400,#5401,#5402);
#5404=CYLINDRICAL_SURFACE('',#5403,1.968503937008E-3);
#5405=ORIENTED_EDGE('',*,*,#4612,.T.);
#5406=ORIENTED_EDGE('',*,*,#5394,.F.);
#5407=ORIENTED_EDGE('',*,*,#4507,.T.);
#5409=ORIENTED_EDGE('',*,*,#5408,.T.);
#5410=EDGE_LOOP('',(#5405,#5406,#5407,#5409));
#5411=FACE_OUTER_BOUND('',#5410,.F.);
#5412=ADVANCED_FACE('',(#5411),#5404,.T.);
#5413=CARTESIAN_POINT('',(4.724409448819E-2,0.E0,-1.181102362205E-1));
#5414=DIRECTION('',(0.E0,0.E0,-1.E0));
#5415=DIRECTION('',(-1.E0,0.E0,0.E0));
#5416=AXIS2_PLACEMENT_3D('',#5413,#5414,#5415);
#5417=PLANE('',#5416);
#5419=ORIENTED_EDGE('',*,*,#5418,.T.);
#5420=ORIENTED_EDGE('',*,*,#4614,.F.);
#5421=ORIENTED_EDGE('',*,*,#5408,.F.);
#5422=ORIENTED_EDGE('',*,*,#4505,.T.);
#5423=EDGE_LOOP('',(#5419,#5420,#5421,#5422));
#5424=FACE_OUTER_BOUND('',#5423,.F.);
#5425=ADVANCED_FACE('',(#5424),#5417,.T.);
#5426=CARTESIAN_POINT('',(-4.527559055118E-2,4.046062992126E-2,
-1.161417322835E-1));
#5427=DIRECTION('',(0.E0,-1.E0,0.E0));
#5428=DIRECTION('',(-1.E0,0.E0,0.E0));
#5429=AXIS2_PLACEMENT_3D('',#5426,#5427,#5428);
#5430=CYLINDRICAL_SURFACE('',#5429,1.968503937008E-3);
#5431=ORIENTED_EDGE('',*,*,#4616,.T.);
#5432=ORIENTED_EDGE('',*,*,#5418,.F.);
#5433=ORIENTED_EDGE('',*,*,#4503,.T.);
#5434=ORIENTED_EDGE('',*,*,#4551,.T.);
#5435=EDGE_LOOP('',(#5431,#5432,#5433,#5434));
#5436=FACE_OUTER_BOUND('',#5435,.F.);
#5437=ADVANCED_FACE('',(#5436),#5430,.T.);
#5438=CARTESIAN_POINT('',(-6.959627619363E-2,-2.568106289117E-2,
-1.181102362205E-2));
#5439=DIRECTION('',(0.E0,0.E0,1.E0));
#5440=DIRECTION('',(1.E0,0.E0,0.E0));
#5441=AXIS2_PLACEMENT_3D('',#5438,#5439,#5440);
#5442=CYLINDRICAL_SURFACE('',#5441,5.905511811024E-3);
#5443=ORIENTED_EDGE('',*,*,#4706,.T.);
#5444=ORIENTED_EDGE('',*,*,#4651,.F.);
#5446=ORIENTED_EDGE('',*,*,#5445,.F.);
#5448=ORIENTED_EDGE('',*,*,#5447,.T.);
#5449=EDGE_LOOP('',(#5443,#5444,#5446,#5448));
#5450=FACE_OUTER_BOUND('',#5449,.F.);
#5451=ADVANCED_FACE('',(#5450),#5442,.T.);
#5452=CARTESIAN_POINT('',(0.E0,-5.905511811024E-3,-1.082677165354E-2));
#5453=DIRECTION('',(0.E0,0.E0,-1.E0));
#5454=DIRECTION('',(1.E0,0.E0,0.E0));
#5455=AXIS2_PLACEMENT_3D('',#5452,#5453,#5454);
#5456=PLANE('',#5455);
#5458=ORIENTED_EDGE('',*,*,#5457,.F.);
#5459=ORIENTED_EDGE('',*,*,#5445,.T.);
#5460=ORIENTED_EDGE('',*,*,#4649,.T.);
#5461=ORIENTED_EDGE('',*,*,#4670,.F.);
#5462=ORIENTED_EDGE('',*,*,#4685,.F.);
#5464=ORIENTED_EDGE('',*,*,#5463,.T.);
#5466=ORIENTED_EDGE('',*,*,#5465,.F.);
#5467=EDGE_LOOP('',(#5458,#5459,#5460,#5461,#5462,#5464,#5466));
#5468=FACE_OUTER_BOUND('',#5467,.F.);
#5469=ADVANCED_FACE('',(#5468),#5456,.T.);
#5470=CARTESIAN_POINT('',(-8.267716535433E-2,-3.158657470220E-2,
-1.181102362205E-2));
#5471=DIRECTION('',(0.E0,-1.E0,0.E0));
#5472=DIRECTION('',(1.E0,0.E0,0.E0));
#5473=AXIS2_PLACEMENT_3D('',#5470,#5471,#5472);
#5474=PLANE('',#5473);
#5475=ORIENTED_EDGE('',*,*,#4708,.F.);
#5476=ORIENTED_EDGE('',*,*,#5447,.F.);
#5477=ORIENTED_EDGE('',*,*,#5457,.T.);
#5479=ORIENTED_EDGE('',*,*,#5478,.F.);
#5481=ORIENTED_EDGE('',*,*,#5480,.F.);
#5483=ORIENTED_EDGE('',*,*,#5482,.T.);
#5485=ORIENTED_EDGE('',*,*,#5484,.T.);
#5487=ORIENTED_EDGE('',*,*,#5486,.T.);
#5488=EDGE_LOOP('',(#5475,#5476,#5477,#5479,#5481,#5483,#5485,#5487));
#5489=FACE_OUTER_BOUND('',#5488,.F.);
#5490=ADVANCED_FACE('',(#5489),#5474,.T.);
#5491=CARTESIAN_POINT('',(-7.086614173228E-2,-3.158657470220E-2,
-1.181102362205E-2));
#5492=DIRECTION('',(-1.E0,0.E0,0.E0));
#5493=DIRECTION('',(0.E0,1.E0,0.E0));
#5494=AXIS2_PLACEMENT_3D('',#5491,#5492,#5493);
#5495=PLANE('',#5494);
#5497=ORIENTED_EDGE('',*,*,#5496,.F.);
#5498=ORIENTED_EDGE('',*,*,#5478,.T.);
#5499=ORIENTED_EDGE('',*,*,#5465,.T.);
#5501=ORIENTED_EDGE('',*,*,#5500,.F.);
#5502=EDGE_LOOP('',(#5497,#5498,#5499,#5501));
#5503=FACE_OUTER_BOUND('',#5502,.F.);
#5504=ADVANCED_FACE('',(#5503),#5495,.F.);
#5505=CARTESIAN_POINT('',(0.E0,-5.905511811024E-3,-1.181102362205E-2));
#5506=DIRECTION('',(0.E0,0.E0,1.E0));
#5507=DIRECTION('',(1.E0,0.E0,0.E0));
#5508=AXIS2_PLACEMENT_3D('',#5505,#5506,#5507);
#5509=PLANE('',#5508);
#5510=ORIENTED_EDGE('',*,*,#5496,.T.);
#5512=ORIENTED_EDGE('',*,*,#5511,.T.);
#5514=ORIENTED_EDGE('',*,*,#5513,.T.);
#5515=ORIENTED_EDGE('',*,*,#5480,.T.);
#5516=EDGE_LOOP('',(#5510,#5512,#5514,#5515));
#5517=FACE_OUTER_BOUND('',#5516,.F.);
#5518=ADVANCED_FACE('',(#5517),#5509,.F.);
#5519=CARTESIAN_POINT('',(-6.959627619363E-2,-2.568106289117E-2,
-1.181102362205E-2));
#5520=DIRECTION('',(0.E0,1.E0,0.E0));
#5521=DIRECTION('',(-1.E0,0.E0,0.E0));
#5522=AXIS2_PLACEMENT_3D('',#5519,#5520,#5521);
#5523=PLANE('',#5522);
#5524=ORIENTED_EDGE('',*,*,#4712,.T.);
#5526=ORIENTED_EDGE('',*,*,#5525,.F.);
#5528=ORIENTED_EDGE('',*,*,#5527,.T.);
#5530=ORIENTED_EDGE('',*,*,#5529,.F.);
#5531=ORIENTED_EDGE('',*,*,#5511,.F.);
#5532=ORIENTED_EDGE('',*,*,#5500,.T.);
#5533=ORIENTED_EDGE('',*,*,#5463,.F.);
#5534=ORIENTED_EDGE('',*,*,#4683,.T.);
#5535=EDGE_LOOP('',(#5524,#5526,#5528,#5530,#5531,#5532,#5533,#5534));
#5536=FACE_OUTER_BOUND('',#5535,.F.);
#5537=ADVANCED_FACE('',(#5536),#5523,.T.);
#5538=CARTESIAN_POINT('',(-7.086614173228E-2,-3.158657470220E-2,
1.181102362205E-2));
#5539=DIRECTION('',(1.E0,0.E0,0.E0));
#5540=DIRECTION('',(0.E0,1.E0,0.E0));
#5541=AXIS2_PLACEMENT_3D('',#5538,#5539,#5540);
#5542=PLANE('',#5541);
#5543=ORIENTED_EDGE('',*,*,#4710,.F.);
#5544=ORIENTED_EDGE('',*,*,#5486,.F.);
#5546=ORIENTED_EDGE('',*,*,#5545,.T.);
#5547=ORIENTED_EDGE('',*,*,#5525,.T.);
#5548=EDGE_LOOP('',(#5543,#5544,#5546,#5547));
#5549=FACE_OUTER_BOUND('',#5548,.F.);
#5550=ADVANCED_FACE('',(#5549),#5542,.T.);
#5551=CARTESIAN_POINT('',(0.E0,-5.905511811024E-3,1.181102362205E-2));
#5552=DIRECTION('',(0.E0,0.E0,1.E0));
#5553=DIRECTION('',(1.E0,0.E0,0.E0));
#5554=AXIS2_PLACEMENT_3D('',#5551,#5552,#5553);
#5555=PLANE('',#5554);
#5556=ORIENTED_EDGE('',*,*,#5545,.F.);
#5557=ORIENTED_EDGE('',*,*,#5484,.F.);
#5559=ORIENTED_EDGE('',*,*,#5558,.F.);
#5560=ORIENTED_EDGE('',*,*,#5527,.F.);
#5561=EDGE_LOOP('',(#5556,#5557,#5559,#5560));
#5562=FACE_OUTER_BOUND('',#5561,.F.);
#5563=ADVANCED_FACE('',(#5562),#5555,.T.);
#5564=CARTESIAN_POINT('',(-8.267716535433E-2,-2.568106289117E-2,
-1.181102362205E-2));
#5565=DIRECTION('',(-1.E0,0.E0,0.E0));
#5566=DIRECTION('',(0.E0,-1.E0,0.E0));
#5567=AXIS2_PLACEMENT_3D('',#5564,#5565,#5566);
#5568=PLANE('',#5567);
#5569=ORIENTED_EDGE('',*,*,#5513,.F.);
#5570=ORIENTED_EDGE('',*,*,#5529,.T.);
#5571=ORIENTED_EDGE('',*,*,#5558,.T.);
#5572=ORIENTED_EDGE('',*,*,#5482,.F.);
#5573=EDGE_LOOP('',(#5569,#5570,#5571,#5572));
#5574=FACE_OUTER_BOUND('',#5573,.F.);
#5575=ADVANCED_FACE('',(#5574),#5568,.T.);
#5576=CARTESIAN_POINT('',(-4.666539411595E-2,-5.905511811024E-3,
-1.141732283465E-1));
#5577=DIRECTION('',(0.E0,-1.736481776669E-1,-9.848077530122E-1));
#5578=DIRECTION('',(1.E0,0.E0,0.E0));
#5579=AXIS2_PLACEMENT_3D('',#5576,#5577,#5578);
#5580=PLANE('',#5579);
#5582=ORIENTED_EDGE('',*,*,#5581,.F.);
#5584=ORIENTED_EDGE('',*,*,#5583,.F.);
#5586=ORIENTED_EDGE('',*,*,#5585,.T.);
#5588=ORIENTED_EDGE('',*,*,#5587,.T.);
#5590=ORIENTED_EDGE('',*,*,#5589,.T.);
#5591=ORIENTED_EDGE('',*,*,#4621,.F.);
#5592=EDGE_LOOP('',(#5582,#5584,#5586,#5588,#5590,#5591));
#5593=FACE_OUTER_BOUND('',#5592,.F.);
#5594=ADVANCED_FACE('',(#5593),#5580,.T.);
#5595=CARTESIAN_POINT('',(-4.133858267717E-2,-2.033095039749E-2,
-1.096307630319E-1));
#5596=DIRECTION('',(0.E0,9.848077530122E-1,-1.736481776669E-1));
#5597=DIRECTION('',(0.E0,-1.736481776669E-1,-9.848077530122E-1));
#5598=AXIS2_PLACEMENT_3D('',#5595,#5596,#5597);
#5599=CYLINDRICAL_SURFACE('',#5598,1.968503937008E-3);
#5601=ORIENTED_EDGE('',*,*,#5600,.F.);
#5603=ORIENTED_EDGE('',*,*,#5602,.F.);
#5604=ORIENTED_EDGE('',*,*,#5581,.T.);
#5605=ORIENTED_EDGE('',*,*,#4635,.T.);
#5606=EDGE_LOOP('',(#5601,#5603,#5604,#5605));
#5607=FACE_OUTER_BOUND('',#5606,.F.);
#5608=ADVANCED_FACE('',(#5607),#5599,.T.);
#5609=CARTESIAN_POINT('',(-4.330708661417E-2,-5.905511811024E-3,
1.141732283465E-1));
#5610=DIRECTION('',(-1.E0,0.E0,0.E0));
#5611=DIRECTION('',(0.E0,0.E0,-1.E0));
#5612=AXIS2_PLACEMENT_3D('',#5609,#5610,#5611);
#5613=PLANE('',#5612);
#5614=ORIENTED_EDGE('',*,*,#5600,.T.);
#5615=ORIENTED_EDGE('',*,*,#4633,.F.);
#5617=ORIENTED_EDGE('',*,*,#5616,.F.);
#5619=ORIENTED_EDGE('',*,*,#5618,.T.);
#5620=EDGE_LOOP('',(#5614,#5615,#5617,#5619));
#5621=FACE_OUTER_BOUND('',#5620,.F.);
#5622=ADVANCED_FACE('',(#5621),#5613,.T.);
#5623=CARTESIAN_POINT('',(-4.133858267717E-2,-2.012294515138E-2,
1.096674399689E-1));
#5624=DIRECTION('',(0.E0,9.848077530122E-1,1.736481776669E-1));
#5625=DIRECTION('',(-1.E0,0.E0,0.E0));
#5626=AXIS2_PLACEMENT_3D('',#5623,#5624,#5625);
#5627=CYLINDRICAL_SURFACE('',#5626,1.968503937008E-3);
#5629=ORIENTED_EDGE('',*,*,#5628,.F.);
#5631=ORIENTED_EDGE('',*,*,#5630,.F.);
#5632=ORIENTED_EDGE('',*,*,#5616,.T.);
#5633=ORIENTED_EDGE('',*,*,#4631,.T.);
#5634=EDGE_LOOP('',(#5629,#5631,#5632,#5633));
#5635=FACE_OUTER_BOUND('',#5634,.F.);
#5636=ADVANCED_FACE('',(#5635),#5627,.T.);
#5637=CARTESIAN_POINT('',(4.666539411595E-2,-5.905511811024E-3,
1.141732283465E-1));
#5638=DIRECTION('',(0.E0,-1.736481776669E-1,9.848077530122E-1));
#5639=DIRECTION('',(-1.E0,0.E0,0.E0));
#5640=AXIS2_PLACEMENT_3D('',#5637,#5638,#5639);
#5641=PLANE('',#5640);
#5642=ORIENTED_EDGE('',*,*,#5628,.T.);
#5643=ORIENTED_EDGE('',*,*,#4629,.F.);
#5645=ORIENTED_EDGE('',*,*,#5644,.F.);
#5647=ORIENTED_EDGE('',*,*,#5646,.F.);
#5649=ORIENTED_EDGE('',*,*,#5648,.T.);
#5651=ORIENTED_EDGE('',*,*,#5650,.T.);
#5652=EDGE_LOOP('',(#5642,#5643,#5645,#5647,#5649,#5651));
#5653=FACE_OUTER_BOUND('',#5652,.F.);
#5654=ADVANCED_FACE('',(#5653),#5641,.T.);
#5655=CARTESIAN_POINT('',(4.133858267717E-2,-2.033095039749E-2,
1.096307630319E-1));
#5656=DIRECTION('',(0.E0,9.848077530122E-1,1.736481776669E-1));
#5657=DIRECTION('',(0.E0,-1.736481776669E-1,9.848077530122E-1));
#5658=AXIS2_PLACEMENT_3D('',#5655,#5656,#5657);
#5659=CYLINDRICAL_SURFACE('',#5658,1.968503937008E-3);
#5661=ORIENTED_EDGE('',*,*,#5660,.F.);
#5663=ORIENTED_EDGE('',*,*,#5662,.F.);
#5664=ORIENTED_EDGE('',*,*,#5644,.T.);
#5665=ORIENTED_EDGE('',*,*,#4627,.T.);
#5666=EDGE_LOOP('',(#5661,#5663,#5664,#5665));
#5667=FACE_OUTER_BOUND('',#5666,.F.);
#5668=ADVANCED_FACE('',(#5667),#5659,.T.);
#5669=CARTESIAN_POINT('',(4.330708661417E-2,-5.905511811024E-3,
-1.141732283465E-1));
#5670=DIRECTION('',(1.E0,0.E0,0.E0));
#5671=DIRECTION('',(0.E0,0.E0,1.E0));
#5672=AXIS2_PLACEMENT_3D('',#5669,#5670,#5671);
#5673=PLANE('',#5672);
#5675=ORIENTED_EDGE('',*,*,#5674,.F.);
#5677=ORIENTED_EDGE('',*,*,#5676,.T.);
#5678=ORIENTED_EDGE('',*,*,#5660,.T.);
#5679=ORIENTED_EDGE('',*,*,#4625,.F.);
#5680=EDGE_LOOP('',(#5675,#5677,#5678,#5679));
#5681=FACE_OUTER_BOUND('',#5680,.F.);
#5682=ADVANCED_FACE('',(#5681),#5673,.T.);
#5683=CARTESIAN_POINT('',(4.133858267717E-2,-2.012294515138E-2,
-1.096674399689E-1));
#5684=DIRECTION('',(0.E0,9.848077530122E-1,-1.736481776669E-1));
#5685=DIRECTION('',(1.E0,0.E0,0.E0));
#5686=AXIS2_PLACEMENT_3D('',#5683,#5684,#5685);
#5687=CYLINDRICAL_SURFACE('',#5686,1.968503937008E-3);
#5688=ORIENTED_EDGE('',*,*,#5589,.F.);
#5690=ORIENTED_EDGE('',*,*,#5689,.F.);
#5691=ORIENTED_EDGE('',*,*,#5674,.T.);
#5692=ORIENTED_EDGE('',*,*,#4623,.T.);
#5693=EDGE_LOOP('',(#5688,#5690,#5691,#5692));
#5694=FACE_OUTER_BOUND('',#5693,.F.);
#5695=ADVANCED_FACE('',(#5694),#5687,.T.);
#5696=CARTESIAN_POINT('',(4.317254871210E-2,-2.109314044919E-2,
-1.093848062180E-1));
#5697=CARTESIAN_POINT('',(4.320466558112E-2,-2.092028325838E-2,
-1.094152856045E-1));
#5698=CARTESIAN_POINT('',(4.326371913220E-2,-2.052942508154E-2,
-1.094842044468E-1));
#5699=CARTESIAN_POINT('',(4.330094297509E-2,-2.002817770036E-2,
-1.095725878841E-1));
#5700=CARTESIAN_POINT('',(4.330467131617E-2,-1.970161744603E-2,
-1.096301692677E-1));
#5701=CARTESIAN_POINT('',(4.330368789005E-2,-1.959434922639E-2,
-1.096490835490E-1));
#5702=CARTESIAN_POINT('',(4.324161209953E-2,-2.132368778147E-2,
-1.106195305380E-1));
#5703=CARTESIAN_POINT('',(4.327400924577E-2,-2.114932210707E-2,
-1.106502759109E-1));
#5704=CARTESIAN_POINT('',(4.333357788816E-2,-2.075505441268E-2,
-1.107197959430E-1));
#5705=CARTESIAN_POINT('',(4.337112620146E-2,-2.024943719396E-2,
-1.108089499006E-1));
#5706=CARTESIAN_POINT('',(4.337488705228E-2,-1.992003040429E-2,
-1.108670332052E-1));
#5707=CARTESIAN_POINT('',(4.337389505471E-2,-1.981182714534E-2,
-1.108861123592E-1));
#5708=CARTESIAN_POINT('',(4.236662656207E-2,-2.132047812682E-2,
-1.115233313988E-1));
#5709=CARTESIAN_POINT('',(4.239547278901E-2,-2.116522390034E-2,
-1.115507069078E-1));
#5710=CARTESIAN_POINT('',(4.244851557934E-2,-2.081415244426E-2,
-1.116126102777E-1));
#5711=CARTESIAN_POINT('',(4.248195307612E-2,-2.036389805660E-2,
-1.116920022744E-1));
#5712=CARTESIAN_POINT('',(4.248530205089E-2,-2.007055490857E-2,
-1.117437265860E-1));
#5713=CARTESIAN_POINT('',(4.248441864772E-2,-1.997419795352E-2,
-1.117607169170E-1));
#5714=CARTESIAN_POINT('',(4.113113900856E-2,-2.108565207381E-2,
-1.114934443251E-1));
#5715=CARTESIAN_POINT('',(4.115497130508E-2,-2.095738338597E-2,
-1.115160615555E-1));
#5716=CARTESIAN_POINT('',(4.119879953283E-2,-2.066730541208E-2,
-1.115672101288E-1));
#5717=CARTESIAN_POINT('',(4.122643251923E-2,-2.029522384645E-2,
-1.116328181479E-1));
#5718=CARTESIAN_POINT('',(4.122919992124E-2,-2.005280288910E-2,
-1.116755635033E-1));
#5719=CARTESIAN_POINT('',(4.122846985435E-2,-1.997317302313E-2,
-1.116896043972E-1));
#5720=(BOUNDED_SURFACE()B_SPLINE_SURFACE(3,3,((#5696,#5697,#5698,#5699,#5700,
#5701),(#5702,#5703,#5704,#5705,#5706,#5707),(#5708,#5709,#5710,#5711,#5712,
#5713),(#5714,#5715,#5716,#5717,#5718,#5719)),.UNSPECIFIED.,.F.,.F.,.F.)B_SPLINE_SURFACE_WITH_KNOTS((4,4),(4,1,1,4),(0.E0,1.E0),(3.004047802873E-1,
5.002061514797E-1,7.495238207504E-1,8.715233245166E-1),.UNSPECIFIED.)GEOMETRIC_REPRESENTATION_ITEM()RATIONAL_B_SPLINE_SURFACE(((1.200091846480E0,
1.200091846480E0,1.200091846480E0,1.200091846480E0,1.200091846480E0,
1.200091846480E0),(9.333027178401E-1,9.333027178401E-1,9.333027178401E-1,
9.333027178401E-1,9.333027178401E-1,9.333027178401E-1),(9.333027178401E-1,
9.333027178401E-1,9.333027178401E-1,9.333027178401E-1,9.333027178401E-1,
9.333027178401E-1),(1.200091846480E0,1.200091846480E0,1.200091846480E0,
1.200091846480E0,1.200091846480E0,1.200091846480E0)))REPRESENTATION_ITEM('')SURFACE());
#5722=ORIENTED_EDGE('',*,*,#5721,.T.);
#5723=ORIENTED_EDGE('',*,*,#5689,.T.);
#5724=ORIENTED_EDGE('',*,*,#5587,.F.);
#5726=ORIENTED_EDGE('',*,*,#5725,.F.);
#5727=EDGE_LOOP('',(#5722,#5723,#5724,#5726));
#5728=FACE_OUTER_BOUND('',#5727,.F.);
#5729=ADVANCED_FACE('',(#5728),#5720,.T.);
#5730=CARTESIAN_POINT('',(3.543307086614E-2,-1.968503937008E-2,
-4.260472440945E-1));
#5731=DIRECTION('',(0.E0,0.E0,1.E0));
#5732=DIRECTION('',(0.E0,-1.E0,0.E0));
#5733=AXIS2_PLACEMENT_3D('',#5730,#5731,#5732);
#5734=CYLINDRICAL_SURFACE('',#5733,7.874015748031E-3);
#5735=ORIENTED_EDGE('',*,*,#5721,.F.);
#5737=ORIENTED_EDGE('',*,*,#5736,.F.);
#5739=ORIENTED_EDGE('',*,*,#5738,.T.);
#5741=ORIENTED_EDGE('',*,*,#5740,.T.);
#5743=ORIENTED_EDGE('',*,*,#5742,.T.);
#5744=ORIENTED_EDGE('',*,*,#5676,.F.);
#5745=EDGE_LOOP('',(#5735,#5737,#5739,#5741,#5743,#5744));
#5746=FACE_OUTER_BOUND('',#5745,.F.);
#5747=ADVANCED_FACE('',(#5746),#5734,.T.);
#5748=CARTESIAN_POINT('',(3.541453730559E-2,-2.755649325771E-2,
-1.035980387841E-1));
#5749=CARTESIAN_POINT('',(3.544665069522E-2,-2.755651197272E-2,
-1.036221322464E-1));
#5750=CARTESIAN_POINT('',(3.619862009825E-2,-2.755251691658E-2,
-1.041863279556E-1));
#5751=CARTESIAN_POINT('',(3.761849519549E-2,-2.734587704851E-2,
-1.052528291572E-1));
#5752=CARTESIAN_POINT('',(3.952816030850E-2,-2.651093929630E-2,
-1.066905081385E-1));
#5753=CARTESIAN_POINT('',(4.109087067839E-2,-2.527022930127E-2,
-1.078694930854E-1));
#5754=CARTESIAN_POINT('',(4.223990151486E-2,-2.377471483042E-2,
-1.087379972854E-1));
#5755=CARTESIAN_POINT('',(4.291256307425E-2,-2.228653006852E-2,
-1.092470995424E-1));
#5756=CARTESIAN_POINT('',(4.314503532287E-2,-2.130796061614E-2,
-1.094232004555E-1));
#5757=CARTESIAN_POINT('',(4.320771882081E-2,-2.091156751545E-2,
-1.094706626513E-1));
#5758=CARTESIAN_POINT('',(3.454603955785E-2,-2.761453340046E-2,
-1.044658264964E-1));
#5759=CARTESIAN_POINT('',(3.457837726521E-2,-2.761809450102E-2,
-1.044898891186E-1));
#5760=CARTESIAN_POINT('',(3.533632109584E-2,-2.769702383041E-2,
-1.050536639751E-1));
#5761=CARTESIAN_POINT('',(3.680056466171E-2,-2.764563173579E-2,
-1.061309856616E-1));
#5762=CARTESIAN_POINT('',(3.886103511303E-2,-2.699038576584E-2,
-1.076148792317E-1));
#5763=CARTESIAN_POINT('',(4.063204576930E-2,-2.583873676113E-2,
-1.088673328414E-1));
#5764=CARTESIAN_POINT('',(4.200676561265E-2,-2.431569382212E-2,
-1.098261627087E-1));
#5765=CARTESIAN_POINT('',(4.285774091651E-2,-2.268836692482E-2,
-1.104153453940E-1));
#5766=CARTESIAN_POINT('',(4.316273722385E-2,-2.156927759824E-2,
-1.106255648166E-1));
#5767=CARTESIAN_POINT('',(4.324527105524E-2,-2.111143694366E-2,
-1.106826868358E-1));
#5768=CARTESIAN_POINT('',(3.393279158681E-2,-2.675111658751E-2,
-1.050896370119E-1));
#5769=CARTESIAN_POINT('',(3.396159795269E-2,-2.675718550967E-2,
-1.051136774645E-1));
#5770=CARTESIAN_POINT('',(3.463736306747E-2,-2.689533035036E-2,
-1.056771497904E-1));
#5771=CARTESIAN_POINT('',(3.596988036464E-2,-2.697768556384E-2,
-1.067622497989E-1));
#5772=CARTESIAN_POINT('',(3.791775703852E-2,-2.654570712219E-2,
-1.082793647964E-1));
#5773=CARTESIAN_POINT('',(3.965678221307E-2,-2.559973778693E-2,
-1.095846314660E-1));
#5774=CARTESIAN_POINT('',(4.105937505617E-2,-2.422904520393E-2,
-1.106083920765E-1));
#5775=CARTESIAN_POINT('',(4.195939698654E-2,-2.267414204110E-2,
-1.112551406993E-1));
#5776=CARTESIAN_POINT('',(4.228906617143E-2,-2.156793823829E-2,
-1.114898862643E-1));
#5777=CARTESIAN_POINT('',(4.237846181963E-2,-2.111210983506E-2,
-1.115539522623E-1));
#5778=CARTESIAN_POINT('',(3.397008011110E-2,-2.552278310099E-2,
-1.050673752182E-1));
#5779=CARTESIAN_POINT('',(3.399387570461E-2,-2.552870879183E-2,
-1.050914164620E-1));
#5780=CARTESIAN_POINT('',(3.455227962849E-2,-2.566419119891E-2,
-1.056548995842E-1));
#5781=CARTESIAN_POINT('',(3.566188389648E-2,-2.577258255891E-2,
-1.067397220094E-1));
#5782=CARTESIAN_POINT('',(3.730634325329E-2,-2.546353384797E-2,
-1.082556514409E-1));
#5783=CARTESIAN_POINT('',(3.879371434549E-2,-2.470728608082E-2,
-1.095590333820E-1));
#5784=CARTESIAN_POINT('',(4.000839783295E-2,-2.357062084912E-2,
-1.105804768229E-1));
#5785=CARTESIAN_POINT('',(4.079658485005E-2,-2.225302447762E-2,
-1.112251711022E-1));
#5786=CARTESIAN_POINT('',(4.108717211440E-2,-2.130480585950E-2,
-1.114590414080E-1));
#5787=CARTESIAN_POINT('',(4.116601808023E-2,-2.091315245804E-2,
-1.115228595977E-1));
#5788=(BOUNDED_SURFACE()B_SPLINE_SURFACE(3,3,((#5748,#5749,#5750,#5751,#5752,
#5753,#5754,#5755,#5756,#5757),(#5758,#5759,#5760,#5761,#5762,#5763,#5764,#5765,
#5766,#5767),(#5768,#5769,#5770,#5771,#5772,#5773,#5774,#5775,#5776,#5777),(
#5778,#5779,#5780,#5781,#5782,#5783,#5784,#5785,#5786,#5787)),.UNSPECIFIED.,.F.,
.F.,.F.)B_SPLINE_SURFACE_WITH_KNOTS((4,4),(4,1,1,1,1,1,1,4),(0.E0,1.E0),(
-9.175253079774E-3,0.E0,2.057837735801E-1,4.018807882741E-1,5.780096930793E-1,
7.336154726476E-1,8.720565084145E-1,9.636036843957E-1),.UNSPECIFIED.)GEOMETRIC_REPRESENTATION_ITEM()RATIONAL_B_SPLINE_SURFACE(((1.192100756349E0,
1.192100756349E0,1.192100756349E0,1.192100756349E0,1.192100756349E0,
1.192100756349E0,1.192100756349E0,1.192100756349E0,1.192100756349E0,
1.192100756349E0),(9.359664145504E-1,9.359664145504E-1,9.359664145504E-1,
9.359664145504E-1,9.359664145504E-1,9.359664145504E-1,9.359664145504E-1,
9.359664145504E-1,9.359664145504E-1,9.359664145504E-1),(9.359664145504E-1,
9.359664145504E-1,9.359664145504E-1,9.359664145504E-1,9.359664145504E-1,
9.359664145504E-1,9.359664145504E-1,9.359664145504E-1,9.359664145504E-1,
9.359664145504E-1),(1.192100756349E0,1.192100756349E0,1.192100756349E0,
1.192100756349E0,1.192100756349E0,1.192100756349E0,1.192100756349E0,
1.192100756349E0,1.192100756349E0,1.192100756349E0)))REPRESENTATION_ITEM('')SURFACE());
#5789=ORIENTED_EDGE('',*,*,#5736,.T.);
#5790=ORIENTED_EDGE('',*,*,#5725,.T.);
#5792=ORIENTED_EDGE('',*,*,#5791,.F.);
#5793=EDGE_LOOP('',(#5789,#5790,#5792));
#5794=FACE_OUTER_BOUND('',#5793,.F.);
#5795=ADVANCED_FACE('',(#5794),#5788,.T.);
#5796=CARTESIAN_POINT('',(-1.704188976378E-1,-1.968503937008E-2,
-1.037480407234E-1));
#5797=DIRECTION('',(1.E0,0.E0,0.E0));
#5798=DIRECTION('',(0.E0,-1.E0,0.E0));
#5799=AXIS2_PLACEMENT_3D('',#5796,#5797,#5798);
#5800=CYLINDRICAL_SURFACE('',#5799,7.874015748031E-3);
#5802=ORIENTED_EDGE('',*,*,#5801,.F.);
#5804=ORIENTED_EDGE('',*,*,#5803,.T.);
#5805=ORIENTED_EDGE('',*,*,#5791,.T.);
#5806=ORIENTED_EDGE('',*,*,#5585,.F.);
#5807=EDGE_LOOP('',(#5802,#5804,#5805,#5806));
#5808=FACE_OUTER_BOUND('',#5807,.F.);
#5809=ADVANCED_FACE('',(#5808),#5800,.T.);
#5810=CARTESIAN_POINT('',(-3.528301625752E-2,-2.755648575956E-2,
-1.037294161734E-1));
#5811=CARTESIAN_POINT('',(-3.530712999611E-2,-2.755650779060E-2,
-1.037615566689E-1));
#5812=CARTESIAN_POINT('',(-3.586177713359E-2,-2.755264650093E-2,
-1.045008011221E-1));
#5813=CARTESIAN_POINT('',(-3.691046732781E-2,-2.735272111550E-2,
-1.058969904668E-1));
#5814=CARTESIAN_POINT('',(-3.832703786729E-2,-2.654558531882E-2,
-1.077787342763E-1));
#5815=CARTESIAN_POINT('',(-3.949608609884E-2,-2.534397677872E-2,
-1.093284238811E-1));
#5816=CARTESIAN_POINT('',(-4.036744266245E-2,-2.389060206792E-2,
-1.104813671529E-1));
#5817=CARTESIAN_POINT('',(-4.090849358893E-2,-2.238619624080E-2,
-1.111962977975E-1));
#5818=CARTESIAN_POINT('',(-4.110173577371E-2,-2.136280576895E-2,
-1.114514251657E-1));
#5819=CARTESIAN_POINT('',(-4.115575212730E-2,-2.091167294675E-2,
-1.115227604536E-1));
#5820=CARTESIAN_POINT('',(-3.615081689106E-2,-2.761450988755E-2,
-1.028609050941E-1));
#5821=CARTESIAN_POINT('',(-3.617490010275E-2,-2.761807737301E-2,
-1.028932696547E-1));
#5822=CARTESIAN_POINT('',(-3.672914008182E-2,-2.769573902519E-2,
-1.036383790431E-1));
#5823=CARTESIAN_POINT('',(-3.778828136951E-2,-2.764849257953E-2,
-1.050776481351E-1));
#5824=CARTESIAN_POINT('',(-3.924947038446E-2,-2.701945502346E-2,
-1.071054630309E-1));
#5825=CARTESIAN_POINT('',(-4.048949407778E-2,-2.590971640924E-2,
-1.088575354205E-1));
#5826=CARTESIAN_POINT('',(-4.144871790474E-2,-2.443711055033E-2,
-1.102316978646E-1));
#5827=CARTESIAN_POINT('',(-4.207214207120E-2,-2.280091908563E-2,
-1.111318685088E-1));
#5828=CARTESIAN_POINT('',(-4.230288405753E-2,-2.163266552950E-2,
-1.114663642605E-1));
#5829=CARTESIAN_POINT('',(-4.236786065053E-2,-2.111159794957E-2,
-1.115602953965E-1));
#5830=CARTESIAN_POINT('',(-3.677462654893E-2,-2.675105978128E-2,
-1.022476674022E-1));
#5831=CARTESIAN_POINT('',(-3.679868781667E-2,-2.675713684404E-2,
-1.022764972345E-1));
#5832=CARTESIAN_POINT('',(-3.735263511406E-2,-2.689300478280E-2,
-1.029408104561E-1));
#5833=CARTESIAN_POINT('',(-3.841928906398E-2,-2.697691284165E-2,
-1.042501575851E-1));
#5834=CARTESIAN_POINT('',(-3.991255161615E-2,-2.656681925078E-2,
-1.061652259267E-1));
#5835=CARTESIAN_POINT('',(-4.120359529818E-2,-2.566025969158E-2,
-1.078826097173E-1));
#5836=CARTESIAN_POINT('',(-4.222598161358E-2,-2.434104513681E-2,
-1.092810228486E-1));
#5837=CARTESIAN_POINT('',(-4.290861894567E-2,-2.278435955385E-2,
-1.102302864494E-1));
#5838=CARTESIAN_POINT('',(-4.316631728289E-2,-2.163106911341E-2,
-1.105916996986E-1));
#5839=CARTESIAN_POINT('',(-4.323917253248E-2,-2.111229252316E-2,
-1.106934433434E-1));
#5840=CARTESIAN_POINT('',(-3.675234145172E-2,-2.552270994499E-2,
-1.022849922545E-1));
#5841=CARTESIAN_POINT('',(-3.677640350339E-2,-2.552864305020E-2,
-1.023088070286E-1));
#5842=CARTESIAN_POINT('',(-3.733036125659E-2,-2.566188121425E-2,
-1.028577436820E-1));
#5843=CARTESIAN_POINT('',(-3.839674682271E-2,-2.577087797421E-2,
-1.039479140173E-1));
#5844=CARTESIAN_POINT('',(-3.988886357362E-2,-2.547944417113E-2,
-1.055640938835E-1));
#5845=CARTESIAN_POINT('',(-4.117808460767E-2,-2.475640485595E-2,
-1.070320777437E-1));
#5846=CARTESIAN_POINT('',(-4.219821449408E-2,-2.366432898830E-2,
-1.082421412371E-1));
#5847=CARTESIAN_POINT('',(-4.287873648356E-2,-2.234719181542E-2,
-1.090727057405E-1));
#5848=CARTESIAN_POINT('',(-4.313547182688E-2,-2.135904556046E-2,
-1.093912347517E-1));
#5849=CARTESIAN_POINT('',(-4.320804561781E-2,-2.091330894976E-2,
-1.094809716720E-1));
#5850=(BOUNDED_SURFACE()B_SPLINE_SURFACE(3,3,((#5810,#5811,#5812,#5813,#5814,
#5815,#5816,#5817,#5818,#5819),(#5820,#5821,#5822,#5823,#5824,#5825,#5826,#5827,
#5828,#5829),(#5830,#5831,#5832,#5833,#5834,#5835,#5836,#5837,#5838,#5839),(
#5840,#5841,#5842,#5843,#5844,#5845,#5846,#5847,#5848,#5849)),.UNSPECIFIED.,.F.,
.F.,.F.)B_SPLINE_SURFACE_WITH_KNOTS((4,4),(4,1,1,1,1,1,1,4),(0.E0,1.E0),(
-9.322486505130E-3,0.E0,2.052069294299E-1,4.008317538402E-1,5.770822139848E-1,
7.331695579616E-1,8.722137444620E-1,9.780298044583E-1),.UNSPECIFIED.)GEOMETRIC_REPRESENTATION_ITEM()RATIONAL_B_SPLINE_SURFACE(((1.192106007417E0,
1.192106007417E0,1.192106007417E0,1.192106007417E0,1.192106007417E0,
1.192106007417E0,1.192106007417E0,1.192106007417E0,1.192106007417E0,
1.192106007417E0),(9.359646641944E-1,9.359646641944E-1,9.359646641944E-1,
9.359646641944E-1,9.359646641944E-1,9.359646641944E-1,9.359646641944E-1,
9.359646641944E-1,9.359646641944E-1,9.359646641944E-1),(9.359646641944E-1,
9.359646641944E-1,9.359646641944E-1,9.359646641944E-1,9.359646641944E-1,
9.359646641944E-1,9.359646641944E-1,9.359646641944E-1,9.359646641944E-1,
9.359646641944E-1),(1.192106007417E0,1.192106007417E0,1.192106007417E0,
1.192106007417E0,1.192106007417E0,1.192106007417E0,1.192106007417E0,
1.192106007417E0,1.192106007417E0,1.192106007417E0)))REPRESENTATION_ITEM('')SURFACE());
#5851=ORIENTED_EDGE('',*,*,#5801,.T.);
#5853=ORIENTED_EDGE('',*,*,#5852,.T.);
#5855=ORIENTED_EDGE('',*,*,#5854,.F.);
#5856=EDGE_LOOP('',(#5851,#5853,#5855));
#5857=FACE_OUTER_BOUND('',#5856,.F.);
#5858=ADVANCED_FACE('',(#5857),#5850,.T.);
#5859=CARTESIAN_POINT('',(-4.113113234498E-2,-2.108565850991E-2,
-1.114934431592E-1));
#5860=CARTESIAN_POINT('',(-4.114653130686E-2,-2.100278389140E-2,
-1.115080561904E-1));
#5861=CARTESIAN_POINT('',(-4.119401435735E-2,-2.071212608046E-2,
-1.115593070046E-1));
#5862=CARTESIAN_POINT('',(-4.122598394962E-2,-2.034022313712E-2,
-1.116248835278E-1));
#5863=CARTESIAN_POINT('',(-4.122918652596E-2,-2.005162715104E-2,
-1.116757707866E-1));
#5864=CARTESIAN_POINT('',(-4.122846641267E-2,-1.997316685975E-2,
-1.116896054529E-1));
#5865=CARTESIAN_POINT('',(-4.236661910647E-2,-2.132048615786E-2,
-1.115233303231E-1));
#5866=CARTESIAN_POINT('',(-4.238525769014E-2,-2.122017610408E-2,
-1.115410176920E-1));
#5867=CARTESIAN_POINT('',(-4.244272586208E-2,-2.086839061420E-2,
-1.116030469653E-1));
#5868=CARTESIAN_POINT('',(-4.248141051286E-2,-2.041834985997E-2,
-1.116824012927E-1));
#5869=CARTESIAN_POINT('',(-4.248528628144E-2,-2.006913225296E-2,
-1.117439777789E-1));
#5870=CARTESIAN_POINT('',(-4.248441496705E-2,-1.997419054721E-2,
-1.117607185633E-1));
#5871=CARTESIAN_POINT('',(-4.324160420931E-2,-2.132369690431E-2,
-1.106195291788E-1));
#5872=CARTESIAN_POINT('',(-4.326253712820E-2,-2.121103888647E-2,
-1.106393938270E-1));
#5873=CARTESIAN_POINT('',(-4.332707687128E-2,-2.081596211245E-2,
-1.107090565217E-1));
#5874=CARTESIAN_POINT('',(-4.337051719922E-2,-2.031058331444E-2,
-1.107981684393E-1));
#5875=CARTESIAN_POINT('',(-4.337486972983E-2,-1.991843281904E-2,
-1.108673151521E-1));
#5876=CARTESIAN_POINT('',(-4.337389133318E-2,-1.981181879710E-2,
-1.108861140807E-1));
#5877=CARTESIAN_POINT('',(-4.317254083934E-2,-2.109314943181E-2,
-1.093848045925E-1));
#5878=CARTESIAN_POINT('',(-4.319329266426E-2,-2.098146605E-2,
-1.094044973860E-1));
#5879=CARTESIAN_POINT('',(-4.325727424179E-2,-2.058980629641E-2,
-1.094735575679E-1));
#5880=CARTESIAN_POINT('',(-4.330033919981E-2,-2.008879538053E-2,
-1.095618993100E-1));
#5881=CARTESIAN_POINT('',(-4.330465409916E-2,-1.970003361706E-2,
-1.096304484979E-1));
#5882=CARTESIAN_POINT('',(-4.330368415461E-2,-1.959434090165E-2,
-1.096490849753E-1));
#5883=(BOUNDED_SURFACE()B_SPLINE_SURFACE(3,3,((#5859,#5860,#5861,#5862,#5863,
#5864),(#5865,#5866,#5867,#5868,#5869,#5870),(#5871,#5872,#5873,#5874,#5875,
#5876),(#5877,#5878,#5879,#5880,#5881,#5882)),.UNSPECIFIED.,.F.,.F.,.F.)B_SPLINE_SURFACE_WITH_KNOTS((4,4),(4,1,1,4),(0.E0,1.E0),(2.004367660092E-1,
3.338035463784E-1,6.663113335006E-1,7.905005844815E-1),.UNSPECIFIED.)GEOMETRIC_REPRESENTATION_ITEM()RATIONAL_B_SPLINE_SURFACE(((1.200091926796E0,
1.200091926796E0,1.200091926796E0,1.200091926796E0,1.200091926796E0,
1.200091926796E0),(9.333026910681E-1,9.333026910681E-1,9.333026910681E-1,
9.333026910681E-1,9.333026910681E-1,9.333026910681E-1),(9.333026910681E-1,
9.333026910681E-1,9.333026910681E-1,9.333026910681E-1,9.333026910681E-1,
9.333026910681E-1),(1.200091926796E0,1.200091926796E0,1.200091926796E0,
1.200091926796E0,1.200091926796E0,1.200091926796E0)))REPRESENTATION_ITEM('')SURFACE());
#5884=ORIENTED_EDGE('',*,*,#5583,.T.);
#5885=ORIENTED_EDGE('',*,*,#5602,.T.);
#5887=ORIENTED_EDGE('',*,*,#5886,.F.);
#5888=ORIENTED_EDGE('',*,*,#5852,.F.);
#5889=EDGE_LOOP('',(#5884,#5885,#5887,#5888));
#5890=FACE_OUTER_BOUND('',#5889,.F.);
#5891=ADVANCED_FACE('',(#5890),#5883,.T.);
#5892=CARTESIAN_POINT('',(-3.543307086614E-2,-1.968503937008E-2,
4.260472440945E-1));
#5893=DIRECTION('',(0.E0,0.E0,-1.E0));
#5894=DIRECTION('',(0.E0,-1.E0,0.E0));
#5895=AXIS2_PLACEMENT_3D('',#5892,#5893,#5894);
#5896=CYLINDRICAL_SURFACE('',#5895,7.874015748031E-3);
#5897=ORIENTED_EDGE('',*,*,#5886,.T.);
#5898=ORIENTED_EDGE('',*,*,#5618,.F.);
#5900=ORIENTED_EDGE('',*,*,#5899,.F.);
#5902=ORIENTED_EDGE('',*,*,#5901,.F.);
#5904=ORIENTED_EDGE('',*,*,#5903,.T.);
#5905=ORIENTED_EDGE('',*,*,#5854,.T.);
#5906=EDGE_LOOP('',(#5897,#5898,#5900,#5902,#5904,#5905));
#5907=FACE_OUTER_BOUND('',#5906,.F.);
#5908=ADVANCED_FACE('',(#5907),#5896,.T.);
#5909=CARTESIAN_POINT('',(-4.317254871210E-2,-2.109314044919E-2,
1.093848062180E-1));
#5910=CARTESIAN_POINT('',(-4.320466558112E-2,-2.092028325838E-2,
1.094152856045E-1));
#5911=CARTESIAN_POINT('',(-4.326371913220E-2,-2.052942508154E-2,
1.094842044468E-1));
#5912=CARTESIAN_POINT('',(-4.330094297509E-2,-2.002817770036E-2,
1.095725878841E-1));
#5913=CARTESIAN_POINT('',(-4.330467131617E-2,-1.970161744603E-2,
1.096301692677E-1));
#5914=CARTESIAN_POINT('',(-4.330368789005E-2,-1.959434922639E-2,
1.096490835490E-1));
#5915=CARTESIAN_POINT('',(-4.324161209953E-2,-2.132368778147E-2,
1.106195305380E-1));
#5916=CARTESIAN_POINT('',(-4.327400924577E-2,-2.114932210707E-2,
1.106502759109E-1));
#5917=CARTESIAN_POINT('',(-4.333357788816E-2,-2.075505441268E-2,
1.107197959430E-1));
#5918=CARTESIAN_POINT('',(-4.337112620146E-2,-2.024943719396E-2,
1.108089499006E-1));
#5919=CARTESIAN_POINT('',(-4.337488705228E-2,-1.992003040429E-2,
1.108670332052E-1));
#5920=CARTESIAN_POINT('',(-4.337389505471E-2,-1.981182714534E-2,
1.108861123592E-1));
#5921=CARTESIAN_POINT('',(-4.236662656207E-2,-2.132047812682E-2,
1.115233313988E-1));
#5922=CARTESIAN_POINT('',(-4.239547278901E-2,-2.116522390034E-2,
1.115507069078E-1));
#5923=CARTESIAN_POINT('',(-4.244851557934E-2,-2.081415244426E-2,
1.116126102777E-1));
#5924=CARTESIAN_POINT('',(-4.248195307612E-2,-2.036389805660E-2,
1.116920022744E-1));
#5925=CARTESIAN_POINT('',(-4.248530205089E-2,-2.007055490857E-2,
1.117437265860E-1));
#5926=CARTESIAN_POINT('',(-4.248441864772E-2,-1.997419795352E-2,
1.117607169170E-1));
#5927=CARTESIAN_POINT('',(-4.113113900856E-2,-2.108565207381E-2,
1.114934443251E-1));
#5928=CARTESIAN_POINT('',(-4.115497130508E-2,-2.095738338597E-2,
1.115160615555E-1));
#5929=CARTESIAN_POINT('',(-4.119879953283E-2,-2.066730541208E-2,
1.115672101288E-1));
#5930=CARTESIAN_POINT('',(-4.122643251923E-2,-2.029522384645E-2,
1.116328181479E-1));
#5931=CARTESIAN_POINT('',(-4.122919992124E-2,-2.005280288910E-2,
1.116755635033E-1));
#5932=CARTESIAN_POINT('',(-4.122846985435E-2,-1.997317302313E-2,
1.116896043972E-1));
#5933=(BOUNDED_SURFACE()B_SPLINE_SURFACE(3,3,((#5909,#5910,#5911,#5912,#5913,
#5914),(#5915,#5916,#5917,#5918,#5919,#5920),(#5921,#5922,#5923,#5924,#5925,
#5926),(#5927,#5928,#5929,#5930,#5931,#5932)),.UNSPECIFIED.,.F.,.F.,.F.)B_SPLINE_SURFACE_WITH_KNOTS((4,4),(4,1,1,4),(0.E0,1.E0),(3.004047802873E-1,
5.002061514797E-1,7.495238207504E-1,8.715233245166E-1),.UNSPECIFIED.)GEOMETRIC_REPRESENTATION_ITEM()RATIONAL_B_SPLINE_SURFACE(((1.200091846480E0,
1.200091846480E0,1.200091846480E0,1.200091846480E0,1.200091846480E0,
1.200091846480E0),(9.333027178401E-1,9.333027178401E-1,9.333027178401E-1,
9.333027178401E-1,9.333027178401E-1,9.333027178401E-1),(9.333027178401E-1,
9.333027178401E-1,9.333027178401E-1,9.333027178401E-1,9.333027178401E-1,
9.333027178401E-1),(1.200091846480E0,1.200091846480E0,1.200091846480E0,
1.200091846480E0,1.200091846480E0,1.200091846480E0)))REPRESENTATION_ITEM('')SURFACE());
#5934=ORIENTED_EDGE('',*,*,#5899,.T.);
#5935=ORIENTED_EDGE('',*,*,#5630,.T.);
#5936=ORIENTED_EDGE('',*,*,#5650,.F.);
#5938=ORIENTED_EDGE('',*,*,#5937,.F.);
#5939=EDGE_LOOP('',(#5934,#5935,#5936,#5938));
#5940=FACE_OUTER_BOUND('',#5939,.F.);
#5941=ADVANCED_FACE('',(#5940),#5933,.T.);
#5942=CARTESIAN_POINT('',(-3.541453730559E-2,-2.755649325771E-2,
1.035980387841E-1));
#5943=CARTESIAN_POINT('',(-3.544665069522E-2,-2.755651197272E-2,
1.036221322464E-1));
#5944=CARTESIAN_POINT('',(-3.619862009825E-2,-2.755251691658E-2,
1.041863279556E-1));
#5945=CARTESIAN_POINT('',(-3.761849519549E-2,-2.734587704851E-2,
1.052528291572E-1));
#5946=CARTESIAN_POINT('',(-3.952816030850E-2,-2.651093929630E-2,
1.066905081385E-1));
#5947=CARTESIAN_POINT('',(-4.109087067839E-2,-2.527022930127E-2,
1.078694930854E-1));
#5948=CARTESIAN_POINT('',(-4.223990151486E-2,-2.377471483042E-2,
1.087379972854E-1));
#5949=CARTESIAN_POINT('',(-4.291256307425E-2,-2.228653006852E-2,
1.092470995424E-1));
#5950=CARTESIAN_POINT('',(-4.314503532287E-2,-2.130796061614E-2,
1.094232004555E-1));
#5951=CARTESIAN_POINT('',(-4.320771882081E-2,-2.091156751545E-2,
1.094706626513E-1));
#5952=CARTESIAN_POINT('',(-3.454603955785E-2,-2.761453340046E-2,
1.044658264964E-1));
#5953=CARTESIAN_POINT('',(-3.457837726521E-2,-2.761809450102E-2,
1.044898891186E-1));
#5954=CARTESIAN_POINT('',(-3.533632109584E-2,-2.769702383041E-2,
1.050536639751E-1));
#5955=CARTESIAN_POINT('',(-3.680056466171E-2,-2.764563173579E-2,
1.061309856616E-1));
#5956=CARTESIAN_POINT('',(-3.886103511303E-2,-2.699038576584E-2,
1.076148792317E-1));
#5957=CARTESIAN_POINT('',(-4.063204576930E-2,-2.583873676113E-2,
1.088673328414E-1));
#5958=CARTESIAN_POINT('',(-4.200676561265E-2,-2.431569382212E-2,
1.098261627087E-1));
#5959=CARTESIAN_POINT('',(-4.285774091651E-2,-2.268836692482E-2,
1.104153453940E-1));
#5960=CARTESIAN_POINT('',(-4.316273722385E-2,-2.156927759824E-2,
1.106255648166E-1));
#5961=CARTESIAN_POINT('',(-4.324527105524E-2,-2.111143694366E-2,
1.106826868358E-1));
#5962=CARTESIAN_POINT('',(-3.393279158681E-2,-2.675111658751E-2,
1.050896370119E-1));
#5963=CARTESIAN_POINT('',(-3.396159795269E-2,-2.675718550967E-2,
1.051136774645E-1));
#5964=CARTESIAN_POINT('',(-3.463736306747E-2,-2.689533035036E-2,
1.056771497904E-1));
#5965=CARTESIAN_POINT('',(-3.596988036464E-2,-2.697768556384E-2,
1.067622497989E-1));
#5966=CARTESIAN_POINT('',(-3.791775703852E-2,-2.654570712219E-2,
1.082793647964E-1));
#5967=CARTESIAN_POINT('',(-3.965678221307E-2,-2.559973778693E-2,
1.095846314660E-1));
#5968=CARTESIAN_POINT('',(-4.105937505617E-2,-2.422904520393E-2,
1.106083920765E-1));
#5969=CARTESIAN_POINT('',(-4.195939698654E-2,-2.267414204110E-2,
1.112551406993E-1));
#5970=CARTESIAN_POINT('',(-4.228906617143E-2,-2.156793823829E-2,
1.114898862643E-1));
#5971=CARTESIAN_POINT('',(-4.237846181963E-2,-2.111210983506E-2,
1.115539522623E-1));
#5972=CARTESIAN_POINT('',(-3.397008011110E-2,-2.552278310099E-2,
1.050673752182E-1));
#5973=CARTESIAN_POINT('',(-3.399387570461E-2,-2.552870879183E-2,
1.050914164620E-1));
#5974=CARTESIAN_POINT('',(-3.455227962849E-2,-2.566419119891E-2,
1.056548995842E-1));
#5975=CARTESIAN_POINT('',(-3.566188389648E-2,-2.577258255891E-2,
1.067397220094E-1));
#5976=CARTESIAN_POINT('',(-3.730634325329E-2,-2.546353384797E-2,
1.082556514409E-1));
#5977=CARTESIAN_POINT('',(-3.879371434549E-2,-2.470728608082E-2,
1.095590333820E-1));
#5978=CARTESIAN_POINT('',(-4.000839783295E-2,-2.357062084912E-2,
1.105804768229E-1));
#5979=CARTESIAN_POINT('',(-4.079658485005E-2,-2.225302447762E-2,
1.112251711022E-1));
#5980=CARTESIAN_POINT('',(-4.108717211440E-2,-2.130480585950E-2,
1.114590414080E-1));
#5981=CARTESIAN_POINT('',(-4.116601808023E-2,-2.091315245804E-2,
1.115228595977E-1));
#5982=(BOUNDED_SURFACE()B_SPLINE_SURFACE(3,3,((#5942,#5943,#5944,#5945,#5946,
#5947,#5948,#5949,#5950,#5951),(#5952,#5953,#5954,#5955,#5956,#5957,#5958,#5959,
#5960,#5961),(#5962,#5963,#5964,#5965,#5966,#5967,#5968,#5969,#5970,#5971),(
#5972,#5973,#5974,#5975,#5976,#5977,#5978,#5979,#5980,#5981)),.UNSPECIFIED.,.F.,
.F.,.F.)B_SPLINE_SURFACE_WITH_KNOTS((4,4),(4,1,1,1,1,1,1,4),(0.E0,1.E0),(
-9.175253079774E-3,0.E0,2.057837735801E-1,4.018807882741E-1,5.780096930793E-1,
7.336154726476E-1,8.720565084145E-1,9.636036843957E-1),.UNSPECIFIED.)GEOMETRIC_REPRESENTATION_ITEM()RATIONAL_B_SPLINE_SURFACE(((1.192100756349E0,
1.192100756349E0,1.192100756349E0,1.192100756349E0,1.192100756349E0,
1.192100756349E0,1.192100756349E0,1.192100756349E0,1.192100756349E0,
1.192100756349E0),(9.359664145504E-1,9.359664145504E-1,9.359664145504E-1,
9.359664145504E-1,9.359664145504E-1,9.359664145504E-1,9.359664145504E-1,
9.359664145504E-1,9.359664145504E-1,9.359664145504E-1),(9.359664145504E-1,
9.359664145504E-1,9.359664145504E-1,9.359664145504E-1,9.359664145504E-1,
9.359664145504E-1,9.359664145504E-1,9.359664145504E-1,9.359664145504E-1,
9.359664145504E-1),(1.192100756349E0,1.192100756349E0,1.192100756349E0,
1.192100756349E0,1.192100756349E0,1.192100756349E0,1.192100756349E0,
1.192100756349E0,1.192100756349E0,1.192100756349E0)))REPRESENTATION_ITEM('')SURFACE());
#5983=ORIENTED_EDGE('',*,*,#5901,.T.);
#5984=ORIENTED_EDGE('',*,*,#5937,.T.);
#5986=ORIENTED_EDGE('',*,*,#5985,.F.);
#5987=EDGE_LOOP('',(#5983,#5984,#5986));
#5988=FACE_OUTER_BOUND('',#5987,.F.);
#5989=ADVANCED_FACE('',(#5988),#5982,.T.);
#5990=CARTESIAN_POINT('',(1.704188976378E-1,-1.968503937008E-2,
1.037480407234E-1));
#5991=DIRECTION('',(-1.E0,0.E0,0.E0));
#5992=DIRECTION('',(0.E0,-1.E0,0.E0));
#5993=AXIS2_PLACEMENT_3D('',#5990,#5991,#5992);
#5994=CYLINDRICAL_SURFACE('',#5993,7.874015748031E-3);
#5995=ORIENTED_EDGE('',*,*,#5985,.T.);
#5996=ORIENTED_EDGE('',*,*,#5648,.F.);
#5998=ORIENTED_EDGE('',*,*,#5997,.F.);
#6000=ORIENTED_EDGE('',*,*,#5999,.T.);
#6001=EDGE_LOOP('',(#5995,#5996,#5998,#6000));
#6002=FACE_OUTER_BOUND('',#6001,.F.);
#6003=ADVANCED_FACE('',(#6002),#5994,.T.);
#6004=CARTESIAN_POINT('',(3.528301625752E-2,-2.755648575956E-2,
1.037294161734E-1));
#6005=CARTESIAN_POINT('',(3.530712999611E-2,-2.755650779060E-2,
1.037615566689E-1));
#6006=CARTESIAN_POINT('',(3.586177713359E-2,-2.755264650093E-2,
1.045008011221E-1));
#6007=CARTESIAN_POINT('',(3.691046732781E-2,-2.735272111550E-2,
1.058969904668E-1));
#6008=CARTESIAN_POINT('',(3.832703786729E-2,-2.654558531882E-2,
1.077787342763E-1));
#6009=CARTESIAN_POINT('',(3.949608609884E-2,-2.534397677872E-2,
1.093284238811E-1));
#6010=CARTESIAN_POINT('',(4.036744266245E-2,-2.389060206792E-2,
1.104813671529E-1));
#6011=CARTESIAN_POINT('',(4.090849358893E-2,-2.238619624080E-2,
1.111962977975E-1));
#6012=CARTESIAN_POINT('',(4.110173577371E-2,-2.136280576895E-2,
1.114514251657E-1));
#6013=CARTESIAN_POINT('',(4.115575212730E-2,-2.091167294675E-2,
1.115227604536E-1));
#6014=CARTESIAN_POINT('',(3.615081689106E-2,-2.761450988755E-2,
1.028609050941E-1));
#6015=CARTESIAN_POINT('',(3.617490010275E-2,-2.761807737301E-2,
1.028932696547E-1));
#6016=CARTESIAN_POINT('',(3.672914008182E-2,-2.769573902519E-2,
1.036383790431E-1));
#6017=CARTESIAN_POINT('',(3.778828136951E-2,-2.764849257953E-2,
1.050776481351E-1));
#6018=CARTESIAN_POINT('',(3.924947038446E-2,-2.701945502346E-2,
1.071054630309E-1));
#6019=CARTESIAN_POINT('',(4.048949407778E-2,-2.590971640924E-2,
1.088575354205E-1));
#6020=CARTESIAN_POINT('',(4.144871790474E-2,-2.443711055033E-2,
1.102316978646E-1));
#6021=CARTESIAN_POINT('',(4.207214207120E-2,-2.280091908563E-2,
1.111318685088E-1));
#6022=CARTESIAN_POINT('',(4.230288405753E-2,-2.163266552950E-2,
1.114663642605E-1));
#6023=CARTESIAN_POINT('',(4.236786065053E-2,-2.111159794957E-2,
1.115602953965E-1));
#6024=CARTESIAN_POINT('',(3.677462654893E-2,-2.675105978128E-2,
1.022476674022E-1));
#6025=CARTESIAN_POINT('',(3.679868781667E-2,-2.675713684404E-2,
1.022764972345E-1));
#6026=CARTESIAN_POINT('',(3.735263511406E-2,-2.689300478280E-2,
1.029408104561E-1));
#6027=CARTESIAN_POINT('',(3.841928906398E-2,-2.697691284165E-2,
1.042501575851E-1));
#6028=CARTESIAN_POINT('',(3.991255161615E-2,-2.656681925078E-2,
1.061652259267E-1));
#6029=CARTESIAN_POINT('',(4.120359529818E-2,-2.566025969158E-2,
1.078826097173E-1));
#6030=CARTESIAN_POINT('',(4.222598161358E-2,-2.434104513681E-2,
1.092810228486E-1));
#6031=CARTESIAN_POINT('',(4.290861894567E-2,-2.278435955385E-2,
1.102302864494E-1));
#6032=CARTESIAN_POINT('',(4.316631728289E-2,-2.163106911341E-2,
1.105916996986E-1));
#6033=CARTESIAN_POINT('',(4.323917253248E-2,-2.111229252316E-2,
1.106934433434E-1));
#6034=CARTESIAN_POINT('',(3.675234145172E-2,-2.552270994499E-2,
1.022849922545E-1));
#6035=CARTESIAN_POINT('',(3.677640350339E-2,-2.552864305020E-2,
1.023088070286E-1));
#6036=CARTESIAN_POINT('',(3.733036125659E-2,-2.566188121425E-2,
1.028577436820E-1));
#6037=CARTESIAN_POINT('',(3.839674682271E-2,-2.577087797421E-2,
1.039479140173E-1));
#6038=CARTESIAN_POINT('',(3.988886357362E-2,-2.547944417113E-2,
1.055640938835E-1));
#6039=CARTESIAN_POINT('',(4.117808460767E-2,-2.475640485595E-2,
1.070320777437E-1));
#6040=CARTESIAN_POINT('',(4.219821449408E-2,-2.366432898830E-2,
1.082421412371E-1));
#6041=CARTESIAN_POINT('',(4.287873648356E-2,-2.234719181542E-2,
1.090727057405E-1));
#6042=CARTESIAN_POINT('',(4.313547182688E-2,-2.135904556046E-2,
1.093912347517E-1));
#6043=CARTESIAN_POINT('',(4.320804561781E-2,-2.091330894976E-2,
1.094809716720E-1));
#6044=(BOUNDED_SURFACE()B_SPLINE_SURFACE(3,3,((#6004,#6005,#6006,#6007,#6008,
#6009,#6010,#6011,#6012,#6013),(#6014,#6015,#6016,#6017,#6018,#6019,#6020,#6021,
#6022,#6023),(#6024,#6025,#6026,#6027,#6028,#6029,#6030,#6031,#6032,#6033),(
#6034,#6035,#6036,#6037,#6038,#6039,#6040,#6041,#6042,#6043)),.UNSPECIFIED.,.F.,
.F.,.F.)B_SPLINE_SURFACE_WITH_KNOTS((4,4),(4,1,1,1,1,1,1,4),(0.E0,1.E0),(
-9.322486505130E-3,0.E0,2.052069294299E-1,4.008317538402E-1,5.770822139848E-1,
7.331695579616E-1,8.722137444620E-1,9.780298044583E-1),.UNSPECIFIED.)GEOMETRIC_REPRESENTATION_ITEM()RATIONAL_B_SPLINE_SURFACE(((1.192106007417E0,
1.192106007417E0,1.192106007417E0,1.192106007417E0,1.192106007417E0,
1.192106007417E0,1.192106007417E0,1.192106007417E0,1.192106007417E0,
1.192106007417E0),(9.359646641944E-1,9.359646641944E-1,9.359646641944E-1,
9.359646641944E-1,9.359646641944E-1,9.359646641944E-1,9.359646641944E-1,
9.359646641944E-1,9.359646641944E-1,9.359646641944E-1),(9.359646641944E-1,
9.359646641944E-1,9.359646641944E-1,9.359646641944E-1,9.359646641944E-1,
9.359646641944E-1,9.359646641944E-1,9.359646641944E-1,9.359646641944E-1,
9.359646641944E-1),(1.192106007417E0,1.192106007417E0,1.192106007417E0,
1.192106007417E0,1.192106007417E0,1.192106007417E0,1.192106007417E0,
1.192106007417E0,1.192106007417E0,1.192106007417E0)))REPRESENTATION_ITEM('')SURFACE());
#6045=ORIENTED_EDGE('',*,*,#5997,.T.);
#6047=ORIENTED_EDGE('',*,*,#6046,.T.);
#6048=ORIENTED_EDGE('',*,*,#5740,.F.);
#6049=EDGE_LOOP('',(#6045,#6047,#6048));
#6050=FACE_OUTER_BOUND('',#6049,.F.);
#6051=ADVANCED_FACE('',(#6050),#6044,.T.);
#6052=CARTESIAN_POINT('',(4.113113234498E-2,-2.108565850991E-2,
1.114934431592E-1));
#6053=CARTESIAN_POINT('',(4.114653130686E-2,-2.100278389140E-2,
1.115080561904E-1));
#6054=CARTESIAN_POINT('',(4.119401435735E-2,-2.071212608046E-2,
1.115593070046E-1));
#6055=CARTESIAN_POINT('',(4.122598394962E-2,-2.034022313712E-2,
1.116248835278E-1));
#6056=CARTESIAN_POINT('',(4.122918652596E-2,-2.005162715104E-2,
1.116757707866E-1));
#6057=CARTESIAN_POINT('',(4.122846641267E-2,-1.997316685975E-2,
1.116896054529E-1));
#6058=CARTESIAN_POINT('',(4.236661910647E-2,-2.132048615786E-2,
1.115233303231E-1));
#6059=CARTESIAN_POINT('',(4.238525769014E-2,-2.122017610408E-2,
1.115410176920E-1));
#6060=CARTESIAN_POINT('',(4.244272586208E-2,-2.086839061420E-2,
1.116030469653E-1));
#6061=CARTESIAN_POINT('',(4.248141051286E-2,-2.041834985997E-2,
1.116824012927E-1));
#6062=CARTESIAN_POINT('',(4.248528628144E-2,-2.006913225296E-2,
1.117439777789E-1));
#6063=CARTESIAN_POINT('',(4.248441496705E-2,-1.997419054721E-2,
1.117607185633E-1));
#6064=CARTESIAN_POINT('',(4.324160420931E-2,-2.132369690431E-2,
1.106195291788E-1));
#6065=CARTESIAN_POINT('',(4.326253712820E-2,-2.121103888647E-2,
1.106393938270E-1));
#6066=CARTESIAN_POINT('',(4.332707687128E-2,-2.081596211245E-2,
1.107090565217E-1));
#6067=CARTESIAN_POINT('',(4.337051719922E-2,-2.031058331444E-2,
1.107981684393E-1));
#6068=CARTESIAN_POINT('',(4.337486972983E-2,-1.991843281904E-2,
1.108673151521E-1));
#6069=CARTESIAN_POINT('',(4.337389133318E-2,-1.981181879710E-2,
1.108861140807E-1));
#6070=CARTESIAN_POINT('',(4.317254083934E-2,-2.109314943181E-2,
1.093848045925E-1));
#6071=CARTESIAN_POINT('',(4.319329266426E-2,-2.098146605E-2,1.094044973860E-1));
#6072=CARTESIAN_POINT('',(4.325727424179E-2,-2.058980629641E-2,
1.094735575679E-1));
#6073=CARTESIAN_POINT('',(4.330033919981E-2,-2.008879538053E-2,
1.095618993100E-1));
#6074=CARTESIAN_POINT('',(4.330465409916E-2,-1.970003361706E-2,
1.096304484979E-1));
#6075=CARTESIAN_POINT('',(4.330368415461E-2,-1.959434090165E-2,
1.096490849753E-1));
#6076=(BOUNDED_SURFACE()B_SPLINE_SURFACE(3,3,((#6052,#6053,#6054,#6055,#6056,
#6057),(#6058,#6059,#6060,#6061,#6062,#6063),(#6064,#6065,#6066,#6067,#6068,
#6069),(#6070,#6071,#6072,#6073,#6074,#6075)),.UNSPECIFIED.,.F.,.F.,.F.)B_SPLINE_SURFACE_WITH_KNOTS((4,4),(4,1,1,4),(0.E0,1.E0),(2.004367660092E-1,
3.338035463784E-1,6.663113335006E-1,7.905005844815E-1),.UNSPECIFIED.)GEOMETRIC_REPRESENTATION_ITEM()RATIONAL_B_SPLINE_SURFACE(((1.200091926796E0,
1.200091926796E0,1.200091926796E0,1.200091926796E0,1.200091926796E0,
1.200091926796E0),(9.333026910681E-1,9.333026910681E-1,9.333026910681E-1,
9.333026910681E-1,9.333026910681E-1,9.333026910681E-1),(9.333026910681E-1,
9.333026910681E-1,9.333026910681E-1,9.333026910681E-1,9.333026910681E-1,
9.333026910681E-1),(1.200091926796E0,1.200091926796E0,1.200091926796E0,
1.200091926796E0,1.200091926796E0,1.200091926796E0)))REPRESENTATION_ITEM('')SURFACE());
#6077=ORIENTED_EDGE('',*,*,#5646,.T.);
#6078=ORIENTED_EDGE('',*,*,#5662,.T.);
#6079=ORIENTED_EDGE('',*,*,#5742,.F.);
#6080=ORIENTED_EDGE('',*,*,#6046,.F.);
#6081=EDGE_LOOP('',(#6077,#6078,#6079,#6080));
#6082=FACE_OUTER_BOUND('',#6081,.F.);
#6083=ADVANCED_FACE('',(#6082),#6076,.T.);
#6084=CARTESIAN_POINT('',(0.E0,-2.755905511811E-2,0.E0));
#6085=DIRECTION('',(0.E0,-1.E0,0.E0));
#6086=DIRECTION('',(0.E0,0.E0,1.E0));
#6087=AXIS2_PLACEMENT_3D('',#6084,#6085,#6086);
#6088=PLANE('',#6087);
#6089=ORIENTED_EDGE('',*,*,#5803,.F.);
#6090=ORIENTED_EDGE('',*,*,#5903,.F.);
#6091=ORIENTED_EDGE('',*,*,#5999,.F.);
#6092=ORIENTED_EDGE('',*,*,#5738,.F.);
#6093=EDGE_LOOP('',(#6089,#6090,#6091,#6092));
#6094=FACE_OUTER_BOUND('',#6093,.F.);
#6095=ADVANCED_FACE('',(#6094),#6088,.T.);
#6096=CARTESIAN_POINT('',(3.543307086614E-2,0.E0,1.102362204724E-1));
#6097=DIRECTION('',(1.E0,0.E0,0.E0));
#6098=DIRECTION('',(0.E0,0.E0,-1.E0));
#6099=AXIS2_PLACEMENT_3D('',#6096,#6097,#6098);
#6100=PLANE('',#6099);
#6102=ORIENTED_EDGE('',*,*,#6101,.T.);
#6104=ORIENTED_EDGE('',*,*,#6103,.T.);
#6106=ORIENTED_EDGE('',*,*,#6105,.T.);
#6108=ORIENTED_EDGE('',*,*,#6107,.F.);
#6109=ORIENTED_EDGE('',*,*,#4531,.F.);
#6111=ORIENTED_EDGE('',*,*,#6110,.T.);
#6112=EDGE_LOOP('',(#6102,#6104,#6106,#6108,#6109,#6111));
#6113=FACE_OUTER_BOUND('',#6112,.F.);
#6114=ADVANCED_FACE('',(#6113),#6100,.T.);
#6115=CARTESIAN_POINT('',(4.724409448819E-2,1.968503937008E-3,
-1.181102362205E-1));
#6116=DIRECTION('',(0.E0,-1.E0,0.E0));
#6117=DIRECTION('',(0.E0,0.E0,1.E0));
#6118=AXIS2_PLACEMENT_3D('',#6115,#6116,#6117);
#6119=PLANE('',#6118);
#6121=ORIENTED_EDGE('',*,*,#6120,.F.);
#6123=ORIENTED_EDGE('',*,*,#6122,.T.);
#6125=ORIENTED_EDGE('',*,*,#6124,.F.);
#6127=ORIENTED_EDGE('',*,*,#6126,.T.);
#6129=ORIENTED_EDGE('',*,*,#6128,.F.);
#6131=ORIENTED_EDGE('',*,*,#6130,.F.);
#6133=ORIENTED_EDGE('',*,*,#6132,.F.);
#6135=ORIENTED_EDGE('',*,*,#6134,.T.);
#6136=EDGE_LOOP('',(#6121,#6123,#6125,#6127,#6129,#6131,#6133,#6135));
#6137=FACE_OUTER_BOUND('',#6136,.F.);
#6138=ORIENTED_EDGE('',*,*,#6101,.F.);
#6140=ORIENTED_EDGE('',*,*,#6139,.F.);
#6142=ORIENTED_EDGE('',*,*,#6141,.F.);
#6144=ORIENTED_EDGE('',*,*,#6143,.T.);
#6146=ORIENTED_EDGE('',*,*,#6145,.F.);
#6148=ORIENTED_EDGE('',*,*,#6147,.F.);
#6150=ORIENTED_EDGE('',*,*,#6149,.F.);
#6152=ORIENTED_EDGE('',*,*,#6151,.F.);
#6153=ORIENTED_EDGE('',*,*,#6105,.F.);
#6155=ORIENTED_EDGE('',*,*,#6154,.F.);
#6157=ORIENTED_EDGE('',*,*,#6156,.T.);
#6159=ORIENTED_EDGE('',*,*,#6158,.T.);
#6160=EDGE_LOOP('',(#6138,#6140,#6142,#6144,#6146,#6148,#6150,#6152,#6153,#6155,
#6157,#6159));
#6161=FACE_BOUND('',#6160,.F.);
#6162=ADVANCED_FACE('',(#6137,#6161),#6119,.T.);
#6163=CARTESIAN_POINT('',(4.527559055118E-2,-7.244960629921E-2,
-1.212693399601E-1));
#6164=DIRECTION('',(0.E0,9.976303284230E-1,6.880209161538E-2));
#6165=DIRECTION('',(1.E0,0.E0,0.E0));
#6166=AXIS2_PLACEMENT_3D('',#6163,#6164,#6165);
#6167=CYLINDRICAL_SURFACE('',#6166,1.968503937008E-3);
#6169=ORIENTED_EDGE('',*,*,#6168,.T.);
#6171=ORIENTED_EDGE('',*,*,#6170,.F.);
#6172=ORIENTED_EDGE('',*,*,#6120,.T.);
#6174=ORIENTED_EDGE('',*,*,#6173,.T.);
#6175=EDGE_LOOP('',(#6169,#6171,#6172,#6174));
#6176=FACE_OUTER_BOUND('',#6175,.F.);
#6177=ADVANCED_FACE('',(#6176),#6167,.T.);
#6178=CARTESIAN_POINT('',(4.724409448819E-2,4.330708661417E-2,0.E0));
#6179=DIRECTION('',(0.E0,1.E0,0.E0));
#6180=DIRECTION('',(-1.E0,0.E0,0.E0));
#6181=AXIS2_PLACEMENT_3D('',#6178,#6179,#6180);
#6182=PLANE('',#6181);
#6183=ORIENTED_EDGE('',*,*,#6168,.F.);
#6185=ORIENTED_EDGE('',*,*,#6184,.F.);
#6187=ORIENTED_EDGE('',*,*,#6186,.F.);
#6189=ORIENTED_EDGE('',*,*,#6188,.F.);
#6190=EDGE_LOOP('',(#6183,#6185,#6187,#6189));
#6191=FACE_OUTER_BOUND('',#6190,.F.);
#6192=ADVANCED_FACE('',(#6191),#6182,.T.);
#6193=CARTESIAN_POINT('',(4.724409448819E-2,1.968503937008E-3,0.E0));
#6194=DIRECTION('',(-1.E0,0.E0,0.E0));
#6195=DIRECTION('',(0.E0,0.E0,1.E0));
#6196=AXIS2_PLACEMENT_3D('',#6193,#6194,#6195);
#6197=PLANE('',#6196);
#6198=ORIENTED_EDGE('',*,*,#6173,.F.);
#6199=ORIENTED_EDGE('',*,*,#6134,.F.);
#6201=ORIENTED_EDGE('',*,*,#6200,.F.);
#6203=ORIENTED_EDGE('',*,*,#6202,.F.);
#6205=ORIENTED_EDGE('',*,*,#6204,.T.);
#6206=ORIENTED_EDGE('',*,*,#6184,.T.);
#6207=EDGE_LOOP('',(#6198,#6199,#6201,#6203,#6205,#6206));
#6208=FACE_OUTER_BOUND('',#6207,.F.);
#6209=ADVANCED_FACE('',(#6208),#6197,.F.);
#6210=CARTESIAN_POINT('',(4.527559055118E-2,1.334732283465E-1,
1.070677651570E-1));
#6211=DIRECTION('',(0.E0,-9.976303284230E-1,6.880209161538E-2));
#6212=DIRECTION('',(1.E0,0.E0,0.E0));
#6213=AXIS2_PLACEMENT_3D('',#6210,#6211,#6212);
#6214=CYLINDRICAL_SURFACE('',#6213,1.968503937008E-3);
#6215=ORIENTED_EDGE('',*,*,#6132,.T.);
#6217=ORIENTED_EDGE('',*,*,#6216,.F.);
#6219=ORIENTED_EDGE('',*,*,#6218,.T.);
#6220=ORIENTED_EDGE('',*,*,#6200,.T.);
#6221=EDGE_LOOP('',(#6215,#6217,#6219,#6220));
#6222=FACE_OUTER_BOUND('',#6221,.F.);
#6223=ADVANCED_FACE('',(#6222),#6214,.T.);
#6224=CARTESIAN_POINT('',(4.724409448819E-2,1.968503937008E-3,
1.181102362205E-1));
#6225=DIRECTION('',(0.E0,6.880209161538E-2,9.976303284230E-1));
#6226=DIRECTION('',(0.E0,9.976303284230E-1,-6.880209161538E-2));
#6227=AXIS2_PLACEMENT_3D('',#6224,#6225,#6226);
#6228=PLANE('',#6227);
#6229=ORIENTED_EDGE('',*,*,#6216,.T.);
#6230=ORIENTED_EDGE('',*,*,#6130,.T.);
#6232=ORIENTED_EDGE('',*,*,#6231,.T.);
#6234=ORIENTED_EDGE('',*,*,#6233,.F.);
#6236=ORIENTED_EDGE('',*,*,#6235,.F.);
#6238=ORIENTED_EDGE('',*,*,#6237,.T.);
#6239=EDGE_LOOP('',(#6229,#6230,#6232,#6234,#6236,#6238));
#6240=FACE_OUTER_BOUND('',#6239,.F.);
#6241=ADVANCED_FACE('',(#6240),#6228,.T.);
#6242=CARTESIAN_POINT('',(-4.527559055118E-2,-7.244960629921E-2,
1.212693399601E-1));
#6243=DIRECTION('',(0.E0,9.976303284230E-1,-6.880209161538E-2));
#6244=DIRECTION('',(-1.E0,0.E0,0.E0));
#6245=AXIS2_PLACEMENT_3D('',#6242,#6243,#6244);
#6246=CYLINDRICAL_SURFACE('',#6245,1.968503937008E-3);
#6248=ORIENTED_EDGE('',*,*,#6247,.T.);
#6249=ORIENTED_EDGE('',*,*,#6231,.F.);
#6250=ORIENTED_EDGE('',*,*,#6128,.T.);
#6252=ORIENTED_EDGE('',*,*,#6251,.T.);
#6253=EDGE_LOOP('',(#6248,#6249,#6250,#6252));
#6254=FACE_OUTER_BOUND('',#6253,.F.);
#6255=ADVANCED_FACE('',(#6254),#6246,.T.);
#6256=CARTESIAN_POINT('',(4.724409448819E-2,4.330708661417E-2,0.E0));
#6257=DIRECTION('',(0.E0,1.E0,0.E0));
#6258=DIRECTION('',(-1.E0,0.E0,0.E0));
#6259=AXIS2_PLACEMENT_3D('',#6256,#6257,#6258);
#6260=PLANE('',#6259);
#6261=ORIENTED_EDGE('',*,*,#6247,.F.);
#6263=ORIENTED_EDGE('',*,*,#6262,.F.);
#6265=ORIENTED_EDGE('',*,*,#6264,.F.);
#6266=ORIENTED_EDGE('',*,*,#6233,.T.);
#6267=EDGE_LOOP('',(#6261,#6263,#6265,#6266));
#6268=FACE_OUTER_BOUND('',#6267,.F.);
#6269=ADVANCED_FACE('',(#6268),#6260,.T.);
#6270=CARTESIAN_POINT('',(-4.724409448819E-2,1.968503937008E-3,0.E0));
#6271=DIRECTION('',(-1.E0,0.E0,0.E0));
#6272=DIRECTION('',(0.E0,0.E0,1.E0));
#6273=AXIS2_PLACEMENT_3D('',#6270,#6271,#6272);
#6274=PLANE('',#6273);
#6276=ORIENTED_EDGE('',*,*,#6275,.F.);
#6278=ORIENTED_EDGE('',*,*,#6277,.F.);
#6280=ORIENTED_EDGE('',*,*,#6279,.T.);
#6281=ORIENTED_EDGE('',*,*,#6262,.T.);
#6282=ORIENTED_EDGE('',*,*,#6251,.F.);
#6283=ORIENTED_EDGE('',*,*,#6126,.F.);
#6284=EDGE_LOOP('',(#6276,#6278,#6280,#6281,#6282,#6283));
#6285=FACE_OUTER_BOUND('',#6284,.F.);
#6286=ADVANCED_FACE('',(#6285),#6274,.T.);
#6287=CARTESIAN_POINT('',(-4.527559055118E-2,1.334732283465E-1,
-1.070677651570E-1));
#6288=DIRECTION('',(0.E0,-9.976303284230E-1,-6.880209161538E-2));
#6289=DIRECTION('',(-1.E0,0.E0,0.E0));
#6290=AXIS2_PLACEMENT_3D('',#6287,#6288,#6289);
#6291=CYLINDRICAL_SURFACE('',#6290,1.968503937008E-3);
#6292=ORIENTED_EDGE('',*,*,#6124,.T.);
#6294=ORIENTED_EDGE('',*,*,#6293,.F.);
#6296=ORIENTED_EDGE('',*,*,#6295,.T.);
#6297=ORIENTED_EDGE('',*,*,#6275,.T.);
#6298=EDGE_LOOP('',(#6292,#6294,#6296,#6297));
#6299=FACE_OUTER_BOUND('',#6298,.F.);
#6300=ADVANCED_FACE('',(#6299),#6291,.T.);
#6301=CARTESIAN_POINT('',(4.724409448819E-2,5.905511811024E-2,
-1.141732283465E-1));
#6302=DIRECTION('',(0.E0,6.880209161538E-2,-9.976303284230E-1));
#6303=DIRECTION('',(0.E0,-9.976303284230E-1,-6.880209161538E-2));
#6304=AXIS2_PLACEMENT_3D('',#6301,#6302,#6303);
#6305=PLANE('',#6304);
#6306=ORIENTED_EDGE('',*,*,#6170,.T.);
#6307=ORIENTED_EDGE('',*,*,#6188,.T.);
#6309=ORIENTED_EDGE('',*,*,#6308,.F.);
#6311=ORIENTED_EDGE('',*,*,#6310,.F.);
#6312=ORIENTED_EDGE('',*,*,#6293,.T.);
#6313=ORIENTED_EDGE('',*,*,#6122,.F.);
#6314=EDGE_LOOP('',(#6306,#6307,#6309,#6311,#6312,#6313));
#6315=FACE_OUTER_BOUND('',#6314,.F.);
#6316=ADVANCED_FACE('',(#6315),#6305,.T.);
#6317=CARTESIAN_POINT('',(1.299212598425E-2,5.905511811024E-2,
-1.181102362205E-1));
#6318=DIRECTION('',(-7.071067811865E-1,0.E0,7.071067811865E-1));
#6319=DIRECTION('',(7.071067811865E-1,0.E0,7.071067811865E-1));
#6320=AXIS2_PLACEMENT_3D('',#6317,#6318,#6319);
#6321=PLANE('',#6320);
#6323=ORIENTED_EDGE('',*,*,#6322,.F.);
#6324=ORIENTED_EDGE('',*,*,#6308,.T.);
#6325=ORIENTED_EDGE('',*,*,#6186,.T.);
#6326=ORIENTED_EDGE('',*,*,#6204,.F.);
#6328=ORIENTED_EDGE('',*,*,#6327,.T.);
#6330=ORIENTED_EDGE('',*,*,#6329,.F.);
#6331=EDGE_LOOP('',(#6323,#6324,#6325,#6326,#6328,#6330));
#6332=FACE_OUTER_BOUND('',#6331,.F.);
#6333=ADVANCED_FACE('',(#6332),#6321,.F.);
#6334=CARTESIAN_POINT('',(-1.704188976378E-1,5.708661417323E-2,
-1.123358075137E-1));
#6335=DIRECTION('',(1.E0,0.E0,0.E0));
#6336=DIRECTION('',(0.E0,6.880209161538E-2,-9.976303284230E-1));
#6337=AXIS2_PLACEMENT_3D('',#6334,#6335,#6336);
#6338=CYLINDRICAL_SURFACE('',#6337,1.968503937008E-3);
#6339=ORIENTED_EDGE('',*,*,#6310,.T.);
#6340=ORIENTED_EDGE('',*,*,#6322,.T.);
#6342=ORIENTED_EDGE('',*,*,#6341,.F.);
#6344=ORIENTED_EDGE('',*,*,#6343,.T.);
#6345=EDGE_LOOP('',(#6339,#6340,#6342,#6344));
#6346=FACE_OUTER_BOUND('',#6345,.F.);
#6347=ADVANCED_FACE('',(#6346),#6338,.T.);
#6348=CARTESIAN_POINT('',(4.724409448819E-2,5.905511811024E-2,
1.141732283465E-1));
#6349=DIRECTION('',(0.E0,1.E0,0.E0));
#6350=DIRECTION('',(0.E0,0.E0,-1.E0));
#6351=AXIS2_PLACEMENT_3D('',#6348,#6349,#6350);
#6352=PLANE('',#6351);
#6354=ORIENTED_EDGE('',*,*,#6353,.T.);
#6355=ORIENTED_EDGE('',*,*,#6341,.T.);
#6356=ORIENTED_EDGE('',*,*,#6329,.T.);
#6358=ORIENTED_EDGE('',*,*,#6357,.T.);
#6360=ORIENTED_EDGE('',*,*,#6359,.F.);
#6362=ORIENTED_EDGE('',*,*,#6361,.T.);
#6363=EDGE_LOOP('',(#6354,#6355,#6356,#6358,#6360,#6362));
#6364=FACE_OUTER_BOUND('',#6363,.F.);
#6366=ORIENTED_EDGE('',*,*,#6365,.T.);
#6368=ORIENTED_EDGE('',*,*,#6367,.T.);
#6370=ORIENTED_EDGE('',*,*,#6369,.T.);
#6372=ORIENTED_EDGE('',*,*,#6371,.T.);
#6373=EDGE_LOOP('',(#6366,#6368,#6370,#6372));
#6374=FACE_BOUND('',#6373,.F.);
#6376=ORIENTED_EDGE('',*,*,#6375,.T.);
#6378=ORIENTED_EDGE('',*,*,#6377,.T.);
#6380=ORIENTED_EDGE('',*,*,#6379,.T.);
#6382=ORIENTED_EDGE('',*,*,#6381,.T.);
#6384=ORIENTED_EDGE('',*,*,#6383,.T.);
#6386=ORIENTED_EDGE('',*,*,#6385,.T.);
#6388=ORIENTED_EDGE('',*,*,#6387,.T.);
#6390=ORIENTED_EDGE('',*,*,#6389,.T.);
#6391=EDGE_LOOP('',(#6376,#6378,#6380,#6382,#6384,#6386,#6388,#6390));
#6392=FACE_BOUND('',#6391,.F.);
#6394=ORIENTED_EDGE('',*,*,#6393,.T.);
#6396=ORIENTED_EDGE('',*,*,#6395,.T.);
#6398=ORIENTED_EDGE('',*,*,#6397,.T.);
#6400=ORIENTED_EDGE('',*,*,#6399,.T.);
#6402=ORIENTED_EDGE('',*,*,#6401,.T.);
#6404=ORIENTED_EDGE('',*,*,#6403,.T.);
#6406=ORIENTED_EDGE('',*,*,#6405,.T.);
#6408=ORIENTED_EDGE('',*,*,#6407,.T.);
#6410=ORIENTED_EDGE('',*,*,#6409,.T.);
#6412=ORIENTED_EDGE('',*,*,#6411,.T.);
#6414=ORIENTED_EDGE('',*,*,#6413,.T.);
#6416=ORIENTED_EDGE('',*,*,#6415,.T.);
#6418=ORIENTED_EDGE('',*,*,#6417,.T.);
#6420=ORIENTED_EDGE('',*,*,#6419,.T.);
#6422=ORIENTED_EDGE('',*,*,#6421,.T.);
#6424=ORIENTED_EDGE('',*,*,#6423,.T.);
#6426=ORIENTED_EDGE('',*,*,#6425,.T.);
#6428=ORIENTED_EDGE('',*,*,#6427,.T.);
#6430=ORIENTED_EDGE('',*,*,#6429,.T.);
#6432=ORIENTED_EDGE('',*,*,#6431,.T.);
#6434=ORIENTED_EDGE('',*,*,#6433,.T.);
#6436=ORIENTED_EDGE('',*,*,#6435,.T.);
#6438=ORIENTED_EDGE('',*,*,#6437,.T.);
#6440=ORIENTED_EDGE('',*,*,#6439,.T.);
#6442=ORIENTED_EDGE('',*,*,#6441,.T.);
#6444=ORIENTED_EDGE('',*,*,#6443,.T.);
#6446=ORIENTED_EDGE('',*,*,#6445,.T.);
#6448=ORIENTED_EDGE('',*,*,#6447,.T.);
#6450=ORIENTED_EDGE('',*,*,#6449,.T.);
#6452=ORIENTED_EDGE('',*,*,#6451,.T.);
#6454=ORIENTED_EDGE('',*,*,#6453,.T.);
#6456=ORIENTED_EDGE('',*,*,#6455,.T.);
#6458=ORIENTED_EDGE('',*,*,#6457,.T.);
#6460=ORIENTED_EDGE('',*,*,#6459,.T.);
#6462=ORIENTED_EDGE('',*,*,#6461,.T.);
#6464=ORIENTED_EDGE('',*,*,#6463,.T.);
#6466=ORIENTED_EDGE('',*,*,#6465,.T.);
#6468=ORIENTED_EDGE('',*,*,#6467,.T.);
#6470=ORIENTED_EDGE('',*,*,#6469,.T.);
#6472=ORIENTED_EDGE('',*,*,#6471,.T.);
#6474=ORIENTED_EDGE('',*,*,#6473,.T.);
#6476=ORIENTED_EDGE('',*,*,#6475,.T.);
#6478=ORIENTED_EDGE('',*,*,#6477,.T.);
#6480=ORIENTED_EDGE('',*,*,#6479,.T.);
#6482=ORIENTED_EDGE('',*,*,#6481,.T.);
#6484=ORIENTED_EDGE('',*,*,#6483,.T.);
#6486=ORIENTED_EDGE('',*,*,#6485,.T.);
#6488=ORIENTED_EDGE('',*,*,#6487,.T.);
#6490=ORIENTED_EDGE('',*,*,#6489,.T.);
#6492=ORIENTED_EDGE('',*,*,#6491,.T.);
#6494=ORIENTED_EDGE('',*,*,#6493,.T.);
#6496=ORIENTED_EDGE('',*,*,#6495,.T.);
#6498=ORIENTED_EDGE('',*,*,#6497,.T.);
#6500=ORIENTED_EDGE('',*,*,#6499,.T.);
#6502=ORIENTED_EDGE('',*,*,#6501,.T.);
#6504=ORIENTED_EDGE('',*,*,#6503,.T.);
#6506=ORIENTED_EDGE('',*,*,#6505,.T.);
#6507=EDGE_LOOP('',(#6394,#6396,#6398,#6400,#6402,#6404,#6406,#6408,#6410,#6412,
#6414,#6416,#6418,#6420,#6422,#6424,#6426,#6428,#6430,#6432,#6434,#6436,#6438,
#6440,#6442,#6444,#6446,#6448,#6450,#6452,#6454,#6456,#6458,#6460,#6462,#6464,
#6466,#6468,#6470,#6472,#6474,#6476,#6478,#6480,#6482,#6484,#6486,#6488,#6490,
#6492,#6494,#6496,#6498,#6500,#6502,#6504,#6506));
#6508=FACE_BOUND('',#6507,.F.);
#6510=ORIENTED_EDGE('',*,*,#6509,.T.);
#6512=ORIENTED_EDGE('',*,*,#6511,.T.);
#6514=ORIENTED_EDGE('',*,*,#6513,.T.);
#6516=ORIENTED_EDGE('',*,*,#6515,.T.);
#6517=EDGE_LOOP('',(#6510,#6512,#6514,#6516));
#6518=FACE_BOUND('',#6517,.F.);
#6520=ORIENTED_EDGE('',*,*,#6519,.T.);
#6522=ORIENTED_EDGE('',*,*,#6521,.T.);
#6524=ORIENTED_EDGE('',*,*,#6523,.T.);
#6526=ORIENTED_EDGE('',*,*,#6525,.T.);
#6527=EDGE_LOOP('',(#6520,#6522,#6524,#6526));
#6528=FACE_BOUND('',#6527,.F.);
#6530=ORIENTED_EDGE('',*,*,#6529,.T.);
#6532=ORIENTED_EDGE('',*,*,#6531,.T.);
#6534=ORIENTED_EDGE('',*,*,#6533,.T.);
#6536=ORIENTED_EDGE('',*,*,#6535,.T.);
#6538=ORIENTED_EDGE('',*,*,#6537,.T.);
#6540=ORIENTED_EDGE('',*,*,#6539,.T.);
#6542=ORIENTED_EDGE('',*,*,#6541,.T.);
#6544=ORIENTED_EDGE('',*,*,#6543,.T.);
#6546=ORIENTED_EDGE('',*,*,#6545,.T.);
#6548=ORIENTED_EDGE('',*,*,#6547,.T.);
#6550=ORIENTED_EDGE('',*,*,#6549,.T.);
#6552=ORIENTED_EDGE('',*,*,#6551,.T.);
#6554=ORIENTED_EDGE('',*,*,#6553,.T.);
#6556=ORIENTED_EDGE('',*,*,#6555,.T.);
#6557=EDGE_LOOP('',(#6530,#6532,#6534,#6536,#6538,#6540,#6542,#6544,#6546,#6548,
#6550,#6552,#6554,#6556));
#6558=FACE_BOUND('',#6557,.F.);
#6560=ORIENTED_EDGE('',*,*,#6559,.T.);
#6562=ORIENTED_EDGE('',*,*,#6561,.T.);
#6564=ORIENTED_EDGE('',*,*,#6563,.T.);
#6566=ORIENTED_EDGE('',*,*,#6565,.T.);
#6568=ORIENTED_EDGE('',*,*,#6567,.T.);
#6570=ORIENTED_EDGE('',*,*,#6569,.T.);
#6572=ORIENTED_EDGE('',*,*,#6571,.T.);
#6574=ORIENTED_EDGE('',*,*,#6573,.T.);
#6576=ORIENTED_EDGE('',*,*,#6575,.T.);
#6578=ORIENTED_EDGE('',*,*,#6577,.T.);
#6580=ORIENTED_EDGE('',*,*,#6579,.T.);
#6582=ORIENTED_EDGE('',*,*,#6581,.T.);
#6584=ORIENTED_EDGE('',*,*,#6583,.T.);
#6586=ORIENTED_EDGE('',*,*,#6585,.T.);
#6587=EDGE_LOOP('',(#6560,#6562,#6564,#6566,#6568,#6570,#6572,#6574,#6576,#6578,
#6580,#6582,#6584,#6586));
#6588=FACE_BOUND('',#6587,.F.);
#6590=ORIENTED_EDGE('',*,*,#6589,.T.);
#6592=ORIENTED_EDGE('',*,*,#6591,.T.);
#6594=ORIENTED_EDGE('',*,*,#6593,.T.);
#6596=ORIENTED_EDGE('',*,*,#6595,.T.);
#6598=ORIENTED_EDGE('',*,*,#6597,.T.);
#6600=ORIENTED_EDGE('',*,*,#6599,.T.);
#6602=ORIENTED_EDGE('',*,*,#6601,.T.);
#6604=ORIENTED_EDGE('',*,*,#6603,.T.);
#6606=ORIENTED_EDGE('',*,*,#6605,.T.);
#6608=ORIENTED_EDGE('',*,*,#6607,.T.);
#6610=ORIENTED_EDGE('',*,*,#6609,.T.);
#6612=ORIENTED_EDGE('',*,*,#6611,.T.);
#6613=EDGE_LOOP('',(#6590,#6592,#6594,#6596,#6598,#6600,#6602,#6604,#6606,#6608,
#6610,#6612));
#6614=FACE_BOUND('',#6613,.F.);
#6615=ADVANCED_FACE('',(#6364,#6374,#6392,#6508,#6518,#6528,#6558,#6588,#6614),
#6352,.T.);
#6616=CARTESIAN_POINT('',(-4.527559055118E-2,5.708661417323E-2,
4.260472440945E-1));
#6617=DIRECTION('',(0.E0,0.E0,-1.E0));
#6618=DIRECTION('',(-1.E0,0.E0,0.E0));
#6619=AXIS2_PLACEMENT_3D('',#6616,#6617,#6618);
#6620=CYLINDRICAL_SURFACE('',#6619,1.968503937008E-3);
#6621=ORIENTED_EDGE('',*,*,#6277,.T.);
#6623=ORIENTED_EDGE('',*,*,#6622,.T.);
#6624=ORIENTED_EDGE('',*,*,#6353,.F.);
#6626=ORIENTED_EDGE('',*,*,#6625,.F.);
#6627=EDGE_LOOP('',(#6621,#6623,#6624,#6626));
#6628=FACE_OUTER_BOUND('',#6627,.F.);
#6629=ADVANCED_FACE('',(#6628),#6620,.T.);
#6630=CARTESIAN_POINT('',(-4.527559055118E-2,5.708661417323E-2,
-1.123358075137E-1));
#6631=DIRECTION('',(0.E0,6.823481180397E-1,7.310273906002E-1));
#6632=DIRECTION('',(0.E0,7.310273906002E-1,-6.823481180397E-1));
#6633=AXIS2_PLACEMENT_3D('',#6630,#6631,#6632);
#6634=SPHERICAL_SURFACE('',#6633,1.968503937008E-3);
#6635=ORIENTED_EDGE('',*,*,#6622,.F.);
#6636=ORIENTED_EDGE('',*,*,#6295,.F.);
#6637=ORIENTED_EDGE('',*,*,#6343,.F.);
#6638=EDGE_LOOP('',(#6635,#6636,#6637));
#6639=FACE_OUTER_BOUND('',#6638,.F.);
#6640=ADVANCED_FACE('',(#6639),#6634,.T.);
#6641=CARTESIAN_POINT('',(-1.299212598425E-2,5.905511811024E-2,
1.181102362205E-1));
#6642=DIRECTION('',(7.071067811865E-1,0.E0,-7.071067811865E-1));
#6643=DIRECTION('',(-7.071067811865E-1,0.E0,-7.071067811865E-1));
#6644=AXIS2_PLACEMENT_3D('',#6641,#6642,#6643);
#6645=PLANE('',#6644);
#6646=ORIENTED_EDGE('',*,*,#6625,.T.);
#6647=ORIENTED_EDGE('',*,*,#6361,.F.);
#6649=ORIENTED_EDGE('',*,*,#6648,.T.);
#6650=ORIENTED_EDGE('',*,*,#6235,.T.);
#6651=ORIENTED_EDGE('',*,*,#6264,.T.);
#6652=ORIENTED_EDGE('',*,*,#6279,.F.);
#6653=EDGE_LOOP('',(#6646,#6647,#6649,#6650,#6651,#6652));
#6654=FACE_OUTER_BOUND('',#6653,.F.);
#6655=ADVANCED_FACE('',(#6654),#6645,.F.);
#6656=CARTESIAN_POINT('',(-1.704188976378E-1,5.708661417323E-2,
1.123358075137E-1));
#6657=DIRECTION('',(1.E0,0.E0,0.E0));
#6658=DIRECTION('',(0.E0,1.E0,0.E0));
#6659=AXIS2_PLACEMENT_3D('',#6656,#6657,#6658);
#6660=CYLINDRICAL_SURFACE('',#6659,1.968503937008E-3);
#6661=ORIENTED_EDGE('',*,*,#6359,.T.);
#6663=ORIENTED_EDGE('',*,*,#6662,.T.);
#6664=ORIENTED_EDGE('',*,*,#6237,.F.);
#6665=ORIENTED_EDGE('',*,*,#6648,.F.);
#6666=EDGE_LOOP('',(#6661,#6663,#6664,#6665));
#6667=FACE_OUTER_BOUND('',#6666,.F.);
#6668=ADVANCED_FACE('',(#6667),#6660,.T.);
#6669=CARTESIAN_POINT('',(4.527559055118E-2,5.708661417323E-2,
1.123358075137E-1));
#6670=DIRECTION('',(-7.071067811865E-1,4.865042554105E-2,7.054311703453E-1));
#6671=DIRECTION('',(7.071067811865E-1,4.865042554105E-2,7.054311703453E-1));
#6672=AXIS2_PLACEMENT_3D('',#6669,#6670,#6671);
#6673=SPHERICAL_SURFACE('',#6672,1.968503937008E-3);
#6674=ORIENTED_EDGE('',*,*,#6662,.F.);
#6676=ORIENTED_EDGE('',*,*,#6675,.F.);
#6677=ORIENTED_EDGE('',*,*,#6218,.F.);
#6678=EDGE_LOOP('',(#6674,#6676,#6677));
#6679=FACE_OUTER_BOUND('',#6678,.F.);
#6680=ADVANCED_FACE('',(#6679),#6673,.T.);
#6681=CARTESIAN_POINT('',(4.527559055118E-2,5.708661417323E-2,
-4.260472440945E-1));
#6682=DIRECTION('',(0.E0,0.E0,1.E0));
#6683=DIRECTION('',(1.E0,0.E0,0.E0));
#6684=AXIS2_PLACEMENT_3D('',#6681,#6682,#6683);
#6685=CYLINDRICAL_SURFACE('',#6684,1.968503937008E-3);
#6686=ORIENTED_EDGE('',*,*,#6357,.F.);
#6687=ORIENTED_EDGE('',*,*,#6327,.F.);
#6688=ORIENTED_EDGE('',*,*,#6202,.T.);
#6689=ORIENTED_EDGE('',*,*,#6675,.T.);
#6690=EDGE_LOOP('',(#6686,#6687,#6688,#6689));
#6691=FACE_OUTER_BOUND('',#6690,.F.);
#6692=ADVANCED_FACE('',(#6691),#6685,.T.);
#6693=CARTESIAN_POINT('',(0.E0,5.314960629921E-2,-7.037401574803E-2));
#6694=DIRECTION('',(0.E0,-2.425356250363E-1,-9.701425001453E-1));
#6695=DIRECTION('',(-1.E0,0.E0,0.E0));
#6696=AXIS2_PLACEMENT_3D('',#6693,#6694,#6695);
#6697=PLANE('',#6696);
#6698=ORIENTED_EDGE('',*,*,#6365,.F.);
#6700=ORIENTED_EDGE('',*,*,#6699,.T.);
#6702=ORIENTED_EDGE('',*,*,#6701,.T.);
#6704=ORIENTED_EDGE('',*,*,#6703,.F.);
#6705=EDGE_LOOP('',(#6698,#6700,#6702,#6704));
#6706=FACE_OUTER_BOUND('',#6705,.F.);
#6707=ADVANCED_FACE('',(#6706),#6697,.F.);
#6708=CARTESIAN_POINT('',(1.820866141732E-2,5.314960629921E-2,0.E0));
#6709=DIRECTION('',(9.701425001453E-1,-2.425356250363E-1,0.E0));
#6710=DIRECTION('',(0.E0,0.E0,-1.E0));
#6711=AXIS2_PLACEMENT_3D('',#6708,#6709,#6710);
#6712=PLANE('',#6711);
#6713=ORIENTED_EDGE('',*,*,#6371,.F.);
#6715=ORIENTED_EDGE('',*,*,#6714,.T.);
#6717=ORIENTED_EDGE('',*,*,#6716,.T.);
#6718=ORIENTED_EDGE('',*,*,#6699,.F.);
#6719=EDGE_LOOP('',(#6713,#6715,#6717,#6718));
#6720=FACE_OUTER_BOUND('',#6719,.F.);
#6721=ADVANCED_FACE('',(#6720),#6712,.F.);
#6722=CARTESIAN_POINT('',(0.E0,5.314960629921E-2,7.037401574803E-2));
#6723=DIRECTION('',(0.E0,-2.425356250363E-1,9.701425001453E-1));
#6724=DIRECTION('',(1.E0,0.E0,0.E0));
#6725=AXIS2_PLACEMENT_3D('',#6722,#6723,#6724);
#6726=PLANE('',#6725);
#6727=ORIENTED_EDGE('',*,*,#6369,.F.);
#6729=ORIENTED_EDGE('',*,*,#6728,.T.);
#6731=ORIENTED_EDGE('',*,*,#6730,.T.);
#6732=ORIENTED_EDGE('',*,*,#6714,.F.);
#6733=EDGE_LOOP('',(#6727,#6729,#6731,#6732));
#6734=FACE_OUTER_BOUND('',#6733,.F.);
#6735=ADVANCED_FACE('',(#6734),#6726,.F.);
#6736=CARTESIAN_POINT('',(-1.820866141732E-2,5.314960629921E-2,0.E0));
#6737=DIRECTION('',(-9.701425001453E-1,-2.425356250363E-1,0.E0));
#6738=DIRECTION('',(0.E0,0.E0,1.E0));
#6739=AXIS2_PLACEMENT_3D('',#6736,#6737,#6738);
#6740=PLANE('',#6739);
#6741=ORIENTED_EDGE('',*,*,#6367,.F.);
#6742=ORIENTED_EDGE('',*,*,#6703,.T.);
#6744=ORIENTED_EDGE('',*,*,#6743,.T.);
#6745=ORIENTED_EDGE('',*,*,#6728,.F.);
#6746=EDGE_LOOP('',(#6741,#6742,#6744,#6745));
#6747=FACE_OUTER_BOUND('',#6746,.F.);
#6748=ADVANCED_FACE('',(#6747),#6740,.F.);
#6749=CARTESIAN_POINT('',(4.724409448819E-2,4.724409448819E-2,0.E0));
#6750=DIRECTION('',(0.E0,1.E0,0.E0));
#6751=DIRECTION('',(0.E0,0.E0,1.E0));
#6752=AXIS2_PLACEMENT_3D('',#6749,#6750,#6751);
#6753=PLANE('',#6752);
#6754=ORIENTED_EDGE('',*,*,#6701,.F.);
#6755=ORIENTED_EDGE('',*,*,#6716,.F.);
#6756=ORIENTED_EDGE('',*,*,#6730,.F.);
#6757=ORIENTED_EDGE('',*,*,#6743,.F.);
#6758=EDGE_LOOP('',(#6754,#6755,#6756,#6757));
#6759=FACE_OUTER_BOUND('',#6758,.F.);
#6761=ORIENTED_EDGE('',*,*,#6760,.T.);
#6763=ORIENTED_EDGE('',*,*,#6762,.T.);
#6765=ORIENTED_EDGE('',*,*,#6764,.T.);
#6767=ORIENTED_EDGE('',*,*,#6766,.F.);
#6769=ORIENTED_EDGE('',*,*,#6768,.T.);
#6771=ORIENTED_EDGE('',*,*,#6770,.T.);
#6773=ORIENTED_EDGE('',*,*,#6772,.T.);
#6775=ORIENTED_EDGE('',*,*,#6774,.F.);
#6776=EDGE_LOOP('',(#6761,#6763,#6765,#6767,#6769,#6771,#6773,#6775));
#6777=FACE_BOUND('',#6776,.F.);
#6778=ADVANCED_FACE('',(#6759,#6777),#6753,.T.);
#6779=CARTESIAN_POINT('',(1.279527559055E-2,5.905511811024E-2,
4.133858267717E-2));
#6780=DIRECTION('',(1.E0,0.E0,0.E0));
#6781=DIRECTION('',(0.E0,0.E0,-1.E0));
#6782=AXIS2_PLACEMENT_3D('',#6779,#6780,#6781);
#6783=PLANE('',#6782);
#6785=ORIENTED_EDGE('',*,*,#6784,.T.);
#6787=ORIENTED_EDGE('',*,*,#6786,.F.);
#6788=ORIENTED_EDGE('',*,*,#6760,.F.);
#6790=ORIENTED_EDGE('',*,*,#6789,.T.);
#6792=ORIENTED_EDGE('',*,*,#6791,.T.);
#6793=EDGE_LOOP('',(#6785,#6787,#6788,#6790,#6792));
#6794=FACE_OUTER_BOUND('',#6793,.F.);
#6795=ADVANCED_FACE('',(#6794),#6783,.F.);
#6796=CARTESIAN_POINT('',(-2.952755905512E-2,3.149606299213E-2,
-6.496062992114E-2));
#6797=DIRECTION('',(0.E0,1.E0,0.E0));
#6798=DIRECTION('',(0.E0,0.E0,1.E0));
#6799=AXIS2_PLACEMENT_3D('',#6796,#6797,#6798);
#6800=PLANE('',#6799);
#6802=ORIENTED_EDGE('',*,*,#6801,.F.);
#6804=ORIENTED_EDGE('',*,*,#6803,.F.);
#6805=ORIENTED_EDGE('',*,*,#6784,.F.);
#6807=ORIENTED_EDGE('',*,*,#6806,.F.);
#6808=EDGE_LOOP('',(#6802,#6804,#6805,#6807));
#6809=FACE_OUTER_BOUND('',#6808,.F.);
#6810=ADVANCED_FACE('',(#6809),#6800,.T.);
#6811=CARTESIAN_POINT('',(-1.279527559055E-2,5.905511811024E-2,
-4.133858267717E-2));
#6812=DIRECTION('',(-1.E0,0.E0,0.E0));
#6813=DIRECTION('',(0.E0,0.E0,1.E0));
#6814=AXIS2_PLACEMENT_3D('',#6811,#6812,#6813);
#6815=PLANE('',#6814);
#6816=ORIENTED_EDGE('',*,*,#6801,.T.);
#6818=ORIENTED_EDGE('',*,*,#6817,.F.);
#6820=ORIENTED_EDGE('',*,*,#6819,.F.);
#6821=ORIENTED_EDGE('',*,*,#6764,.F.);
#6823=ORIENTED_EDGE('',*,*,#6822,.T.);
#6824=EDGE_LOOP('',(#6816,#6818,#6820,#6821,#6823));
#6825=FACE_OUTER_BOUND('',#6824,.F.);
#6826=ADVANCED_FACE('',(#6825),#6815,.F.);
#6827=CARTESIAN_POINT('',(-2.952755905512E-2,3.543307086639E-2,
-2.362204724434E-2));
#6828=DIRECTION('',(1.E0,0.E0,0.E0));
#6829=DIRECTION('',(0.E0,0.E0,-1.E0));
#6830=AXIS2_PLACEMENT_3D('',#6827,#6828,#6829);
#6831=CYLINDRICAL_SURFACE('',#6830,3.937007874262E-3);
#6832=ORIENTED_EDGE('',*,*,#6817,.T.);
#6833=ORIENTED_EDGE('',*,*,#6806,.T.);
#6834=ORIENTED_EDGE('',*,*,#6791,.F.);
#6836=ORIENTED_EDGE('',*,*,#6835,.F.);
#6837=EDGE_LOOP('',(#6832,#6833,#6834,#6836));
#6838=FACE_OUTER_BOUND('',#6837,.F.);
#6839=ADVANCED_FACE('',(#6838),#6831,.F.);
#6840=CARTESIAN_POINT('',(-2.952755905512E-2,3.543307086639E-2,
-1.968503937008E-2));
#6841=DIRECTION('',(0.E0,0.E0,-1.E0));
#6842=DIRECTION('',(0.E0,1.E0,0.E0));
#6843=AXIS2_PLACEMENT_3D('',#6840,#6841,#6842);
#6844=PLANE('',#6843);
#6845=ORIENTED_EDGE('',*,*,#6819,.T.);
#6846=ORIENTED_EDGE('',*,*,#6835,.T.);
#6847=ORIENTED_EDGE('',*,*,#6789,.F.);
#6849=ORIENTED_EDGE('',*,*,#6848,.T.);
#6851=ORIENTED_EDGE('',*,*,#6850,.F.);
#6853=ORIENTED_EDGE('',*,*,#6852,.F.);
#6854=EDGE_LOOP('',(#6845,#6846,#6847,#6849,#6851,#6853));
#6855=FACE_OUTER_BOUND('',#6854,.F.);
#6856=ADVANCED_FACE('',(#6855),#6844,.T.);
#6857=CARTESIAN_POINT('',(1.279527559055E-2,3.149606299213E-2,
-3.937007874016E-2));
#6858=DIRECTION('',(-1.E0,0.E0,0.E0));
#6859=DIRECTION('',(0.E0,0.E0,1.E0));
#6860=AXIS2_PLACEMENT_3D('',#6857,#6858,#6859);
#6861=PLANE('',#6860);
#6862=ORIENTED_EDGE('',*,*,#6774,.T.);
#6864=ORIENTED_EDGE('',*,*,#6863,.F.);
#6866=ORIENTED_EDGE('',*,*,#6865,.F.);
#6868=ORIENTED_EDGE('',*,*,#6867,.F.);
#6870=ORIENTED_EDGE('',*,*,#6869,.F.);
#6871=ORIENTED_EDGE('',*,*,#6848,.F.);
#6872=EDGE_LOOP('',(#6862,#6864,#6866,#6868,#6870,#6871));
#6873=FACE_OUTER_BOUND('',#6872,.F.);
#6874=ADVANCED_FACE('',(#6873),#6861,.F.);
#6875=CARTESIAN_POINT('',(-2.952755905512E-2,5.393700787391E-2,
1.968503937008E-2));
#6876=DIRECTION('',(0.E0,0.E0,1.E0));
#6877=DIRECTION('',(0.E0,-1.E0,0.E0));
#6878=AXIS2_PLACEMENT_3D('',#6875,#6876,#6877);
#6879=PLANE('',#6878);
#6881=ORIENTED_EDGE('',*,*,#6880,.F.);
#6883=ORIENTED_EDGE('',*,*,#6882,.F.);
#6885=ORIENTED_EDGE('',*,*,#6884,.T.);
#6886=ORIENTED_EDGE('',*,*,#6863,.T.);
#6888=ORIENTED_EDGE('',*,*,#6887,.T.);
#6890=ORIENTED_EDGE('',*,*,#6889,.F.);
#6891=EDGE_LOOP('',(#6881,#6883,#6885,#6886,#6888,#6890));
#6892=FACE_OUTER_BOUND('',#6891,.F.);
#6893=ADVANCED_FACE('',(#6892),#6879,.T.);
#6894=CARTESIAN_POINT('',(-1.279527559055E-2,5.905511811024E-2,
-4.133858267717E-2));
#6895=DIRECTION('',(-1.E0,0.E0,0.E0));
#6896=DIRECTION('',(0.E0,0.E0,1.E0));
#6897=AXIS2_PLACEMENT_3D('',#6894,#6895,#6896);
#6898=PLANE('',#6897);
#6900=ORIENTED_EDGE('',*,*,#6899,.T.);
#6902=ORIENTED_EDGE('',*,*,#6901,.F.);
#6903=ORIENTED_EDGE('',*,*,#6768,.F.);
#6904=ORIENTED_EDGE('',*,*,#6880,.T.);
#6906=ORIENTED_EDGE('',*,*,#6905,.F.);
#6907=EDGE_LOOP('',(#6900,#6902,#6903,#6904,#6906));
#6908=FACE_OUTER_BOUND('',#6907,.F.);
#6909=ADVANCED_FACE('',(#6908),#6898,.F.);
#6910=CARTESIAN_POINT('',(-2.952755905512E-2,3.149606299213E-2,
-6.496062992114E-2));
#6911=DIRECTION('',(0.E0,1.E0,0.E0));
#6912=DIRECTION('',(0.E0,0.E0,1.E0));
#6913=AXIS2_PLACEMENT_3D('',#6910,#6911,#6912);
#6914=PLANE('',#6913);
#6915=ORIENTED_EDGE('',*,*,#6899,.F.);
#6917=ORIENTED_EDGE('',*,*,#6916,.T.);
#6919=ORIENTED_EDGE('',*,*,#6918,.F.);
#6921=ORIENTED_EDGE('',*,*,#6920,.F.);
#6922=EDGE_LOOP('',(#6915,#6917,#6919,#6921));
#6923=FACE_OUTER_BOUND('',#6922,.F.);
#6924=ADVANCED_FACE('',(#6923),#6914,.T.);
#6925=CARTESIAN_POINT('',(-2.952755905512E-2,3.543307086639E-2,
2.362204724434E-2));
#6926=DIRECTION('',(1.E0,0.E0,0.E0));
#6927=DIRECTION('',(0.E0,0.E0,-1.E0));
#6928=AXIS2_PLACEMENT_3D('',#6925,#6926,#6927);
#6929=CYLINDRICAL_SURFACE('',#6928,3.937007874262E-3);
#6930=ORIENTED_EDGE('',*,*,#6905,.T.);
#6931=ORIENTED_EDGE('',*,*,#6889,.T.);
#6933=ORIENTED_EDGE('',*,*,#6932,.F.);
#6934=ORIENTED_EDGE('',*,*,#6916,.F.);
#6935=EDGE_LOOP('',(#6930,#6931,#6933,#6934));
#6936=FACE_OUTER_BOUND('',#6935,.F.);
#6937=ADVANCED_FACE('',(#6936),#6929,.F.);
#6938=CARTESIAN_POINT('',(1.279527559055E-2,5.905511811024E-2,
4.133858267717E-2));
#6939=DIRECTION('',(1.E0,0.E0,0.E0));
#6940=DIRECTION('',(0.E0,0.E0,-1.E0));
#6941=AXIS2_PLACEMENT_3D('',#6938,#6939,#6940);
#6942=PLANE('',#6941);
#6943=ORIENTED_EDGE('',*,*,#6918,.T.);
#6944=ORIENTED_EDGE('',*,*,#6932,.T.);
#6945=ORIENTED_EDGE('',*,*,#6887,.F.);
#6946=ORIENTED_EDGE('',*,*,#6772,.F.);
#6948=ORIENTED_EDGE('',*,*,#6947,.T.);
#6949=EDGE_LOOP('',(#6943,#6944,#6945,#6946,#6948));
#6950=FACE_OUTER_BOUND('',#6949,.F.);
#6951=ADVANCED_FACE('',(#6950),#6942,.F.);
#6952=CARTESIAN_POINT('',(-1.279527559055E-2,5.905511811024E-2,
4.133858267717E-2));
#6953=DIRECTION('',(0.E0,0.E0,1.E0));
#6954=DIRECTION('',(1.E0,0.E0,0.E0));
#6955=AXIS2_PLACEMENT_3D('',#6952,#6953,#6954);
#6956=PLANE('',#6955);
#6957=ORIENTED_EDGE('',*,*,#6920,.T.);
#6958=ORIENTED_EDGE('',*,*,#6947,.F.);
#6959=ORIENTED_EDGE('',*,*,#6770,.F.);
#6960=ORIENTED_EDGE('',*,*,#6901,.T.);
#6961=EDGE_LOOP('',(#6957,#6958,#6959,#6960));
#6962=FACE_OUTER_BOUND('',#6961,.F.);
#6963=ADVANCED_FACE('',(#6962),#6956,.F.);
#6964=CARTESIAN_POINT('',(-1.279527559055E-2,3.149606299213E-2,
3.937007874016E-2));
#6965=DIRECTION('',(1.E0,0.E0,0.E0));
#6966=DIRECTION('',(0.E0,0.E0,-1.E0));
#6967=AXIS2_PLACEMENT_3D('',#6964,#6965,#6966);
#6968=PLANE('',#6967);
#6969=ORIENTED_EDGE('',*,*,#6766,.T.);
#6970=ORIENTED_EDGE('',*,*,#6852,.T.);
#6972=ORIENTED_EDGE('',*,*,#6971,.T.);
#6974=ORIENTED_EDGE('',*,*,#6973,.T.);
#6976=ORIENTED_EDGE('',*,*,#6975,.T.);
#6977=ORIENTED_EDGE('',*,*,#6882,.T.);
#6978=EDGE_LOOP('',(#6969,#6970,#6972,#6974,#6976,#6977));
#6979=FACE_OUTER_BOUND('',#6978,.F.);
#6980=ADVANCED_FACE('',(#6979),#6968,.F.);
#6981=CARTESIAN_POINT('',(-2.952755905512E-2,5.393700787391E-2,
-1.574803149582E-2));
#6982=DIRECTION('',(1.E0,0.E0,0.E0));
#6983=DIRECTION('',(0.E0,0.E0,-1.E0));
#6984=AXIS2_PLACEMENT_3D('',#6981,#6982,#6983);
#6985=CYLINDRICAL_SURFACE('',#6984,3.937007874262E-3);
#6986=ORIENTED_EDGE('',*,*,#6869,.T.);
#6988=ORIENTED_EDGE('',*,*,#6987,.F.);
#6989=ORIENTED_EDGE('',*,*,#6971,.F.);
#6990=ORIENTED_EDGE('',*,*,#6850,.T.);
#6991=EDGE_LOOP('',(#6986,#6988,#6989,#6990));
#6992=FACE_OUTER_BOUND('',#6991,.F.);
#6993=ADVANCED_FACE('',(#6992),#6985,.T.);
#6994=CARTESIAN_POINT('',(-2.952755905512E-2,5.787401574818E-2,
-1.574803149582E-2));
#6995=DIRECTION('',(0.E0,1.E0,0.E0));
#6996=DIRECTION('',(0.E0,0.E0,1.E0));
#6997=AXIS2_PLACEMENT_3D('',#6994,#6995,#6996);
#6998=PLANE('',#6997);
#6999=ORIENTED_EDGE('',*,*,#6867,.T.);
#7001=ORIENTED_EDGE('',*,*,#7000,.F.);
#7002=ORIENTED_EDGE('',*,*,#6973,.F.);
#7003=ORIENTED_EDGE('',*,*,#6987,.T.);
#7004=EDGE_LOOP('',(#6999,#7001,#7002,#7003));
#7005=FACE_OUTER_BOUND('',#7004,.F.);
#7006=ADVANCED_FACE('',(#7005),#6998,.T.);
#7007=CARTESIAN_POINT('',(-2.952755905512E-2,5.393700787391E-2,
1.574803149582E-2));
#7008=DIRECTION('',(1.E0,0.E0,0.E0));
#7009=DIRECTION('',(0.E0,0.E0,-1.E0));
#7010=AXIS2_PLACEMENT_3D('',#7007,#7008,#7009);
#7011=CYLINDRICAL_SURFACE('',#7010,3.937007874262E-3);
#7012=ORIENTED_EDGE('',*,*,#6865,.T.);
#7013=ORIENTED_EDGE('',*,*,#6884,.F.);
#7014=ORIENTED_EDGE('',*,*,#6975,.F.);
#7015=ORIENTED_EDGE('',*,*,#7000,.T.);
#7016=EDGE_LOOP('',(#7012,#7013,#7014,#7015));
#7017=FACE_OUTER_BOUND('',#7016,.F.);
#7018=ADVANCED_FACE('',(#7017),#7011,.T.);
#7019=CARTESIAN_POINT('',(1.279527559055E-2,5.905511811024E-2,
-4.133858267717E-2));
#7020=DIRECTION('',(0.E0,0.E0,-1.E0));
#7021=DIRECTION('',(-1.E0,0.E0,0.E0));
#7022=AXIS2_PLACEMENT_3D('',#7019,#7020,#7021);
#7023=PLANE('',#7022);
#7024=ORIENTED_EDGE('',*,*,#6803,.T.);
#7025=ORIENTED_EDGE('',*,*,#6822,.F.);
#7026=ORIENTED_EDGE('',*,*,#6762,.F.);
#7027=ORIENTED_EDGE('',*,*,#6786,.T.);
#7028=EDGE_LOOP('',(#7024,#7025,#7026,#7027));
#7029=FACE_OUTER_BOUND('',#7028,.F.);
#7030=ADVANCED_FACE('',(#7029),#7023,.F.);
#7031=CARTESIAN_POINT('',(4.269685039370E-2,5.905511811024E-2,
-9.728510860852E-3));
#7032=DIRECTION('',(1.E0,0.E0,0.E0));
#7033=DIRECTION('',(0.E0,0.E0,-1.E0));
#7034=AXIS2_PLACEMENT_3D('',#7031,#7032,#7033);
#7035=PLANE('',#7034);
#7036=ORIENTED_EDGE('',*,*,#6375,.F.);
#7038=ORIENTED_EDGE('',*,*,#7037,.T.);
#7040=ORIENTED_EDGE('',*,*,#7039,.T.);
#7042=ORIENTED_EDGE('',*,*,#7041,.F.);
#7043=EDGE_LOOP('',(#7036,#7038,#7040,#7042));
#7044=FACE_OUTER_BOUND('',#7043,.F.);
#7045=ADVANCED_FACE('',(#7044),#7035,.F.);
#7046=CARTESIAN_POINT('',(4.098383334209E-2,5.905511811024E-2,
-9.728510860852E-3));
#7047=DIRECTION('',(0.E0,0.E0,1.E0));
#7048=DIRECTION('',(1.E0,0.E0,0.E0));
#7049=AXIS2_PLACEMENT_3D('',#7046,#7047,#7048);
#7050=PLANE('',#7049);
#7051=ORIENTED_EDGE('',*,*,#6389,.F.);
#7053=ORIENTED_EDGE('',*,*,#7052,.T.);
#7055=ORIENTED_EDGE('',*,*,#7054,.T.);
#7056=ORIENTED_EDGE('',*,*,#7037,.F.);
#7057=EDGE_LOOP('',(#7051,#7053,#7055,#7056));
#7058=FACE_OUTER_BOUND('',#7057,.F.);
#7059=ADVANCED_FACE('',(#7058),#7050,.F.);
#7060=CARTESIAN_POINT('',(4.098383334209E-2,5.905511811024E-2,
-1.509596508906E-2));
#7061=DIRECTION('',(-1.E0,0.E0,0.E0));
#7062=DIRECTION('',(0.E0,0.E0,1.E0));
#7063=AXIS2_PLACEMENT_3D('',#7060,#7061,#7062);
#7064=PLANE('',#7063);
#7065=ORIENTED_EDGE('',*,*,#6387,.F.);
#7067=ORIENTED_EDGE('',*,*,#7066,.T.);
#7069=ORIENTED_EDGE('',*,*,#7068,.T.);
#7070=ORIENTED_EDGE('',*,*,#7052,.F.);
#7071=EDGE_LOOP('',(#7065,#7067,#7069,#7070));
#7072=FACE_OUTER_BOUND('',#7071,.F.);
#7073=ADVANCED_FACE('',(#7072),#7064,.F.);
#7074=CARTESIAN_POINT('',(2.659448818898E-2,5.905511811024E-2,
-1.509596508906E-2));
#7075=DIRECTION('',(0.E0,0.E0,1.E0));
#7076=DIRECTION('',(1.E0,0.E0,0.E0));
#7077=AXIS2_PLACEMENT_3D('',#7074,#7075,#7076);
#7078=PLANE('',#7077);
#7079=ORIENTED_EDGE('',*,*,#6385,.F.);
#7081=ORIENTED_EDGE('',*,*,#7080,.T.);
#7083=ORIENTED_EDGE('',*,*,#7082,.T.);
#7084=ORIENTED_EDGE('',*,*,#7066,.F.);
#7085=EDGE_LOOP('',(#7079,#7081,#7083,#7084));
#7086=FACE_OUTER_BOUND('',#7085,.F.);
#7087=ADVANCED_FACE('',(#7086),#7078,.F.);
#7088=CARTESIAN_POINT('',(2.659448818898E-2,5.905511811024E-2,
-1.710876036465E-2));
#7089=DIRECTION('',(-1.E0,0.E0,0.E0));
#7090=DIRECTION('',(0.E0,0.E0,1.E0));
#7091=AXIS2_PLACEMENT_3D('',#7088,#7089,#7090);
#7092=PLANE('',#7091);
#7093=ORIENTED_EDGE('',*,*,#6383,.F.);
#7095=ORIENTED_EDGE('',*,*,#7094,.T.);
#7097=ORIENTED_EDGE('',*,*,#7096,.T.);
#7098=ORIENTED_EDGE('',*,*,#7080,.F.);
#7099=EDGE_LOOP('',(#7093,#7095,#7097,#7098));
#7100=FACE_OUTER_BOUND('',#7099,.F.);
#7101=ADVANCED_FACE('',(#7100),#7092,.F.);
#7102=CARTESIAN_POINT('',(4.098383334209E-2,5.905511811024E-2,
-1.710876036465E-2));
#7103=DIRECTION('',(0.E0,0.E0,-1.E0));
#7104=DIRECTION('',(-1.E0,0.E0,0.E0));
#7105=AXIS2_PLACEMENT_3D('',#7102,#7103,#7104);
#7106=PLANE('',#7105);
#7107=ORIENTED_EDGE('',*,*,#6381,.F.);
#7109=ORIENTED_EDGE('',*,*,#7108,.T.);
#7111=ORIENTED_EDGE('',*,*,#7110,.T.);
#7112=ORIENTED_EDGE('',*,*,#7094,.F.);
#7113=EDGE_LOOP('',(#7107,#7109,#7111,#7112));
#7114=FACE_OUTER_BOUND('',#7113,.F.);
#7115=ADVANCED_FACE('',(#7114),#7106,.F.);
#7116=CARTESIAN_POINT('',(4.098383334209E-2,5.905511811024E-2,
-2.247621459285E-2));
#7117=DIRECTION('',(-1.E0,0.E0,0.E0));
#7118=DIRECTION('',(0.E0,0.E0,1.E0));
#7119=AXIS2_PLACEMENT_3D('',#7116,#7117,#7118);
#7120=PLANE('',#7119);
#7121=ORIENTED_EDGE('',*,*,#6379,.F.);
#7123=ORIENTED_EDGE('',*,*,#7122,.T.);
#7125=ORIENTED_EDGE('',*,*,#7124,.T.);
#7126=ORIENTED_EDGE('',*,*,#7108,.F.);
#7127=EDGE_LOOP('',(#7121,#7123,#7125,#7126));
#7128=FACE_OUTER_BOUND('',#7127,.F.);
#7129=ADVANCED_FACE('',(#7128),#7120,.F.);
#7130=CARTESIAN_POINT('',(4.269685039370E-2,5.905511811024E-2,
-2.247621459285E-2));
#7131=DIRECTION('',(0.E0,0.E0,-1.E0));
#7132=DIRECTION('',(-1.E0,0.E0,0.E0));
#7133=AXIS2_PLACEMENT_3D('',#7130,#7131,#7132);
#7134=PLANE('',#7133);
#7135=ORIENTED_EDGE('',*,*,#6377,.F.);
#7136=ORIENTED_EDGE('',*,*,#7041,.T.);
#7138=ORIENTED_EDGE('',*,*,#7137,.T.);
#7139=ORIENTED_EDGE('',*,*,#7122,.F.);
#7140=EDGE_LOOP('',(#7135,#7136,#7138,#7139));
#7141=FACE_OUTER_BOUND('',#7140,.F.);
#7142=ADVANCED_FACE('',(#7141),#7134,.F.);
#7143=CARTESIAN_POINT('',(4.724409448819E-2,5.885826771654E-2,0.E0));
#7144=DIRECTION('',(0.E0,1.E0,0.E0));
#7145=DIRECTION('',(0.E0,0.E0,1.E0));
#7146=AXIS2_PLACEMENT_3D('',#7143,#7144,#7145);
#7147=PLANE('',#7146);
#7148=ORIENTED_EDGE('',*,*,#7039,.F.);
#7149=ORIENTED_EDGE('',*,*,#7054,.F.);
#7150=ORIENTED_EDGE('',*,*,#7068,.F.);
#7151=ORIENTED_EDGE('',*,*,#7082,.F.);
#7152=ORIENTED_EDGE('',*,*,#7096,.F.);
#7153=ORIENTED_EDGE('',*,*,#7110,.F.);
#7154=ORIENTED_EDGE('',*,*,#7124,.F.);
#7155=ORIENTED_EDGE('',*,*,#7137,.F.);
#7156=EDGE_LOOP('',(#7148,#7149,#7150,#7151,#7152,#7153,#7154,#7155));
#7157=FACE_OUTER_BOUND('',#7156,.F.);
#7158=ADVANCED_FACE('',(#7157),#7147,.T.);
#7159=CARTESIAN_POINT('',(-3.200996810761E-2,5.905511811024E-2,
-8.722112287921E-3));
#7160=DIRECTION('',(-1.E0,0.E0,0.E0));
#7161=DIRECTION('',(0.E0,0.E0,1.E0));
#7162=AXIS2_PLACEMENT_3D('',#7159,#7160,#7161);
#7163=PLANE('',#7162);
#7164=ORIENTED_EDGE('',*,*,#6393,.F.);
#7166=ORIENTED_EDGE('',*,*,#7165,.T.);
#7168=ORIENTED_EDGE('',*,*,#7167,.T.);
#7170=ORIENTED_EDGE('',*,*,#7169,.F.);
#7171=EDGE_LOOP('',(#7164,#7166,#7168,#7170));
#7172=FACE_OUTER_BOUND('',#7171,.F.);
#7173=ADVANCED_FACE('',(#7172),#7163,.F.);
#7174=CARTESIAN_POINT('',(-3.063955446632E-2,5.905511811024E-2,
-8.722112287921E-3));
#7175=DIRECTION('',(0.E0,0.E0,-1.E0));
#7176=DIRECTION('',(-1.E0,0.E0,0.E0));
#7177=AXIS2_PLACEMENT_3D('',#7174,#7175,#7176);
#7178=PLANE('',#7177);
#7179=ORIENTED_EDGE('',*,*,#6505,.F.);
#7181=ORIENTED_EDGE('',*,*,#7180,.T.);
#7183=ORIENTED_EDGE('',*,*,#7182,.T.);
#7184=ORIENTED_EDGE('',*,*,#7165,.F.);
#7185=EDGE_LOOP('',(#7179,#7181,#7183,#7184));
#7186=FACE_OUTER_BOUND('',#7185,.F.);
#7187=ADVANCED_FACE('',(#7186),#7178,.F.);
#7188=CARTESIAN_POINT('',(-3.063955446632E-2,5.905511811024E-2,
-7.380249090786E-3));
#7189=DIRECTION('',(1.E0,0.E0,0.E0));
#7190=DIRECTION('',(0.E0,0.E0,-1.E0));
#7191=AXIS2_PLACEMENT_3D('',#7188,#7189,#7190);
#7192=PLANE('',#7191);
#7193=ORIENTED_EDGE('',*,*,#6503,.F.);
#7195=ORIENTED_EDGE('',*,*,#7194,.T.);
#7197=ORIENTED_EDGE('',*,*,#7196,.T.);
#7198=ORIENTED_EDGE('',*,*,#7180,.F.);
#7199=EDGE_LOOP('',(#7193,#7195,#7197,#7198));
#7200=FACE_OUTER_BOUND('',#7199,.F.);
#7201=ADVANCED_FACE('',(#7200),#7192,.F.);
#7202=CARTESIAN_POINT('',(-2.995434764567E-2,5.905511811024E-2,
-5.367453335308E-3));
#7203=DIRECTION('',(9.466499412097E-1,0.E0,-3.222636945230E-1));
#7204=DIRECTION('',(-3.222636945230E-1,0.E0,-9.466499412097E-1));
#7205=AXIS2_PLACEMENT_3D('',#7202,#7203,#7204);
#7206=PLANE('',#7205);
#7207=ORIENTED_EDGE('',*,*,#6501,.F.);
#7209=ORIENTED_EDGE('',*,*,#7208,.T.);
#7211=ORIENTED_EDGE('',*,*,#7210,.T.);
#7212=ORIENTED_EDGE('',*,*,#7194,.F.);
#7213=EDGE_LOOP('',(#7207,#7209,#7211,#7212));
#7214=FACE_OUTER_BOUND('',#7213,.F.);
#7215=ADVANCED_FACE('',(#7214),#7206,.F.);
#7216=CARTESIAN_POINT('',(-2.926914082503E-2,5.905511811024E-2,
-4.696522216628E-3));
#7217=DIRECTION('',(6.996244945571E-1,0.E0,-7.145107183351E-1));
#7218=DIRECTION('',(-7.145107183351E-1,0.E0,-6.996244945571E-1));
#7219=AXIS2_PLACEMENT_3D('',#7216,#7217,#7218);
#7220=PLANE('',#7219);
#7221=ORIENTED_EDGE('',*,*,#6499,.F.);
#7223=ORIENTED_EDGE('',*,*,#7222,.T.);
#7225=ORIENTED_EDGE('',*,*,#7224,.T.);
#7226=ORIENTED_EDGE('',*,*,#7208,.F.);
#7227=EDGE_LOOP('',(#7221,#7223,#7225,#7226));
#7228=FACE_OUTER_BOUND('',#7227,.F.);
#7229=ADVANCED_FACE('',(#7228),#7220,.F.);
#7230=CARTESIAN_POINT('',(-2.789872718374E-2,5.905511811024E-2,
-4.025590138173E-3));
#7231=DIRECTION('',(4.397136649566E-1,0.E0,-8.981380143666E-1));
#7232=DIRECTION('',(-8.981380143666E-1,0.E0,-4.397136649566E-1));
#7233=AXIS2_PLACEMENT_3D('',#7230,#7231,#7232);
#7234=PLANE('',#7233);
#7235=ORIENTED_EDGE('',*,*,#6497,.F.);
#7237=ORIENTED_EDGE('',*,*,#7236,.T.);
#7239=ORIENTED_EDGE('',*,*,#7238,.T.);
#7240=ORIENTED_EDGE('',*,*,#7222,.F.);
#7241=EDGE_LOOP('',(#7235,#7237,#7239,#7240));
#7242=FACE_OUTER_BOUND('',#7241,.F.);
#7243=ADVANCED_FACE('',(#7242),#7234,.F.);
#7244=CARTESIAN_POINT('',(-2.721351940331E-2,5.905511811024E-2,
-4.025590138173E-3));
#7245=DIRECTION('',(0.E0,0.E0,-1.E0));
#7246=DIRECTION('',(-1.E0,0.E0,0.E0));
#7247=AXIS2_PLACEMENT_3D('',#7244,#7245,#7246);
#7248=PLANE('',#7247);
#7249=ORIENTED_EDGE('',*,*,#6495,.F.);
#7251=ORIENTED_EDGE('',*,*,#7250,.T.);
#7253=ORIENTED_EDGE('',*,*,#7252,.T.);
#7254=ORIENTED_EDGE('',*,*,#7236,.F.);
#7255=EDGE_LOOP('',(#7249,#7251,#7253,#7254));
#7256=FACE_OUTER_BOUND('',#7255,.F.);
#7257=ADVANCED_FACE('',(#7256),#7248,.F.);
#7258=CARTESIAN_POINT('',(-2.618570917235E-2,5.905511811024E-2,
-4.696522216628E-3));
#7259=DIRECTION('',(-5.466227293958E-1,0.E0,-8.373790012341E-1));
#7260=DIRECTION('',(-8.373790012341E-1,0.E0,5.466227293958E-1));
#7261=AXIS2_PLACEMENT_3D('',#7258,#7259,#7260);
#7262=PLANE('',#7261);
#7263=ORIENTED_EDGE('',*,*,#6493,.F.);
#7265=ORIENTED_EDGE('',*,*,#7264,.T.);
#7267=ORIENTED_EDGE('',*,*,#7266,.T.);
#7268=ORIENTED_EDGE('',*,*,#7250,.F.);
#7269=EDGE_LOOP('',(#7263,#7265,#7267,#7268));
#7270=FACE_OUTER_BOUND('',#7269,.F.);
#7271=ADVANCED_FACE('',(#7270),#7262,.F.);
#7272=CARTESIAN_POINT('',(-2.550050235170E-2,5.905511811024E-2,
-5.702919854423E-3));
#7273=DIRECTION('',(-8.265992787996E-1,0.E0,-5.627909312417E-1));
#7274=DIRECTION('',(-5.627909312417E-1,0.E0,8.265992787996E-1));
#7275=AXIS2_PLACEMENT_3D('',#7272,#7273,#7274);
#7276=PLANE('',#7275);
#7277=ORIENTED_EDGE('',*,*,#6491,.F.);
#7279=ORIENTED_EDGE('',*,*,#7278,.T.);
#7281=ORIENTED_EDGE('',*,*,#7280,.T.);
#7282=ORIENTED_EDGE('',*,*,#7264,.F.);
#7283=EDGE_LOOP('',(#7277,#7279,#7281,#7282));
#7284=FACE_OUTER_BOUND('',#7283,.F.);
#7285=ADVANCED_FACE('',(#7284),#7276,.F.);
#7286=CARTESIAN_POINT('',(-2.515789894138E-2,5.905511811024E-2,
-7.380249090786E-3));
#7287=DIRECTION('',(-9.797707055361E-1,0.E0,-2.001233733807E-1));
#7288=DIRECTION('',(-2.001233733807E-1,0.E0,9.797707055361E-1));
#7289=AXIS2_PLACEMENT_3D('',#7286,#7287,#7288);
#7290=PLANE('',#7289);
#7291=ORIENTED_EDGE('',*,*,#6489,.F.);
#7293=ORIENTED_EDGE('',*,*,#7292,.T.);
#7295=ORIENTED_EDGE('',*,*,#7294,.T.);
#7296=ORIENTED_EDGE('',*,*,#7278,.F.);
#7297=EDGE_LOOP('',(#7291,#7293,#7295,#7296));
#7298=FACE_OUTER_BOUND('',#7297,.F.);
#7299=ADVANCED_FACE('',(#7298),#7290,.F.);
#7300=CARTESIAN_POINT('',(-2.515789894138E-2,5.905511811024E-2,
-8.722112287921E-3));
#7301=DIRECTION('',(-1.E0,0.E0,0.E0));
#7302=DIRECTION('',(0.E0,0.E0,1.E0));
#7303=AXIS2_PLACEMENT_3D('',#7300,#7301,#7302);
#7304=PLANE('',#7303);
#7305=ORIENTED_EDGE('',*,*,#6487,.F.);
#7307=ORIENTED_EDGE('',*,*,#7306,.T.);
#7309=ORIENTED_EDGE('',*,*,#7308,.T.);
#7310=ORIENTED_EDGE('',*,*,#7292,.F.);
#7311=EDGE_LOOP('',(#7305,#7307,#7309,#7310));
#7312=FACE_OUTER_BOUND('',#7311,.F.);
#7313=ADVANCED_FACE('',(#7312),#7304,.F.);
#7314=CARTESIAN_POINT('',(-2.550050235170E-2,5.905511811024E-2,
-1.039944176423E-2));
#7315=DIRECTION('',(-9.797707111493E-1,0.E0,2.001233458994E-1));
#7316=DIRECTION('',(2.001233458994E-1,0.E0,9.797707111493E-1));
#7317=AXIS2_PLACEMENT_3D('',#7314,#7315,#7316);
#7318=PLANE('',#7317);
#7319=ORIENTED_EDGE('',*,*,#6485,.F.);
#7321=ORIENTED_EDGE('',*,*,#7320,.T.);
#7323=ORIENTED_EDGE('',*,*,#7322,.T.);
#7324=ORIENTED_EDGE('',*,*,#7306,.F.);
#7325=EDGE_LOOP('',(#7319,#7321,#7323,#7324));
#7326=FACE_OUTER_BOUND('',#7325,.F.);
#7327=ADVANCED_FACE('',(#7326),#7318,.F.);
#7328=CARTESIAN_POINT('',(-2.618570917235E-2,5.905511811024E-2,
-1.140583940202E-2));
#7329=DIRECTION('',(-8.265992787996E-1,0.E0,5.627909312417E-1));
#7330=DIRECTION('',(5.627909312417E-1,0.E0,8.265992787996E-1));
#7331=AXIS2_PLACEMENT_3D('',#7328,#7329,#7330);
#7332=PLANE('',#7331);
#7333=ORIENTED_EDGE('',*,*,#6483,.F.);
#7335=ORIENTED_EDGE('',*,*,#7334,.T.);
#7337=ORIENTED_EDGE('',*,*,#7336,.T.);
#7338=ORIENTED_EDGE('',*,*,#7320,.F.);
#7339=EDGE_LOOP('',(#7333,#7335,#7337,#7338));
#7340=FACE_OUTER_BOUND('',#7339,.F.);
#7341=ADVANCED_FACE('',(#7340),#7332,.F.);
#7342=CARTESIAN_POINT('',(-2.721351940331E-2,5.905511811024E-2,
-1.207677124053E-2));
#7343=DIRECTION('',(-5.466225923193E-1,0.E0,8.373790907147E-1));
#7344=DIRECTION('',(8.373790907147E-1,0.E0,5.466225923193E-1));
#7345=AXIS2_PLACEMENT_3D('',#7342,#7343,#7344);
#7346=PLANE('',#7345);
#7347=ORIENTED_EDGE('',*,*,#6481,.F.);
#7349=ORIENTED_EDGE('',*,*,#7348,.T.);
#7351=ORIENTED_EDGE('',*,*,#7350,.T.);
#7352=ORIENTED_EDGE('',*,*,#7334,.F.);
#7353=EDGE_LOOP('',(#7347,#7349,#7351,#7352));
#7354=FACE_OUTER_BOUND('',#7353,.F.);
#7355=ADVANCED_FACE('',(#7354),#7346,.F.);
#7356=CARTESIAN_POINT('',(-2.721351940331E-2,5.905511811024E-2,
-1.375410062686E-2));
#7357=DIRECTION('',(-1.E0,0.E0,0.E0));
#7358=DIRECTION('',(0.E0,0.E0,1.E0));
#7359=AXIS2_PLACEMENT_3D('',#7356,#7357,#7358);
#7360=PLANE('',#7359);
#7361=ORIENTED_EDGE('',*,*,#6479,.F.);
#7363=ORIENTED_EDGE('',*,*,#7362,.T.);
#7365=ORIENTED_EDGE('',*,*,#7364,.T.);
#7366=ORIENTED_EDGE('',*,*,#7348,.F.);
#7367=EDGE_LOOP('',(#7361,#7363,#7365,#7366));
#7368=FACE_OUTER_BOUND('',#7367,.F.);
#7369=ADVANCED_FACE('',(#7368),#7360,.F.);
#7370=CARTESIAN_POINT('',(-2.584310576202E-2,5.905511811024E-2,
-1.341863473760E-2));
#7371=DIRECTION('',(2.377713591533E-1,0.E0,-9.713211522284E-1));
#7372=DIRECTION('',(-9.713211522284E-1,0.E0,-2.377713591533E-1));
#7373=AXIS2_PLACEMENT_3D('',#7370,#7371,#7372);
#7374=PLANE('',#7373);
#7375=ORIENTED_EDGE('',*,*,#6477,.F.);
#7377=ORIENTED_EDGE('',*,*,#7376,.T.);
#7379=ORIENTED_EDGE('',*,*,#7378,.T.);
#7380=ORIENTED_EDGE('',*,*,#7362,.F.);
#7381=EDGE_LOOP('',(#7375,#7377,#7379,#7380));
#7382=FACE_OUTER_BOUND('',#7381,.F.);
#7383=ADVANCED_FACE('',(#7382),#7374,.F.);
#7384=CARTESIAN_POINT('',(-2.447269212073E-2,5.905511811024E-2,
-1.207677124053E-2));
#7385=DIRECTION('',(6.996248298646E-1,0.E0,-7.145103900133E-1));
#7386=DIRECTION('',(-7.145103900133E-1,0.E0,-6.996248298646E-1));
#7387=AXIS2_PLACEMENT_3D('',#7384,#7385,#7386);
#7388=PLANE('',#7387);
#7389=ORIENTED_EDGE('',*,*,#6475,.F.);
#7391=ORIENTED_EDGE('',*,*,#7390,.T.);
#7393=ORIENTED_EDGE('',*,*,#7392,.T.);
#7394=ORIENTED_EDGE('',*,*,#7376,.F.);
#7395=EDGE_LOOP('',(#7389,#7391,#7393,#7394));
#7396=FACE_OUTER_BOUND('',#7395,.F.);
#7397=ADVANCED_FACE('',(#7396),#7388,.F.);
#7398=CARTESIAN_POINT('',(-2.378748530009E-2,5.905511811024E-2,
-1.073490780346E-2));
#7399=DIRECTION('',(8.906052758868E-1,0.E0,-4.547771350481E-1));
#7400=DIRECTION('',(-4.547771350481E-1,0.E0,-8.906052758868E-1));
#7401=AXIS2_PLACEMENT_3D('',#7398,#7399,#7400);
#7402=PLANE('',#7401);
#7403=ORIENTED_EDGE('',*,*,#6473,.F.);
#7405=ORIENTED_EDGE('',*,*,#7404,.T.);
#7407=ORIENTED_EDGE('',*,*,#7406,.T.);
#7408=ORIENTED_EDGE('',*,*,#7390,.F.);
#7409=EDGE_LOOP('',(#7403,#7405,#7407,#7408));
#7410=FACE_OUTER_BOUND('',#7409,.F.);
#7411=ADVANCED_FACE('',(#7410),#7402,.F.);
#7412=CARTESIAN_POINT('',(-2.344488188976E-2,5.905511811024E-2,
-8.386646728581E-3));
#7413=DIRECTION('',(9.895240333173E-1,0.E0,-1.443682357291E-1));
#7414=DIRECTION('',(-1.443682357291E-1,0.E0,-9.895240333173E-1));
#7415=AXIS2_PLACEMENT_3D('',#7412,#7413,#7414);
#7416=PLANE('',#7415);
#7417=ORIENTED_EDGE('',*,*,#6471,.F.);
#7419=ORIENTED_EDGE('',*,*,#7418,.T.);
#7421=ORIENTED_EDGE('',*,*,#7420,.T.);
#7422=ORIENTED_EDGE('',*,*,#7404,.F.);
#7423=EDGE_LOOP('',(#7417,#7419,#7421,#7422));
#7424=FACE_OUTER_BOUND('',#7423,.F.);
#7425=ADVANCED_FACE('',(#7424),#7416,.F.);
#7426=CARTESIAN_POINT('',(-2.344488188976E-2,5.905511811024E-2,
-7.715714650126E-3));
#7427=DIRECTION('',(1.E0,0.E0,0.E0));
#7428=DIRECTION('',(0.E0,0.E0,-1.E0));
#7429=AXIS2_PLACEMENT_3D('',#7426,#7427,#7428);
#7430=PLANE('',#7429);
#7431=ORIENTED_EDGE('',*,*,#6469,.F.);
#7433=ORIENTED_EDGE('',*,*,#7432,.T.);
#7435=ORIENTED_EDGE('',*,*,#7434,.T.);
#7436=ORIENTED_EDGE('',*,*,#7418,.F.);
#7437=EDGE_LOOP('',(#7431,#7433,#7435,#7436));
#7438=FACE_OUTER_BOUND('',#7437,.F.);
#7439=ADVANCED_FACE('',(#7438),#7430,.F.);
#7440=CARTESIAN_POINT('',(-2.378748530009E-2,5.905511811024E-2,
-5.367453335308E-3));
#7441=DIRECTION('',(9.895240354246E-1,0.E0,1.443682212851E-1));
#7442=DIRECTION('',(1.443682212851E-1,0.E0,-9.895240354246E-1));
#7443=AXIS2_PLACEMENT_3D('',#7440,#7441,#7442);
#7444=PLANE('',#7443);
#7445=ORIENTED_EDGE('',*,*,#6467,.F.);
#7447=ORIENTED_EDGE('',*,*,#7446,.T.);
#7449=ORIENTED_EDGE('',*,*,#7448,.T.);
#7450=ORIENTED_EDGE('',*,*,#7432,.F.);
#7451=EDGE_LOOP('',(#7445,#7447,#7449,#7450));
#7452=FACE_OUTER_BOUND('',#7451,.F.);
#7453=ADVANCED_FACE('',(#7452),#7444,.F.);
#7454=CARTESIAN_POINT('',(-2.447269212073E-2,5.905511811024E-2,
-4.025590138173E-3));
#7455=DIRECTION('',(8.906052429498E-1,0.E0,4.547771995497E-1));
#7456=DIRECTION('',(4.547771995497E-1,0.E0,-8.906052429498E-1));
#7457=AXIS2_PLACEMENT_3D('',#7454,#7455,#7456);
#7458=PLANE('',#7457);
#7459=ORIENTED_EDGE('',*,*,#6465,.F.);
#7461=ORIENTED_EDGE('',*,*,#7460,.T.);
#7463=ORIENTED_EDGE('',*,*,#7462,.T.);
#7464=ORIENTED_EDGE('',*,*,#7446,.F.);
#7465=EDGE_LOOP('',(#7459,#7461,#7463,#7464));
#7466=FACE_OUTER_BOUND('',#7465,.F.);
#7467=ADVANCED_FACE('',(#7466),#7458,.F.);
#7468=CARTESIAN_POINT('',(-2.584310576202E-2,5.905511811024E-2,
-2.683726941037E-3));
#7469=DIRECTION('',(6.996247500295E-1,0.E0,7.145104681851E-1));
#7470=DIRECTION('',(7.145104681851E-1,0.E0,-6.996247500295E-1));
#7471=AXIS2_PLACEMENT_3D('',#7468,#7469,#7470);
#7472=PLANE('',#7471);
#7473=ORIENTED_EDGE('',*,*,#6463,.F.);
#7475=ORIENTED_EDGE('',*,*,#7474,.T.);
#7477=ORIENTED_EDGE('',*,*,#7476,.T.);
#7478=ORIENTED_EDGE('',*,*,#7460,.F.);
#7479=EDGE_LOOP('',(#7473,#7475,#7477,#7478));
#7480=FACE_OUTER_BOUND('',#7479,.F.);
#7481=ADVANCED_FACE('',(#7480),#7472,.F.);
#7482=CARTESIAN_POINT('',(-2.721351940331E-2,5.905511811024E-2,
-2.348260421922E-3));
#7483=DIRECTION('',(2.377717803411E-1,0.E0,9.713210491251E-1));
#7484=DIRECTION('',(9.713210491251E-1,0.E0,-2.377717803411E-1));
#7485=AXIS2_PLACEMENT_3D('',#7482,#7483,#7484);
#7486=PLANE('',#7485);
#7487=ORIENTED_EDGE('',*,*,#6461,.F.);
#7489=ORIENTED_EDGE('',*,*,#7488,.T.);
#7491=ORIENTED_EDGE('',*,*,#7490,.T.);
#7492=ORIENTED_EDGE('',*,*,#7474,.F.);
#7493=EDGE_LOOP('',(#7487,#7489,#7491,#7492));
#7494=FACE_OUTER_BOUND('',#7493,.F.);
#7495=ADVANCED_FACE('',(#7494),#7486,.F.);
#7496=CARTESIAN_POINT('',(-2.789872718374E-2,5.905511811024E-2,
-2.348260421922E-3));
#7497=DIRECTION('',(0.E0,0.E0,1.E0));
#7498=DIRECTION('',(1.E0,0.E0,0.E0));
#7499=AXIS2_PLACEMENT_3D('',#7496,#7497,#7498);
#7500=PLANE('',#7499);
#7501=ORIENTED_EDGE('',*,*,#6459,.F.);
#7503=ORIENTED_EDGE('',*,*,#7502,.T.);
#7505=ORIENTED_EDGE('',*,*,#7504,.T.);
#7506=ORIENTED_EDGE('',*,*,#7488,.F.);
#7507=EDGE_LOOP('',(#7501,#7503,#7505,#7506));
#7508=FACE_OUTER_BOUND('',#7507,.F.);
#7509=ADVANCED_FACE('',(#7508),#7500,.F.);
#7510=CARTESIAN_POINT('',(-2.926914082503E-2,5.905511811024E-2,
-2.683726941037E-3));
#7511=DIRECTION('',(-2.377717803411E-1,0.E0,9.713210491251E-1));
#7512=DIRECTION('',(9.713210491251E-1,0.E0,2.377717803411E-1));
#7513=AXIS2_PLACEMENT_3D('',#7510,#7511,#7512);
#7514=PLANE('',#7513);
#7515=ORIENTED_EDGE('',*,*,#6457,.F.);
#7517=ORIENTED_EDGE('',*,*,#7516,.T.);
#7519=ORIENTED_EDGE('',*,*,#7518,.T.);
#7520=ORIENTED_EDGE('',*,*,#7502,.F.);
#7521=EDGE_LOOP('',(#7515,#7517,#7519,#7520));
#7522=FACE_OUTER_BOUND('',#7521,.F.);
#7523=ADVANCED_FACE('',(#7522),#7514,.F.);
#7524=CARTESIAN_POINT('',(-3.029695105600E-2,5.905511811024E-2,
-3.354658059717E-3));
#7525=DIRECTION('',(-5.466221810895E-1,0.E0,8.373793591563E-1));
#7526=DIRECTION('',(8.373793591563E-1,0.E0,5.466221810895E-1));
#7527=AXIS2_PLACEMENT_3D('',#7524,#7525,#7526);
#7528=PLANE('',#7527);
#7529=ORIENTED_EDGE('',*,*,#6455,.F.);
#7531=ORIENTED_EDGE('',*,*,#7530,.T.);
#7533=ORIENTED_EDGE('',*,*,#7532,.T.);
#7534=ORIENTED_EDGE('',*,*,#7516,.F.);
#7535=EDGE_LOOP('',(#7529,#7531,#7533,#7534));
#7536=FACE_OUTER_BOUND('',#7535,.F.);
#7537=ADVANCED_FACE('',(#7536),#7528,.F.);
#7538=CARTESIAN_POINT('',(-3.132476128696E-2,5.905511811024E-2,
-4.696522216628E-3));
#7539=DIRECTION('',(-7.938783209665E-1,0.E0,6.080766493621E-1));
#7540=DIRECTION('',(6.080766493621E-1,0.E0,7.938783209665E-1));
#7541=AXIS2_PLACEMENT_3D('',#7538,#7539,#7540);
#7542=PLANE('',#7541);
#7543=ORIENTED_EDGE('',*,*,#6453,.F.);
#7545=ORIENTED_EDGE('',*,*,#7544,.T.);
#7547=ORIENTED_EDGE('',*,*,#7546,.T.);
#7548=ORIENTED_EDGE('',*,*,#7530,.F.);
#7549=EDGE_LOOP('',(#7543,#7545,#7547,#7548));
#7550=FACE_OUTER_BOUND('',#7549,.F.);
#7551=ADVANCED_FACE('',(#7550),#7542,.F.);
#7552=CARTESIAN_POINT('',(-3.200996810761E-2,5.905511811024E-2,
-3.019192500377E-3));
#7553=DIRECTION('',(9.257351324985E-1,0.E0,3.781725326593E-1));
#7554=DIRECTION('',(3.781725326593E-1,0.E0,-9.257351324985E-1));
#7555=AXIS2_PLACEMENT_3D('',#7552,#7553,#7554);
#7556=PLANE('',#7555);
#7557=ORIENTED_EDGE('',*,*,#6451,.F.);
#7559=ORIENTED_EDGE('',*,*,#7558,.T.);
#7561=ORIENTED_EDGE('',*,*,#7560,.T.);
#7562=ORIENTED_EDGE('',*,*,#7544,.F.);
#7563=EDGE_LOOP('',(#7557,#7559,#7561,#7562));
#7564=FACE_OUTER_BOUND('',#7563,.F.);
#7565=ADVANCED_FACE('',(#7564),#7556,.F.);
#7566=CARTESIAN_POINT('',(-3.303777833858E-2,5.905511811024E-2,
-2.348260421922E-3));
#7567=DIRECTION('',(5.466227293958E-1,0.E0,8.373790012341E-1));
#7568=DIRECTION('',(8.373790012341E-1,0.E0,-5.466227293958E-1));
#7569=AXIS2_PLACEMENT_3D('',#7566,#7567,#7568);
#7570=PLANE('',#7569);
#7571=ORIENTED_EDGE('',*,*,#6449,.F.);
#7573=ORIENTED_EDGE('',*,*,#7572,.T.);
#7575=ORIENTED_EDGE('',*,*,#7574,.T.);
#7576=ORIENTED_EDGE('',*,*,#7558,.F.);
#7577=EDGE_LOOP('',(#7571,#7573,#7575,#7576));
#7578=FACE_OUTER_BOUND('',#7577,.F.);
#7579=ADVANCED_FACE('',(#7578),#7570,.F.);
#7580=CARTESIAN_POINT('',(-3.440819245976E-2,5.905511811024E-2,
-2.012794862582E-3));
#7581=DIRECTION('',(2.377710599762E-1,0.E0,9.713212254645E-1));
#7582=DIRECTION('',(9.713212254645E-1,0.E0,-2.377710599762E-1));
#7583=AXIS2_PLACEMENT_3D('',#7580,#7581,#7582);
#7584=PLANE('',#7583);
#7585=ORIENTED_EDGE('',*,*,#6447,.F.);
#7587=ORIENTED_EDGE('',*,*,#7586,.T.);
#7589=ORIENTED_EDGE('',*,*,#7588,.T.);
#7590=ORIENTED_EDGE('',*,*,#7572,.F.);
#7591=EDGE_LOOP('',(#7585,#7587,#7589,#7590));
#7592=FACE_OUTER_BOUND('',#7591,.F.);
#7593=ADVANCED_FACE('',(#7592),#7584,.F.);
#7594=CARTESIAN_POINT('',(-3.577860610105E-2,5.905511811024E-2,
-2.012794862582E-3));
#7595=DIRECTION('',(0.E0,0.E0,1.E0));
#7596=DIRECTION('',(1.E0,0.E0,0.E0));
#7597=AXIS2_PLACEMENT_3D('',#7594,#7595,#7596);
#7598=PLANE('',#7597);
#7599=ORIENTED_EDGE('',*,*,#6445,.F.);
#7601=ORIENTED_EDGE('',*,*,#7600,.T.);
#7603=ORIENTED_EDGE('',*,*,#7602,.T.);
#7604=ORIENTED_EDGE('',*,*,#7586,.F.);
#7605=EDGE_LOOP('',(#7599,#7601,#7603,#7604));
#7606=FACE_OUTER_BOUND('',#7605,.F.);
#7607=ADVANCED_FACE('',(#7606),#7598,.F.);
#7608=CARTESIAN_POINT('',(-3.680641657196E-2,5.905511811024E-2,
-2.348260421922E-3));
#7609=DIRECTION('',(-3.102797320889E-1,0.E0,9.506453007588E-1));
#7610=DIRECTION('',(9.506453007588E-1,0.E0,3.102797320889E-1));
#7611=AXIS2_PLACEMENT_3D('',#7608,#7609,#7610);
#7612=PLANE('',#7611);
#7613=ORIENTED_EDGE('',*,*,#6443,.F.);
#7615=ORIENTED_EDGE('',*,*,#7614,.T.);
#7617=ORIENTED_EDGE('',*,*,#7616,.T.);
#7618=ORIENTED_EDGE('',*,*,#7600,.F.);
#7619=EDGE_LOOP('',(#7613,#7615,#7617,#7618));
#7620=FACE_OUTER_BOUND('',#7619,.F.);
#7621=ADVANCED_FACE('',(#7620),#7612,.F.);
#7622=CARTESIAN_POINT('',(-3.783422680293E-2,5.905511811024E-2,
-3.019192500377E-3));
#7623=DIRECTION('',(-5.466227293958E-1,0.E0,8.373790012341E-1));
#7624=DIRECTION('',(8.373790012341E-1,0.E0,5.466227293958E-1));
#7625=AXIS2_PLACEMENT_3D('',#7622,#7623,#7624);
#7626=PLANE('',#7625);
#7627=ORIENTED_EDGE('',*,*,#6441,.F.);
#7629=ORIENTED_EDGE('',*,*,#7628,.T.);
#7631=ORIENTED_EDGE('',*,*,#7630,.T.);
#7632=ORIENTED_EDGE('',*,*,#7614,.F.);
#7633=EDGE_LOOP('',(#7627,#7629,#7631,#7632));
#7634=FACE_OUTER_BOUND('',#7633,.F.);
#7635=ADVANCED_FACE('',(#7634),#7626,.F.);
#7636=CARTESIAN_POINT('',(-3.851943374355E-2,5.905511811024E-2,
-4.025590138173E-3));
#7637=DIRECTION('',(-8.265992329593E-1,0.E0,5.627909985696E-1));
#7638=DIRECTION('',(5.627909985696E-1,0.E0,8.265992329593E-1));
#7639=AXIS2_PLACEMENT_3D('',#7636,#7637,#7638);
#7640=PLANE('',#7639);
#7641=ORIENTED_EDGE('',*,*,#6439,.F.);
#7643=ORIENTED_EDGE('',*,*,#7642,.T.);
#7645=ORIENTED_EDGE('',*,*,#7644,.T.);
#7646=ORIENTED_EDGE('',*,*,#7628,.F.);
#7647=EDGE_LOOP('',(#7641,#7643,#7645,#7646));
#7648=FACE_OUTER_BOUND('',#7647,.F.);
#7649=ADVANCED_FACE('',(#7648),#7640,.F.);
#7650=CARTESIAN_POINT('',(-3.920464065417E-2,5.905511811024E-2,
-5.367453335308E-3));
#7651=DIRECTION('',(-8.906052187617E-1,0.E0,4.547772469181E-1));
#7652=DIRECTION('',(4.547772469181E-1,0.E0,8.906052187617E-1));
#7653=AXIS2_PLACEMENT_3D('',#7650,#7651,#7652);
#7654=PLANE('',#7653);
#7655=ORIENTED_EDGE('',*,*,#6437,.F.);
#7657=ORIENTED_EDGE('',*,*,#7656,.T.);
#7659=ORIENTED_EDGE('',*,*,#7658,.T.);
#7660=ORIENTED_EDGE('',*,*,#7642,.F.);
#7661=EDGE_LOOP('',(#7655,#7657,#7659,#7660));
#7662=FACE_OUTER_BOUND('',#7661,.F.);
#7663=ADVANCED_FACE('',(#7662),#7654,.F.);
#7664=CARTESIAN_POINT('',(-3.954724409449E-2,5.905511811024E-2,
-6.709317012331E-3));
#7665=DIRECTION('',(-9.689177195707E-1,0.E0,2.473832102262E-1));
#7666=DIRECTION('',(2.473832102262E-1,0.E0,9.689177195707E-1));
#7667=AXIS2_PLACEMENT_3D('',#7664,#7665,#7666);
#7668=PLANE('',#7667);
#7669=ORIENTED_EDGE('',*,*,#6435,.F.);
#7671=ORIENTED_EDGE('',*,*,#7670,.T.);
#7673=ORIENTED_EDGE('',*,*,#7672,.T.);
#7674=ORIENTED_EDGE('',*,*,#7656,.F.);
#7675=EDGE_LOOP('',(#7669,#7671,#7673,#7674));
#7676=FACE_OUTER_BOUND('',#7675,.F.);
#7677=ADVANCED_FACE('',(#7676),#7668,.F.);
#7678=CARTESIAN_POINT('',(-3.954724409449E-2,5.905511811024E-2,
-9.393044366377E-3));
#7679=DIRECTION('',(-1.E0,0.E0,0.E0));
#7680=DIRECTION('',(0.E0,0.E0,1.E0));
#7681=AXIS2_PLACEMENT_3D('',#7678,#7679,#7680);
#7682=PLANE('',#7681);
#7683=ORIENTED_EDGE('',*,*,#6433,.F.);
#7685=ORIENTED_EDGE('',*,*,#7684,.T.);
#7687=ORIENTED_EDGE('',*,*,#7686,.T.);
#7688=ORIENTED_EDGE('',*,*,#7670,.F.);
#7689=EDGE_LOOP('',(#7683,#7685,#7687,#7688));
#7690=FACE_OUTER_BOUND('',#7689,.F.);
#7691=ADVANCED_FACE('',(#7690),#7682,.F.);
#7692=CARTESIAN_POINT('',(-3.920464065417E-2,5.905511811024E-2,
-1.073490780346E-2));
#7693=DIRECTION('',(-9.689177089677E-1,0.E0,-2.473832517546E-1));
#7694=DIRECTION('',(-2.473832517546E-1,0.E0,9.689177089677E-1));
#7695=AXIS2_PLACEMENT_3D('',#7692,#7693,#7694);
#7696=PLANE('',#7695);
#7697=ORIENTED_EDGE('',*,*,#6431,.F.);
#7699=ORIENTED_EDGE('',*,*,#7698,.T.);
#7701=ORIENTED_EDGE('',*,*,#7700,.T.);
#7702=ORIENTED_EDGE('',*,*,#7684,.F.);
#7703=EDGE_LOOP('',(#7697,#7699,#7701,#7702));
#7704=FACE_OUTER_BOUND('',#7703,.F.);
#7705=ADVANCED_FACE('',(#7704),#7696,.F.);
#7706=CARTESIAN_POINT('',(-3.851943374355E-2,5.905511811024E-2,
-1.207677124053E-2));
#7707=DIRECTION('',(-8.906052516987E-1,0.E0,-4.547771824165E-1));
#7708=DIRECTION('',(-4.547771824165E-1,0.E0,8.906052516987E-1));
#7709=AXIS2_PLACEMENT_3D('',#7706,#7707,#7708);
#7710=PLANE('',#7709);
#7711=ORIENTED_EDGE('',*,*,#6429,.F.);
#7713=ORIENTED_EDGE('',*,*,#7712,.T.);
#7715=ORIENTED_EDGE('',*,*,#7714,.T.);
#7716=ORIENTED_EDGE('',*,*,#7698,.F.);
#7717=EDGE_LOOP('',(#7711,#7713,#7715,#7716));
#7718=FACE_OUTER_BOUND('',#7717,.F.);
#7719=ADVANCED_FACE('',(#7718),#7710,.F.);
#7720=CARTESIAN_POINT('',(-3.783422680293E-2,5.905511811024E-2,
-1.308316887833E-2));
#7721=DIRECTION('',(-8.265992329593E-1,0.E0,-5.627909985696E-1));
#7722=DIRECTION('',(-5.627909985696E-1,0.E0,8.265992329593E-1));
#7723=AXIS2_PLACEMENT_3D('',#7720,#7721,#7722);
#7724=PLANE('',#7723);
#7725=ORIENTED_EDGE('',*,*,#6427,.F.);
#7727=ORIENTED_EDGE('',*,*,#7726,.T.);
#7729=ORIENTED_EDGE('',*,*,#7728,.T.);
#7730=ORIENTED_EDGE('',*,*,#7712,.F.);
#7731=EDGE_LOOP('',(#7725,#7727,#7729,#7730));
#7732=FACE_OUTER_BOUND('',#7731,.F.);
#7733=ADVANCED_FACE('',(#7732),#7724,.F.);
#7734=CARTESIAN_POINT('',(-3.680641657196E-2,5.905511811024E-2,
-1.375410062686E-2));
#7735=DIRECTION('',(-5.466225409156E-1,0.E0,-8.373791242699E-1));
#7736=DIRECTION('',(-8.373791242699E-1,0.E0,5.466225409156E-1));
#7737=AXIS2_PLACEMENT_3D('',#7734,#7735,#7736);
#7738=PLANE('',#7737);
#7739=ORIENTED_EDGE('',*,*,#6425,.F.);
#7741=ORIENTED_EDGE('',*,*,#7740,.T.);
#7743=ORIENTED_EDGE('',*,*,#7742,.T.);
#7744=ORIENTED_EDGE('',*,*,#7726,.F.);
#7745=EDGE_LOOP('',(#7739,#7741,#7743,#7744));
#7746=FACE_OUTER_BOUND('',#7745,.F.);
#7747=ADVANCED_FACE('',(#7746),#7738,.F.);
#7748=CARTESIAN_POINT('',(-3.577860610105E-2,5.905511811024E-2,
-1.408956651613E-2));
#7749=DIRECTION('',(-3.102800078639E-1,0.E0,-9.506452107490E-1));
#7750=DIRECTION('',(-9.506452107490E-1,0.E0,3.102800078639E-1));
#7751=AXIS2_PLACEMENT_3D('',#7748,#7749,#7750);
#7752=PLANE('',#7751);
#7753=ORIENTED_EDGE('',*,*,#6423,.F.);
#7755=ORIENTED_EDGE('',*,*,#7754,.T.);
#7757=ORIENTED_EDGE('',*,*,#7756,.T.);
#7758=ORIENTED_EDGE('',*,*,#7740,.F.);
#7759=EDGE_LOOP('',(#7753,#7755,#7757,#7758));
#7760=FACE_OUTER_BOUND('',#7759,.F.);
#7761=ADVANCED_FACE('',(#7760),#7752,.F.);
#7762=CARTESIAN_POINT('',(-3.577860610105E-2,5.905511811024E-2,
-1.241223715979E-2));
#7763=DIRECTION('',(1.E0,0.E0,0.E0));
#7764=DIRECTION('',(0.E0,0.E0,-1.E0));
#7765=AXIS2_PLACEMENT_3D('',#7762,#7763,#7764);
#7766=PLANE('',#7765);
#7767=ORIENTED_EDGE('',*,*,#6421,.F.);
#7769=ORIENTED_EDGE('',*,*,#7768,.T.);
#7771=ORIENTED_EDGE('',*,*,#7770,.T.);
#7772=ORIENTED_EDGE('',*,*,#7754,.F.);
#7773=EDGE_LOOP('',(#7767,#7769,#7771,#7772));
#7774=FACE_OUTER_BOUND('',#7773,.F.);
#7775=ADVANCED_FACE('',(#7774),#7766,.F.);
#7776=CARTESIAN_POINT('',(-3.646381292169E-2,5.905511811024E-2,
-1.207677124053E-2));
#7777=DIRECTION('',(4.397135381076E-1,0.E0,8.981380764698E-1));
#7778=DIRECTION('',(8.981380764698E-1,0.E0,-4.397135381076E-1));
#7779=AXIS2_PLACEMENT_3D('',#7776,#7777,#7778);
#7780=PLANE('',#7779);
#7781=ORIENTED_EDGE('',*,*,#6419,.F.);
#7783=ORIENTED_EDGE('',*,*,#7782,.T.);
#7785=ORIENTED_EDGE('',*,*,#7784,.T.);
#7786=ORIENTED_EDGE('',*,*,#7768,.F.);
#7787=EDGE_LOOP('',(#7781,#7783,#7785,#7786));
#7788=FACE_OUTER_BOUND('',#7787,.F.);
#7789=ADVANCED_FACE('',(#7788),#7780,.F.);
#7790=CARTESIAN_POINT('',(-3.714901998228E-2,5.905511811024E-2,
-1.140583940202E-2));
#7791=DIRECTION('',(6.996247526907E-1,0.E0,7.145104655794E-1));
#7792=DIRECTION('',(7.145104655794E-1,0.E0,-6.996247526907E-1));
#7793=AXIS2_PLACEMENT_3D('',#7790,#7791,#7792);
#7794=PLANE('',#7793);
#7795=ORIENTED_EDGE('',*,*,#6417,.F.);
#7797=ORIENTED_EDGE('',*,*,#7796,.T.);
#7799=ORIENTED_EDGE('',*,*,#7798,.T.);
#7800=ORIENTED_EDGE('',*,*,#7782,.F.);
#7801=EDGE_LOOP('',(#7795,#7797,#7799,#7800));
#7802=FACE_OUTER_BOUND('',#7801,.F.);
#7803=ADVANCED_FACE('',(#7802),#7794,.F.);
#7804=CARTESIAN_POINT('',(-3.749162339261E-2,5.905511811024E-2,
-1.073490780346E-2));
#7805=DIRECTION('',(8.906052429498E-1,0.E0,4.547771995498E-1));
#7806=DIRECTION('',(4.547771995498E-1,0.E0,-8.906052429498E-1));
#7807=AXIS2_PLACEMENT_3D('',#7804,#7805,#7806);
#7808=PLANE('',#7807);
#7809=ORIENTED_EDGE('',*,*,#6415,.F.);
#7811=ORIENTED_EDGE('',*,*,#7810,.T.);
#7813=ORIENTED_EDGE('',*,*,#7812,.T.);
#7814=ORIENTED_EDGE('',*,*,#7796,.F.);
#7815=EDGE_LOOP('',(#7809,#7811,#7813,#7814));
#7816=FACE_OUTER_BOUND('',#7815,.F.);
#7817=ADVANCED_FACE('',(#7816),#7808,.F.);
#7818=CARTESIAN_POINT('',(-3.783422680293E-2,5.905511811024E-2,
-9.057578327149E-3));
#7819=DIRECTION('',(9.797707111493E-1,0.E0,2.001233458994E-1));
#7820=DIRECTION('',(2.001233458994E-1,0.E0,-9.797707111493E-1));
#7821=AXIS2_PLACEMENT_3D('',#7818,#7819,#7820);
#7822=PLANE('',#7821);
#7823=ORIENTED_EDGE('',*,*,#6413,.F.);
#7825=ORIENTED_EDGE('',*,*,#7824,.T.);
#7827=ORIENTED_EDGE('',*,*,#7826,.T.);
#7828=ORIENTED_EDGE('',*,*,#7810,.F.);
#7829=EDGE_LOOP('',(#7823,#7825,#7827,#7828));
#7830=FACE_OUTER_BOUND('',#7829,.F.);
#7831=ADVANCED_FACE('',(#7830),#7822,.F.);
#7832=CARTESIAN_POINT('',(-3.783422680293E-2,5.905511811024E-2,
-7.044783051558E-3));
#7833=DIRECTION('',(1.E0,0.E0,0.E0));
#7834=DIRECTION('',(0.E0,0.E0,-1.E0));
#7835=AXIS2_PLACEMENT_3D('',#7832,#7833,#7834);
#7836=PLANE('',#7835);
#7837=ORIENTED_EDGE('',*,*,#6411,.F.);
#7839=ORIENTED_EDGE('',*,*,#7838,.T.);
#7841=ORIENTED_EDGE('',*,*,#7840,.T.);
#7842=ORIENTED_EDGE('',*,*,#7824,.F.);
#7843=EDGE_LOOP('',(#7837,#7839,#7841,#7842));
#7844=FACE_OUTER_BOUND('',#7843,.F.);
#7845=ADVANCED_FACE('',(#7844),#7836,.F.);
#7846=CARTESIAN_POINT('',(-3.749162339261E-2,5.905511811024E-2,
-5.367453335308E-3));
#7847=DIRECTION('',(9.797707167625E-1,0.E0,-2.001233184180E-1));
#7848=DIRECTION('',(-2.001233184180E-1,0.E0,-9.797707167625E-1));
#7849=AXIS2_PLACEMENT_3D('',#7846,#7847,#7848);
#7850=PLANE('',#7849);
#7851=ORIENTED_EDGE('',*,*,#6409,.F.);
#7853=ORIENTED_EDGE('',*,*,#7852,.T.);
#7855=ORIENTED_EDGE('',*,*,#7854,.T.);
#7856=ORIENTED_EDGE('',*,*,#7838,.F.);
#7857=EDGE_LOOP('',(#7851,#7853,#7855,#7856));
#7858=FACE_OUTER_BOUND('',#7857,.F.);
#7859=ADVANCED_FACE('',(#7858),#7850,.F.);
#7860=CARTESIAN_POINT('',(-3.714901998228E-2,5.905511811024E-2,
-4.696522216628E-3));
#7861=DIRECTION('',(8.906051112017E-1,0.E0,-4.547774575564E-1));
#7862=DIRECTION('',(-4.547774575564E-1,0.E0,-8.906051112017E-1));
#7863=AXIS2_PLACEMENT_3D('',#7860,#7861,#7862);
#7864=PLANE('',#7863);
#7865=ORIENTED_EDGE('',*,*,#6407,.F.);
#7867=ORIENTED_EDGE('',*,*,#7866,.T.);
#7869=ORIENTED_EDGE('',*,*,#7868,.T.);
#7870=ORIENTED_EDGE('',*,*,#7852,.F.);
#7871=EDGE_LOOP('',(#7865,#7867,#7869,#7870));
#7872=FACE_OUTER_BOUND('',#7871,.F.);
#7873=ADVANCED_FACE('',(#7872),#7864,.F.);
#7874=CARTESIAN_POINT('',(-3.646381292169E-2,5.905511811024E-2,
-4.025590138173E-3));
#7875=DIRECTION('',(6.996248804268E-1,0.E0,-7.145103405045E-1));
#7876=DIRECTION('',(-7.145103405045E-1,0.E0,-6.996248804268E-1));
#7877=AXIS2_PLACEMENT_3D('',#7874,#7875,#7876);
#7878=PLANE('',#7877);
#7879=ORIENTED_EDGE('',*,*,#6405,.F.);
#7881=ORIENTED_EDGE('',*,*,#7880,.T.);
#7883=ORIENTED_EDGE('',*,*,#7882,.T.);
#7884=ORIENTED_EDGE('',*,*,#7866,.F.);
#7885=EDGE_LOOP('',(#7879,#7881,#7883,#7884));
#7886=FACE_OUTER_BOUND('',#7885,.F.);
#7887=ADVANCED_FACE('',(#7886),#7878,.F.);
#7888=CARTESIAN_POINT('',(-3.577860610105E-2,5.905511811024E-2,
-3.690124578833E-3));
#7889=DIRECTION('',(4.397131575602E-1,0.E0,-8.981382627794E-1));
#7890=DIRECTION('',(-8.981382627794E-1,0.E0,-4.397131575602E-1));
#7891=AXIS2_PLACEMENT_3D('',#7888,#7889,#7890);
#7892=PLANE('',#7891);
#7893=ORIENTED_EDGE('',*,*,#6403,.F.);
#7895=ORIENTED_EDGE('',*,*,#7894,.T.);
#7897=ORIENTED_EDGE('',*,*,#7896,.T.);
#7898=ORIENTED_EDGE('',*,*,#7880,.F.);
#7899=EDGE_LOOP('',(#7893,#7895,#7897,#7898));
#7900=FACE_OUTER_BOUND('',#7899,.F.);
#7901=ADVANCED_FACE('',(#7900),#7892,.F.);
#7902=CARTESIAN_POINT('',(-3.440819245976E-2,5.905511811024E-2,
-3.690124578833E-3));
#7903=DIRECTION('',(0.E0,0.E0,-1.E0));
#7904=DIRECTION('',(-1.E0,0.E0,0.E0));
#7905=AXIS2_PLACEMENT_3D('',#7902,#7903,#7904);
#7906=PLANE('',#7905);
#7907=ORIENTED_EDGE('',*,*,#6401,.F.);
#7909=ORIENTED_EDGE('',*,*,#7908,.T.);
#7911=ORIENTED_EDGE('',*,*,#7910,.T.);
#7912=ORIENTED_EDGE('',*,*,#7894,.F.);
#7913=EDGE_LOOP('',(#7907,#7909,#7911,#7912));
#7914=FACE_OUTER_BOUND('',#7913,.F.);
#7915=ADVANCED_FACE('',(#7914),#7906,.F.);
#7916=CARTESIAN_POINT('',(-3.303777833858E-2,5.905511811024E-2,
-4.361055697512E-3));
#7917=DIRECTION('',(-4.397130333538E-1,0.E0,-8.981383235887E-1));
#7918=DIRECTION('',(-8.981383235887E-1,0.E0,4.397130333538E-1));
#7919=AXIS2_PLACEMENT_3D('',#7916,#7917,#7918);
#7920=PLANE('',#7919);
#7921=ORIENTED_EDGE('',*,*,#6399,.F.);
#7923=ORIENTED_EDGE('',*,*,#7922,.T.);
#7925=ORIENTED_EDGE('',*,*,#7924,.T.);
#7926=ORIENTED_EDGE('',*,*,#7908,.F.);
#7927=EDGE_LOOP('',(#7921,#7923,#7925,#7926));
#7928=FACE_OUTER_BOUND('',#7927,.F.);
#7929=ADVANCED_FACE('',(#7928),#7920,.F.);
#7930=CARTESIAN_POINT('',(-3.235257151793E-2,5.905511811024E-2,
-5.367453335308E-3));
#7931=DIRECTION('',(-8.265992787996E-1,0.E0,-5.627909312417E-1));
#7932=DIRECTION('',(-5.627909312417E-1,0.E0,8.265992787996E-1));
#7933=AXIS2_PLACEMENT_3D('',#7930,#7931,#7932);
#7934=PLANE('',#7933);
#7935=ORIENTED_EDGE('',*,*,#6397,.F.);
#7937=ORIENTED_EDGE('',*,*,#7936,.T.);
#7939=ORIENTED_EDGE('',*,*,#7938,.T.);
#7940=ORIENTED_EDGE('',*,*,#7922,.F.);
#7941=EDGE_LOOP('',(#7935,#7937,#7939,#7940));
#7942=FACE_OUTER_BOUND('',#7941,.F.);
#7943=ADVANCED_FACE('',(#7942),#7934,.F.);
#7944=CARTESIAN_POINT('',(-3.200996810761E-2,5.905511811024E-2,
-7.380249090786E-3));
#7945=DIRECTION('',(-9.858211797109E-1,0.E0,-1.677992897283E-1));
#7946=DIRECTION('',(-1.677992897283E-1,0.E0,9.858211797109E-1));
#7947=AXIS2_PLACEMENT_3D('',#7944,#7945,#7946);
#7948=PLANE('',#7947);
#7949=ORIENTED_EDGE('',*,*,#6395,.F.);
#7950=ORIENTED_EDGE('',*,*,#7169,.T.);
#7952=ORIENTED_EDGE('',*,*,#7951,.T.);
#7953=ORIENTED_EDGE('',*,*,#7936,.F.);
#7954=EDGE_LOOP('',(#7949,#7950,#7952,#7953));
#7955=FACE_OUTER_BOUND('',#7954,.F.);
#7956=ADVANCED_FACE('',(#7955),#7948,.F.);
#7957=CARTESIAN_POINT('',(4.724409448819E-2,5.885826771654E-2,0.E0));
#7958=DIRECTION('',(0.E0,1.E0,0.E0));
#7959=DIRECTION('',(0.E0,0.E0,1.E0));
#7960=AXIS2_PLACEMENT_3D('',#7957,#7958,#7959);
#7961=PLANE('',#7960);
#7962=ORIENTED_EDGE('',*,*,#7630,.F.);
#7963=ORIENTED_EDGE('',*,*,#7644,.F.);
#7964=ORIENTED_EDGE('',*,*,#7658,.F.);
#7965=ORIENTED_EDGE('',*,*,#7672,.F.);
#7966=ORIENTED_EDGE('',*,*,#7686,.F.);
#7967=ORIENTED_EDGE('',*,*,#7700,.F.);
#7968=ORIENTED_EDGE('',*,*,#7714,.F.);
#7969=ORIENTED_EDGE('',*,*,#7728,.F.);
#7970=ORIENTED_EDGE('',*,*,#7742,.F.);
#7971=ORIENTED_EDGE('',*,*,#7756,.F.);
#7972=ORIENTED_EDGE('',*,*,#7770,.F.);
#7973=ORIENTED_EDGE('',*,*,#7784,.F.);
#7974=ORIENTED_EDGE('',*,*,#7798,.F.);
#7975=ORIENTED_EDGE('',*,*,#7812,.F.);
#7976=ORIENTED_EDGE('',*,*,#7826,.F.);
#7977=ORIENTED_EDGE('',*,*,#7840,.F.);
#7978=ORIENTED_EDGE('',*,*,#7854,.F.);
#7979=ORIENTED_EDGE('',*,*,#7868,.F.);
#7980=ORIENTED_EDGE('',*,*,#7882,.F.);
#7981=ORIENTED_EDGE('',*,*,#7896,.F.);
#7982=ORIENTED_EDGE('',*,*,#7910,.F.);
#7983=ORIENTED_EDGE('',*,*,#7924,.F.);
#7984=ORIENTED_EDGE('',*,*,#7938,.F.);
#7985=ORIENTED_EDGE('',*,*,#7951,.F.);
#7986=ORIENTED_EDGE('',*,*,#7167,.F.);
#7987=ORIENTED_EDGE('',*,*,#7182,.F.);
#7988=ORIENTED_EDGE('',*,*,#7196,.F.);
#7989=ORIENTED_EDGE('',*,*,#7210,.F.);
#7990=ORIENTED_EDGE('',*,*,#7224,.F.);
#7991=ORIENTED_EDGE('',*,*,#7238,.F.);
#7992=ORIENTED_EDGE('',*,*,#7252,.F.);
#7993=ORIENTED_EDGE('',*,*,#7266,.F.);
#7994=ORIENTED_EDGE('',*,*,#7280,.F.);
#7995=ORIENTED_EDGE('',*,*,#7294,.F.);
#7996=ORIENTED_EDGE('',*,*,#7308,.F.);
#7997=ORIENTED_EDGE('',*,*,#7322,.F.);
#7998=ORIENTED_EDGE('',*,*,#7336,.F.);
#7999=ORIENTED_EDGE('',*,*,#7350,.F.);
#8000=ORIENTED_EDGE('',*,*,#7364,.F.);
#8001=ORIENTED_EDGE('',*,*,#7378,.F.);
#8002=ORIENTED_EDGE('',*,*,#7392,.F.);
#8003=ORIENTED_EDGE('',*,*,#7406,.F.);
#8004=ORIENTED_EDGE('',*,*,#7420,.F.);
#8005=ORIENTED_EDGE('',*,*,#7434,.F.);
#8006=ORIENTED_EDGE('',*,*,#7448,.F.);
#8007=ORIENTED_EDGE('',*,*,#7462,.F.);
#8008=ORIENTED_EDGE('',*,*,#7476,.F.);
#8009=ORIENTED_EDGE('',*,*,#7490,.F.);
#8010=ORIENTED_EDGE('',*,*,#7504,.F.);
#8011=ORIENTED_EDGE('',*,*,#7518,.F.);
#8012=ORIENTED_EDGE('',*,*,#7532,.F.);
#8013=ORIENTED_EDGE('',*,*,#7546,.F.);
#8014=ORIENTED_EDGE('',*,*,#7560,.F.);
#8015=ORIENTED_EDGE('',*,*,#7574,.F.);
#8016=ORIENTED_EDGE('',*,*,#7588,.F.);
#8017=ORIENTED_EDGE('',*,*,#7602,.F.);
#8018=ORIENTED_EDGE('',*,*,#7616,.F.);
#8019=EDGE_LOOP('',(#7962,#7963,#7964,#7965,#7966,#7967,#7968,#7969,#7970,#7971,
#7972,#7973,#7974,#7975,#7976,#7977,#7978,#7979,#7980,#7981,#7982,#7983,#7984,
#7985,#7986,#7987,#7988,#7989,#7990,#7991,#7992,#7993,#7994,#7995,#7996,#7997,
#7998,#7999,#8000,#8001,#8002,#8003,#8004,#8005,#8006,#8007,#8008,#8009,#8010,
#8011,#8012,#8013,#8014,#8015,#8016,#8017,#8018));
#8020=FACE_OUTER_BOUND('',#8019,.F.);
#8021=ADVANCED_FACE('',(#8020),#7961,.T.);
#8022=CARTESIAN_POINT('',(-1.094444876157E-2,5.905511811024E-2,
-8.853838582677E-2));
#8023=DIRECTION('',(0.E0,0.E0,1.E0));
#8024=DIRECTION('',(1.E0,0.E0,0.E0));
#8025=AXIS2_PLACEMENT_3D('',#8022,#8023,#8024);
#8026=PLANE('',#8025);
#8027=ORIENTED_EDGE('',*,*,#6509,.F.);
#8029=ORIENTED_EDGE('',*,*,#8028,.T.);
#8031=ORIENTED_EDGE('',*,*,#8030,.T.);
#8033=ORIENTED_EDGE('',*,*,#8032,.F.);
#8034=EDGE_LOOP('',(#8027,#8029,#8031,#8033));
#8035=FACE_OUTER_BOUND('',#8034,.F.);
#8036=ADVANCED_FACE('',(#8035),#8026,.F.);
#8037=CARTESIAN_POINT('',(-1.094444876157E-2,5.905511811024E-2,
-9.055118110236E-2));
#8038=DIRECTION('',(-1.E0,0.E0,0.E0));
#8039=DIRECTION('',(0.E0,0.E0,1.E0));
#8040=AXIS2_PLACEMENT_3D('',#8037,#8038,#8039);
#8041=PLANE('',#8040);
#8042=ORIENTED_EDGE('',*,*,#6515,.F.);
#8044=ORIENTED_EDGE('',*,*,#8043,.T.);
#8046=ORIENTED_EDGE('',*,*,#8045,.T.);
#8047=ORIENTED_EDGE('',*,*,#8028,.F.);
#8048=EDGE_LOOP('',(#8042,#8044,#8046,#8047));
#8049=FACE_OUTER_BOUND('',#8048,.F.);
#8050=ADVANCED_FACE('',(#8049),#8041,.F.);
#8051=CARTESIAN_POINT('',(5.157913443152E-3,5.905511811024E-2,
-9.055118110236E-2));
#8052=DIRECTION('',(0.E0,0.E0,-1.E0));
#8053=DIRECTION('',(-1.E0,0.E0,0.E0));
#8054=AXIS2_PLACEMENT_3D('',#8051,#8052,#8053);
#8055=PLANE('',#8054);
#8056=ORIENTED_EDGE('',*,*,#6513,.F.);
#8058=ORIENTED_EDGE('',*,*,#8057,.T.);
#8060=ORIENTED_EDGE('',*,*,#8059,.T.);
#8061=ORIENTED_EDGE('',*,*,#8043,.F.);
#8062=EDGE_LOOP('',(#8056,#8058,#8060,#8061));
#8063=FACE_OUTER_BOUND('',#8062,.F.);
#8064=ADVANCED_FACE('',(#8063),#8055,.F.);
#8065=CARTESIAN_POINT('',(5.157913443152E-3,5.905511811024E-2,
-8.853838582677E-2));
#8066=DIRECTION('',(1.E0,0.E0,0.E0));
#8067=DIRECTION('',(0.E0,0.E0,-1.E0));
#8068=AXIS2_PLACEMENT_3D('',#8065,#8066,#8067);
#8069=PLANE('',#8068);
#8070=ORIENTED_EDGE('',*,*,#6511,.F.);
#8071=ORIENTED_EDGE('',*,*,#8032,.T.);
#8073=ORIENTED_EDGE('',*,*,#8072,.T.);
#8074=ORIENTED_EDGE('',*,*,#8057,.F.);
#8075=EDGE_LOOP('',(#8070,#8071,#8073,#8074));
#8076=FACE_OUTER_BOUND('',#8075,.F.);
#8077=ADVANCED_FACE('',(#8076),#8069,.F.);
#8078=CARTESIAN_POINT('',(4.724409448819E-2,5.885826771654E-2,0.E0));
#8079=DIRECTION('',(0.E0,1.E0,0.E0));
#8080=DIRECTION('',(0.E0,0.E0,1.E0));
#8081=AXIS2_PLACEMENT_3D('',#8078,#8079,#8080);
#8082=PLANE('',#8081);
#8083=ORIENTED_EDGE('',*,*,#8030,.F.);
#8084=ORIENTED_EDGE('',*,*,#8045,.F.);
#8085=ORIENTED_EDGE('',*,*,#8059,.F.);
#8086=ORIENTED_EDGE('',*,*,#8072,.F.);
#8087=EDGE_LOOP('',(#8083,#8084,#8085,#8086));
#8088=FACE_OUTER_BOUND('',#8087,.F.);
#8089=ADVANCED_FACE('',(#8088),#8082,.T.);
#8090=CARTESIAN_POINT('',(-1.094444876157E-2,5.905511811024E-2,
9.256397637795E-2));
#8091=DIRECTION('',(0.E0,0.E0,1.E0));
#8092=DIRECTION('',(1.E0,0.E0,0.E0));
#8093=AXIS2_PLACEMENT_3D('',#8090,#8091,#8092);
#8094=PLANE('',#8093);
#8095=ORIENTED_EDGE('',*,*,#6519,.F.);
#8097=ORIENTED_EDGE('',*,*,#8096,.T.);
#8099=ORIENTED_EDGE('',*,*,#8098,.T.);
#8101=ORIENTED_EDGE('',*,*,#8100,.F.);
#8102=EDGE_LOOP('',(#8095,#8097,#8099,#8101));
#8103=FACE_OUTER_BOUND('',#8102,.F.);
#8104=ADVANCED_FACE('',(#8103),#8094,.F.);
#8105=CARTESIAN_POINT('',(-1.094444876157E-2,5.905511811024E-2,
9.055118110236E-2));
#8106=DIRECTION('',(-1.E0,0.E0,0.E0));
#8107=DIRECTION('',(0.E0,0.E0,1.E0));
#8108=AXIS2_PLACEMENT_3D('',#8105,#8106,#8107);
#8109=PLANE('',#8108);
#8110=ORIENTED_EDGE('',*,*,#6525,.F.);
#8112=ORIENTED_EDGE('',*,*,#8111,.T.);
#8114=ORIENTED_EDGE('',*,*,#8113,.T.);
#8115=ORIENTED_EDGE('',*,*,#8096,.F.);
#8116=EDGE_LOOP('',(#8110,#8112,#8114,#8115));
#8117=FACE_OUTER_BOUND('',#8116,.F.);
#8118=ADVANCED_FACE('',(#8117),#8109,.F.);
#8119=CARTESIAN_POINT('',(5.157913443152E-3,5.905511811024E-2,
9.055118110236E-2));
#8120=DIRECTION('',(0.E0,0.E0,-1.E0));
#8121=DIRECTION('',(-1.E0,0.E0,0.E0));
#8122=AXIS2_PLACEMENT_3D('',#8119,#8120,#8121);
#8123=PLANE('',#8122);
#8124=ORIENTED_EDGE('',*,*,#6523,.F.);
#8126=ORIENTED_EDGE('',*,*,#8125,.T.);
#8128=ORIENTED_EDGE('',*,*,#8127,.T.);
#8129=ORIENTED_EDGE('',*,*,#8111,.F.);
#8130=EDGE_LOOP('',(#8124,#8126,#8128,#8129));
#8131=FACE_OUTER_BOUND('',#8130,.F.);
#8132=ADVANCED_FACE('',(#8131),#8123,.F.);
#8133=CARTESIAN_POINT('',(5.157913443152E-3,5.905511811024E-2,
9.256397637795E-2));
#8134=DIRECTION('',(1.E0,0.E0,0.E0));
#8135=DIRECTION('',(0.E0,0.E0,-1.E0));
#8136=AXIS2_PLACEMENT_3D('',#8133,#8134,#8135);
#8137=PLANE('',#8136);
#8138=ORIENTED_EDGE('',*,*,#6521,.F.);
#8139=ORIENTED_EDGE('',*,*,#8100,.T.);
#8141=ORIENTED_EDGE('',*,*,#8140,.T.);
#8142=ORIENTED_EDGE('',*,*,#8125,.F.);
#8143=EDGE_LOOP('',(#8138,#8139,#8141,#8142));
#8144=FACE_OUTER_BOUND('',#8143,.F.);
#8145=ADVANCED_FACE('',(#8144),#8137,.F.);
#8146=CARTESIAN_POINT('',(4.724409448819E-2,5.885826771654E-2,0.E0));
#8147=DIRECTION('',(0.E0,1.E0,0.E0));
#8148=DIRECTION('',(0.E0,0.E0,1.E0));
#8149=AXIS2_PLACEMENT_3D('',#8146,#8147,#8148);
#8150=PLANE('',#8149);
#8151=ORIENTED_EDGE('',*,*,#8098,.F.);
#8152=ORIENTED_EDGE('',*,*,#8113,.F.);
#8153=ORIENTED_EDGE('',*,*,#8127,.F.);
#8154=ORIENTED_EDGE('',*,*,#8140,.F.);
#8155=EDGE_LOOP('',(#8151,#8152,#8153,#8154));
#8156=FACE_OUTER_BOUND('',#8155,.F.);
#8157=ADVANCED_FACE('',(#8156),#8150,.T.);
#8158=CARTESIAN_POINT('',(4.269685039370E-2,5.905511811024E-2,
1.006397595556E-3));
#8159=DIRECTION('',(1.E0,0.E0,0.E0));
#8160=DIRECTION('',(0.E0,0.E0,-1.E0));
#8161=AXIS2_PLACEMENT_3D('',#8158,#8159,#8160);
#8162=PLANE('',#8161);
#8163=ORIENTED_EDGE('',*,*,#6529,.F.);
#8165=ORIENTED_EDGE('',*,*,#8164,.T.);
#8167=ORIENTED_EDGE('',*,*,#8166,.T.);
#8169=ORIENTED_EDGE('',*,*,#8168,.F.);
#8170=EDGE_LOOP('',(#8163,#8165,#8167,#8169));
#8171=FACE_OUTER_BOUND('',#8170,.F.);
#8172=ADVANCED_FACE('',(#8171),#8162,.F.);
#8173=CARTESIAN_POINT('',(4.235424698338E-2,5.905511811024E-2,
2.683726352031E-3));
#8174=DIRECTION('',(9.797706943097E-1,0.E0,2.001234283435E-1));
#8175=DIRECTION('',(2.001234283435E-1,0.E0,-9.797706943097E-1));
#8176=AXIS2_PLACEMENT_3D('',#8173,#8174,#8175);
#8177=PLANE('',#8176);
#8178=ORIENTED_EDGE('',*,*,#6555,.F.);
#8180=ORIENTED_EDGE('',*,*,#8179,.T.);
#8182=ORIENTED_EDGE('',*,*,#8181,.T.);
#8183=ORIENTED_EDGE('',*,*,#8164,.F.);
#8184=EDGE_LOOP('',(#8178,#8180,#8182,#8183));
#8185=FACE_OUTER_BOUND('',#8184,.F.);
#8186=ADVANCED_FACE('',(#8185),#8177,.F.);
#8187=CARTESIAN_POINT('',(4.166904016273E-2,5.905511811024E-2,
4.025590508942E-3));
#8188=DIRECTION('',(8.906053746977E-1,0.E0,4.547769415434E-1));
#8189=DIRECTION('',(4.547769415434E-1,0.E0,-8.906053746977E-1));
#8190=AXIS2_PLACEMENT_3D('',#8187,#8188,#8189);
#8191=PLANE('',#8190);
#8192=ORIENTED_EDGE('',*,*,#6553,.F.);
#8194=ORIENTED_EDGE('',*,*,#8193,.T.);
#8196=ORIENTED_EDGE('',*,*,#8195,.T.);
#8197=ORIENTED_EDGE('',*,*,#8179,.F.);
#8198=EDGE_LOOP('',(#8192,#8194,#8196,#8197));
#8199=FACE_OUTER_BOUND('',#8198,.F.);
#8200=ADVANCED_FACE('',(#8199),#8191,.F.);
#8201=CARTESIAN_POINT('',(4.029862652144E-2,5.905511811024E-2,
5.367452746301E-3));
#8202=DIRECTION('',(6.996244945571E-1,0.E0,7.145107183351E-1));
#8203=DIRECTION('',(7.145107183351E-1,0.E0,-6.996244945571E-1));
#8204=AXIS2_PLACEMENT_3D('',#8201,#8202,#8203);
#8205=PLANE('',#8204);
#8206=ORIENTED_EDGE('',*,*,#6551,.F.);
#8208=ORIENTED_EDGE('',*,*,#8207,.T.);
#8210=ORIENTED_EDGE('',*,*,#8209,.T.);
#8211=ORIENTED_EDGE('',*,*,#8193,.F.);
#8212=EDGE_LOOP('',(#8206,#8208,#8210,#8211));
#8213=FACE_OUTER_BOUND('',#8212,.F.);
#8214=ADVANCED_FACE('',(#8213),#8205,.F.);
#8215=CARTESIAN_POINT('',(3.892821288015E-2,5.905511811024E-2,
6.038385784532E-3));
#8216=DIRECTION('',(4.397141723527E-1,0.E0,8.981377659536E-1));
#8217=DIRECTION('',(8.981377659536E-1,0.E0,-4.397141723527E-1));
#8218=AXIS2_PLACEMENT_3D('',#8215,#8216,#8217);
#8219=PLANE('',#8218);
#8220=ORIENTED_EDGE('',*,*,#6549,.F.);
#8222=ORIENTED_EDGE('',*,*,#8221,.T.);
#8224=ORIENTED_EDGE('',*,*,#8223,.T.);
#8225=ORIENTED_EDGE('',*,*,#8207,.F.);
#8226=EDGE_LOOP('',(#8220,#8222,#8224,#8225));
#8227=FACE_OUTER_BOUND('',#8226,.F.);
#8228=ADVANCED_FACE('',(#8227),#8219,.F.);
#8229=CARTESIAN_POINT('',(3.721519486876E-2,5.905511811024E-2,
6.373850384096E-3));
#8230=DIRECTION('',(1.921820436730E-1,0.E0,9.813592930674E-1));
#8231=DIRECTION('',(9.813592930674E-1,0.E0,-1.921820436730E-1));
#8232=AXIS2_PLACEMENT_3D('',#8229,#8230,#8231);
#8233=PLANE('',#8232);
#8234=ORIENTED_EDGE('',*,*,#6547,.F.);
#8236=ORIENTED_EDGE('',*,*,#8235,.T.);
#8238=ORIENTED_EDGE('',*,*,#8237,.T.);
#8239=ORIENTED_EDGE('',*,*,#8221,.F.);
#8240=EDGE_LOOP('',(#8234,#8236,#8238,#8239));
#8241=FACE_OUTER_BOUND('',#8240,.F.);
#8242=ADVANCED_FACE('',(#8241),#8233,.F.);
#8243=CARTESIAN_POINT('',(3.207614323403E-2,5.905511811024E-2,
6.373850384096E-3));
#8244=DIRECTION('',(0.E0,0.E0,1.E0));
#8245=DIRECTION('',(1.E0,0.E0,0.E0));
#8246=AXIS2_PLACEMENT_3D('',#8243,#8244,#8245);
#8247=PLANE('',#8246);
#8248=ORIENTED_EDGE('',*,*,#6545,.F.);
#8250=ORIENTED_EDGE('',*,*,#8249,.T.);
#8252=ORIENTED_EDGE('',*,*,#8251,.T.);
#8253=ORIENTED_EDGE('',*,*,#8235,.F.);
#8254=EDGE_LOOP('',(#8248,#8250,#8252,#8253));
#8255=FACE_OUTER_BOUND('',#8254,.F.);
#8256=ADVANCED_FACE('',(#8255),#8247,.F.);
#8257=CARTESIAN_POINT('',(3.036312618242E-2,5.905511811024E-2,
6.038385784532E-3));
#8258=DIRECTION('',(-1.921821473726E-1,0.E0,9.813592727596E-1));
#8259=DIRECTION('',(9.813592727596E-1,0.E0,1.921821473726E-1));
#8260=AXIS2_PLACEMENT_3D('',#8257,#8258,#8259);
#8261=PLANE('',#8260);
#8262=ORIENTED_EDGE('',*,*,#6543,.F.);
#8264=ORIENTED_EDGE('',*,*,#8263,.T.);
#8266=ORIENTED_EDGE('',*,*,#8265,.T.);
#8267=ORIENTED_EDGE('',*,*,#8249,.F.);
#8268=EDGE_LOOP('',(#8262,#8264,#8266,#8267));
#8269=FACE_OUTER_BOUND('',#8268,.F.);
#8270=ADVANCED_FACE('',(#8269),#8261,.F.);
#8271=CARTESIAN_POINT('',(2.899271230118E-2,5.905511811024E-2,
5.367452746301E-3));
#8272=DIRECTION('',(-4.397141102494E-1,0.E0,8.981377963584E-1));
#8273=DIRECTION('',(8.981377963584E-1,0.E0,4.397141102494E-1));
#8274=AXIS2_PLACEMENT_3D('',#8271,#8272,#8273);
#8275=PLANE('',#8274);
#8276=ORIENTED_EDGE('',*,*,#6541,.F.);
#8278=ORIENTED_EDGE('',*,*,#8277,.T.);
#8280=ORIENTED_EDGE('',*,*,#8279,.T.);
#8281=ORIENTED_EDGE('',*,*,#8263,.F.);
#8282=EDGE_LOOP('',(#8276,#8278,#8280,#8281));
#8283=FACE_OUTER_BOUND('',#8282,.F.);
#8284=ADVANCED_FACE('',(#8283),#8275,.F.);
#8285=CARTESIAN_POINT('',(2.762229853992E-2,5.905511811024E-2,
4.025590508942E-3));
#8286=DIRECTION('',(-6.996244632883E-1,0.E0,7.145107489524E-1));
#8287=DIRECTION('',(7.145107489524E-1,0.E0,6.996244632883E-1));
#8288=AXIS2_PLACEMENT_3D('',#8285,#8286,#8287);
#8289=PLANE('',#8288);
#8290=ORIENTED_EDGE('',*,*,#6539,.F.);
#8292=ORIENTED_EDGE('',*,*,#8291,.T.);
#8294=ORIENTED_EDGE('',*,*,#8293,.T.);
#8295=ORIENTED_EDGE('',*,*,#8277,.F.);
#8296=EDGE_LOOP('',(#8290,#8292,#8294,#8295));
#8297=FACE_OUTER_BOUND('',#8296,.F.);
#8298=ADVANCED_FACE('',(#8297),#8289,.F.);
#8299=CARTESIAN_POINT('',(2.693709162929E-2,5.905511811024E-2,
2.683726352031E-3));
#8300=DIRECTION('',(-8.906053505096E-1,0.E0,4.547769889117E-1));
#8301=DIRECTION('',(4.547769889117E-1,0.E0,8.906053505096E-1));
#8302=AXIS2_PLACEMENT_3D('',#8299,#8300,#8301);
#8303=PLANE('',#8302);
#8304=ORIENTED_EDGE('',*,*,#6537,.F.);
#8306=ORIENTED_EDGE('',*,*,#8305,.T.);
#8308=ORIENTED_EDGE('',*,*,#8307,.T.);
#8309=ORIENTED_EDGE('',*,*,#8291,.F.);
#8310=EDGE_LOOP('',(#8304,#8306,#8308,#8309));
#8311=FACE_OUTER_BOUND('',#8310,.F.);
#8312=ADVANCED_FACE('',(#8311),#8303,.F.);
#8313=CARTESIAN_POINT('',(2.659448818898E-2,5.905511811024E-2,
1.006397595556E-3));
#8314=DIRECTION('',(-9.797706908745E-1,0.E0,2.001234451615E-1));
#8315=DIRECTION('',(2.001234451615E-1,0.E0,9.797706908745E-1));
#8316=AXIS2_PLACEMENT_3D('',#8313,#8314,#8315);
#8317=PLANE('',#8316);
#8318=ORIENTED_EDGE('',*,*,#6535,.F.);
#8320=ORIENTED_EDGE('',*,*,#8319,.T.);
#8322=ORIENTED_EDGE('',*,*,#8321,.T.);
#8323=ORIENTED_EDGE('',*,*,#8305,.F.);
#8324=EDGE_LOOP('',(#8318,#8320,#8322,#8323));
#8325=FACE_OUTER_BOUND('',#8324,.F.);
#8326=ADVANCED_FACE('',(#8325),#8317,.F.);
#8327=CARTESIAN_POINT('',(2.659448818898E-2,5.905511811024E-2,
-7.044784466582E-3));
#8328=DIRECTION('',(-1.E0,0.E0,0.E0));
#8329=DIRECTION('',(0.E0,0.E0,1.E0));
#8330=AXIS2_PLACEMENT_3D('',#8327,#8328,#8329);
#8331=PLANE('',#8330);
#8332=ORIENTED_EDGE('',*,*,#6533,.F.);
#8334=ORIENTED_EDGE('',*,*,#8333,.T.);
#8336=ORIENTED_EDGE('',*,*,#8335,.T.);
#8337=ORIENTED_EDGE('',*,*,#8319,.F.);
#8338=EDGE_LOOP('',(#8332,#8334,#8336,#8337));
#8339=FACE_OUTER_BOUND('',#8338,.F.);
#8340=ADVANCED_FACE('',(#8339),#8331,.F.);
#8341=CARTESIAN_POINT('',(4.269685039370E-2,5.905511811024E-2,
-7.044784466582E-3));
#8342=DIRECTION('',(0.E0,0.E0,-1.E0));
#8343=DIRECTION('',(-1.E0,0.E0,0.E0));
#8344=AXIS2_PLACEMENT_3D('',#8341,#8342,#8343);
#8345=PLANE('',#8344);
#8346=ORIENTED_EDGE('',*,*,#6531,.F.);
#8347=ORIENTED_EDGE('',*,*,#8168,.T.);
#8349=ORIENTED_EDGE('',*,*,#8348,.T.);
#8350=ORIENTED_EDGE('',*,*,#8333,.F.);
#8351=EDGE_LOOP('',(#8346,#8347,#8349,#8350));
#8352=FACE_OUTER_BOUND('',#8351,.F.);
#8353=ADVANCED_FACE('',(#8352),#8345,.F.);
#8354=CARTESIAN_POINT('',(4.724409448819E-2,5.885826771654E-2,0.E0));
#8355=DIRECTION('',(0.E0,1.E0,0.E0));
#8356=DIRECTION('',(0.E0,0.E0,1.E0));
#8357=AXIS2_PLACEMENT_3D('',#8354,#8355,#8356);
#8358=PLANE('',#8357);
#8359=ORIENTED_EDGE('',*,*,#8166,.F.);
#8360=ORIENTED_EDGE('',*,*,#8181,.F.);
#8361=ORIENTED_EDGE('',*,*,#8195,.F.);
#8362=ORIENTED_EDGE('',*,*,#8209,.F.);
#8363=ORIENTED_EDGE('',*,*,#8223,.F.);
#8364=ORIENTED_EDGE('',*,*,#8237,.F.);
#8365=ORIENTED_EDGE('',*,*,#8251,.F.);
#8366=ORIENTED_EDGE('',*,*,#8265,.F.);
#8367=ORIENTED_EDGE('',*,*,#8279,.F.);
#8368=ORIENTED_EDGE('',*,*,#8293,.F.);
#8369=ORIENTED_EDGE('',*,*,#8307,.F.);
#8370=ORIENTED_EDGE('',*,*,#8321,.F.);
#8371=ORIENTED_EDGE('',*,*,#8335,.F.);
#8372=ORIENTED_EDGE('',*,*,#8348,.F.);
#8373=EDGE_LOOP('',(#8359,#8360,#8361,#8362,#8363,#8364,#8365,#8366,#8367,#8368,
#8369,#8370,#8371,#8372));
#8374=FACE_OUTER_BOUND('',#8373,.F.);
#8376=ORIENTED_EDGE('',*,*,#8375,.F.);
#8378=ORIENTED_EDGE('',*,*,#8377,.F.);
#8380=ORIENTED_EDGE('',*,*,#8379,.F.);
#8382=ORIENTED_EDGE('',*,*,#8381,.F.);
#8384=ORIENTED_EDGE('',*,*,#8383,.F.);
#8386=ORIENTED_EDGE('',*,*,#8385,.F.);
#8388=ORIENTED_EDGE('',*,*,#8387,.F.);
#8390=ORIENTED_EDGE('',*,*,#8389,.F.);
#8392=ORIENTED_EDGE('',*,*,#8391,.F.);
#8394=ORIENTED_EDGE('',*,*,#8393,.F.);
#8396=ORIENTED_EDGE('',*,*,#8395,.F.);
#8398=ORIENTED_EDGE('',*,*,#8397,.F.);
#8399=EDGE_LOOP('',(#8376,#8378,#8380,#8382,#8384,#8386,#8388,#8390,#8392,#8394,
#8396,#8398));
#8400=FACE_BOUND('',#8399,.F.);
#8401=ADVANCED_FACE('',(#8374,#8400),#8358,.T.);
#8402=CARTESIAN_POINT('',(4.064122993176E-2,5.905511811024E-2,
-5.031988231216E-3));
#8403=DIRECTION('',(-1.E0,0.E0,0.E0));
#8404=DIRECTION('',(0.E0,0.E0,1.E0));
#8405=AXIS2_PLACEMENT_3D('',#8402,#8403,#8404);
#8406=PLANE('',#8405);
#8408=ORIENTED_EDGE('',*,*,#8407,.F.);
#8410=ORIENTED_EDGE('',*,*,#8409,.T.);
#8411=ORIENTED_EDGE('',*,*,#8375,.T.);
#8413=ORIENTED_EDGE('',*,*,#8412,.F.);
#8414=EDGE_LOOP('',(#8408,#8410,#8411,#8413));
#8415=FACE_OUTER_BOUND('',#8414,.F.);
#8416=ADVANCED_FACE('',(#8415),#8406,.F.);
#8417=CARTESIAN_POINT('',(4.724409448819E-2,5.905511811024E-2,
1.141732283465E-1));
#8418=DIRECTION('',(0.E0,1.E0,0.E0));
#8419=DIRECTION('',(0.E0,0.E0,-1.E0));
#8420=AXIS2_PLACEMENT_3D('',#8417,#8418,#8419);
#8421=PLANE('',#8420);
#8422=ORIENTED_EDGE('',*,*,#8407,.T.);
#8424=ORIENTED_EDGE('',*,*,#8423,.T.);
#8426=ORIENTED_EDGE('',*,*,#8425,.T.);
#8428=ORIENTED_EDGE('',*,*,#8427,.T.);
#8430=ORIENTED_EDGE('',*,*,#8429,.T.);
#8432=ORIENTED_EDGE('',*,*,#8431,.T.);
#8434=ORIENTED_EDGE('',*,*,#8433,.T.);
#8436=ORIENTED_EDGE('',*,*,#8435,.T.);
#8438=ORIENTED_EDGE('',*,*,#8437,.T.);
#8440=ORIENTED_EDGE('',*,*,#8439,.T.);
#8442=ORIENTED_EDGE('',*,*,#8441,.T.);
#8444=ORIENTED_EDGE('',*,*,#8443,.T.);
#8445=EDGE_LOOP('',(#8422,#8424,#8426,#8428,#8430,#8432,#8434,#8436,#8438,#8440,
#8442,#8444));
#8446=FACE_OUTER_BOUND('',#8445,.F.);
#8447=ADVANCED_FACE('',(#8446),#8421,.T.);
#8448=CARTESIAN_POINT('',(4.064122993176E-2,5.905511811024E-2,
1.006397595556E-3));
#8449=DIRECTION('',(-9.689176611437E-1,0.E0,-2.473834390653E-1));
#8450=DIRECTION('',(-2.473834390653E-1,0.E0,9.689176611437E-1));
#8451=AXIS2_PLACEMENT_3D('',#8448,#8449,#8450);
#8452=PLANE('',#8451);
#8453=ORIENTED_EDGE('',*,*,#8423,.F.);
#8454=ORIENTED_EDGE('',*,*,#8412,.T.);
#8455=ORIENTED_EDGE('',*,*,#8397,.T.);
#8457=ORIENTED_EDGE('',*,*,#8456,.F.);
#8458=EDGE_LOOP('',(#8453,#8454,#8455,#8457));
#8459=FACE_OUTER_BOUND('',#8458,.F.);
#8460=ADVANCED_FACE('',(#8459),#8452,.F.);
#8461=CARTESIAN_POINT('',(4.029862652144E-2,5.905511811024E-2,
2.348259832915E-3));
#8462=DIRECTION('',(-8.265992787996E-1,0.E0,-5.627909312417E-1));
#8463=DIRECTION('',(-5.627909312417E-1,0.E0,8.265992787996E-1));
#8464=AXIS2_PLACEMENT_3D('',#8461,#8462,#8463);
#8465=PLANE('',#8464);
#8466=ORIENTED_EDGE('',*,*,#8425,.F.);
#8467=ORIENTED_EDGE('',*,*,#8456,.T.);
#8468=ORIENTED_EDGE('',*,*,#8395,.T.);
#8470=ORIENTED_EDGE('',*,*,#8469,.F.);
#8471=EDGE_LOOP('',(#8466,#8467,#8468,#8470));
#8472=FACE_OUTER_BOUND('',#8471,.F.);
#8473=ADVANCED_FACE('',(#8472),#8465,.F.);
#8474=CARTESIAN_POINT('',(3.961341970080E-2,5.905511811024E-2,
3.354657470711E-3));
#8475=DIRECTION('',(-5.466229197794E-1,0.E0,-8.373788769559E-1));
#8476=DIRECTION('',(-8.373788769559E-1,0.E0,5.466229197794E-1));
#8477=AXIS2_PLACEMENT_3D('',#8474,#8475,#8476);
#8478=PLANE('',#8477);
#8479=ORIENTED_EDGE('',*,*,#8427,.F.);
#8480=ORIENTED_EDGE('',*,*,#8469,.T.);
#8481=ORIENTED_EDGE('',*,*,#8393,.T.);
#8483=ORIENTED_EDGE('',*,*,#8482,.F.);
#8484=EDGE_LOOP('',(#8479,#8480,#8481,#8483));
#8485=FACE_OUTER_BOUND('',#8484,.F.);
#8486=ADVANCED_FACE('',(#8485),#8478,.F.);
#8487=CARTESIAN_POINT('',(3.858560851005E-2,5.905511811024E-2,
4.025590508942E-3));
#8488=DIRECTION('',(-2.377704967207E-1,0.E0,-9.713213633444E-1));
#8489=DIRECTION('',(-9.713213633444E-1,0.E0,2.377704967207E-1));
#8490=AXIS2_PLACEMENT_3D('',#8487,#8488,#8489);
#8491=PLANE('',#8490);
#8492=ORIENTED_EDGE('',*,*,#8429,.F.);
#8493=ORIENTED_EDGE('',*,*,#8482,.T.);
#8494=ORIENTED_EDGE('',*,*,#8391,.T.);
#8496=ORIENTED_EDGE('',*,*,#8495,.F.);
#8497=EDGE_LOOP('',(#8492,#8493,#8494,#8496));
#8498=FACE_OUTER_BOUND('',#8497,.F.);
#8499=ADVANCED_FACE('',(#8498),#8491,.F.);
#8500=CARTESIAN_POINT('',(3.721519486876E-2,5.905511811024E-2,
4.361055108506E-3));
#8501=DIRECTION('',(0.E0,0.E0,-1.E0));
#8502=DIRECTION('',(-1.E0,0.E0,0.E0));
#8503=AXIS2_PLACEMENT_3D('',#8500,#8501,#8502);
#8504=PLANE('',#8503);
#8505=ORIENTED_EDGE('',*,*,#8431,.F.);
#8506=ORIENTED_EDGE('',*,*,#8495,.T.);
#8507=ORIENTED_EDGE('',*,*,#8389,.T.);
#8509=ORIENTED_EDGE('',*,*,#8508,.F.);
#8510=EDGE_LOOP('',(#8505,#8506,#8507,#8509));
#8511=FACE_OUTER_BOUND('',#8510,.F.);
#8512=ADVANCED_FACE('',(#8511),#8504,.F.);
#8513=CARTESIAN_POINT('',(3.207614323403E-2,5.905511811024E-2,
4.361055108506E-3));
#8514=DIRECTION('',(2.377704967207E-1,0.E0,-9.713213633444E-1));
#8515=DIRECTION('',(-9.713213633444E-1,0.E0,-2.377704967207E-1));
#8516=AXIS2_PLACEMENT_3D('',#8513,#8514,#8515);
#8517=PLANE('',#8516);
#8518=ORIENTED_EDGE('',*,*,#8433,.F.);
#8519=ORIENTED_EDGE('',*,*,#8508,.T.);
#8520=ORIENTED_EDGE('',*,*,#8387,.T.);
#8522=ORIENTED_EDGE('',*,*,#8521,.F.);
#8523=EDGE_LOOP('',(#8518,#8519,#8520,#8522));
#8524=FACE_OUTER_BOUND('',#8523,.F.);
#8525=ADVANCED_FACE('',(#8524),#8517,.F.);
#8526=CARTESIAN_POINT('',(3.070572959274E-2,5.905511811024E-2,
4.025590508942E-3));
#8527=DIRECTION('',(5.466232777014E-1,0.E0,-8.373786433120E-1));
#8528=DIRECTION('',(-8.373786433120E-1,0.E0,-5.466232777014E-1));
#8529=AXIS2_PLACEMENT_3D('',#8526,#8527,#8528);
#8530=PLANE('',#8529);
#8531=ORIENTED_EDGE('',*,*,#8435,.F.);
#8532=ORIENTED_EDGE('',*,*,#8521,.T.);
#8533=ORIENTED_EDGE('',*,*,#8385,.T.);
#8535=ORIENTED_EDGE('',*,*,#8534,.F.);
#8536=EDGE_LOOP('',(#8531,#8532,#8533,#8535));
#8537=FACE_OUTER_BOUND('',#8536,.F.);
#8538=ADVANCED_FACE('',(#8537),#8530,.F.);
#8539=CARTESIAN_POINT('',(2.967791936177E-2,5.905511811024E-2,
3.354657470711E-3));
#8540=DIRECTION('',(8.265991871191E-1,0.E0,-5.627910658975E-1));
#8541=DIRECTION('',(-5.627910658975E-1,0.E0,-8.265991871191E-1));
#8542=AXIS2_PLACEMENT_3D('',#8539,#8540,#8541);
#8543=PLANE('',#8542);
#8544=ORIENTED_EDGE('',*,*,#8437,.F.);
#8545=ORIENTED_EDGE('',*,*,#8534,.T.);
#8546=ORIENTED_EDGE('',*,*,#8383,.T.);
#8548=ORIENTED_EDGE('',*,*,#8547,.F.);
#8549=EDGE_LOOP('',(#8544,#8545,#8546,#8548));
#8550=FACE_OUTER_BOUND('',#8549,.F.);
#8551=ADVANCED_FACE('',(#8550),#8543,.F.);
#8552=CARTESIAN_POINT('',(2.899271230118E-2,5.905511811024E-2,
2.348259832915E-3));
#8553=DIRECTION('',(9.689176611437E-1,0.E0,-2.473834390653E-1));
#8554=DIRECTION('',(-2.473834390653E-1,0.E0,-9.689176611437E-1));
#8555=AXIS2_PLACEMENT_3D('',#8552,#8553,#8554);
#8556=PLANE('',#8555);
#8557=ORIENTED_EDGE('',*,*,#8439,.F.);
#8558=ORIENTED_EDGE('',*,*,#8547,.T.);
#8559=ORIENTED_EDGE('',*,*,#8381,.T.);
#8561=ORIENTED_EDGE('',*,*,#8560,.F.);
#8562=EDGE_LOOP('',(#8557,#8558,#8559,#8561));
#8563=FACE_OUTER_BOUND('',#8562,.F.);
#8564=ADVANCED_FACE('',(#8563),#8556,.F.);
#8565=CARTESIAN_POINT('',(2.865010889086E-2,5.905511811024E-2,
1.006397595556E-3));
#8566=DIRECTION('',(1.E0,0.E0,0.E0));
#8567=DIRECTION('',(0.E0,0.E0,-1.E0));
#8568=AXIS2_PLACEMENT_3D('',#8565,#8566,#8567);
#8569=PLANE('',#8568);
#8570=ORIENTED_EDGE('',*,*,#8441,.F.);
#8571=ORIENTED_EDGE('',*,*,#8560,.T.);
#8572=ORIENTED_EDGE('',*,*,#8379,.T.);
#8574=ORIENTED_EDGE('',*,*,#8573,.F.);
#8575=EDGE_LOOP('',(#8570,#8571,#8572,#8574));
#8576=FACE_OUTER_BOUND('',#8575,.F.);
#8577=ADVANCED_FACE('',(#8576),#8569,.F.);
#8578=CARTESIAN_POINT('',(2.865010889086E-2,5.905511811024E-2,
-5.031988231216E-3));
#8579=DIRECTION('',(0.E0,0.E0,1.E0));
#8580=DIRECTION('',(1.E0,0.E0,0.E0));
#8581=AXIS2_PLACEMENT_3D('',#8578,#8579,#8580);
#8582=PLANE('',#8581);
#8583=ORIENTED_EDGE('',*,*,#8443,.F.);
#8584=ORIENTED_EDGE('',*,*,#8573,.T.);
#8585=ORIENTED_EDGE('',*,*,#8377,.T.);
#8586=ORIENTED_EDGE('',*,*,#8409,.F.);
#8587=EDGE_LOOP('',(#8583,#8584,#8585,#8586));
#8588=FACE_OUTER_BOUND('',#8587,.F.);
#8589=ADVANCED_FACE('',(#8588),#8582,.F.);
#8590=CARTESIAN_POINT('',(4.269685039370E-2,5.905511811024E-2,
1.710875788073E-2));
#8591=DIRECTION('',(1.E0,0.E0,0.E0));
#8592=DIRECTION('',(0.E0,0.E0,-1.E0));
#8593=AXIS2_PLACEMENT_3D('',#8590,#8591,#8592);
#8594=PLANE('',#8593);
#8595=ORIENTED_EDGE('',*,*,#6559,.F.);
#8597=ORIENTED_EDGE('',*,*,#8596,.T.);
#8599=ORIENTED_EDGE('',*,*,#8598,.T.);
#8601=ORIENTED_EDGE('',*,*,#8600,.F.);
#8602=EDGE_LOOP('',(#8595,#8597,#8599,#8601));
#8603=FACE_OUTER_BOUND('',#8602,.F.);
#8604=ADVANCED_FACE('',(#8603),#8594,.F.);
#8605=CARTESIAN_POINT('',(4.235424698338E-2,5.905511811024E-2,
1.878608855676E-2));
#8606=DIRECTION('',(9.797707392153E-1,0.E0,2.001232084928E-1));
#8607=DIRECTION('',(2.001232084928E-1,0.E0,-9.797707392153E-1));
#8608=AXIS2_PLACEMENT_3D('',#8605,#8606,#8607);
#8609=PLANE('',#8608);
#8610=ORIENTED_EDGE('',*,*,#6585,.F.);
#8612=ORIENTED_EDGE('',*,*,#8611,.T.);
#8614=ORIENTED_EDGE('',*,*,#8613,.T.);
#8615=ORIENTED_EDGE('',*,*,#8596,.F.);
#8616=EDGE_LOOP('',(#8610,#8612,#8614,#8615));
#8617=FACE_OUTER_BOUND('',#8616,.F.);
#8618=ADVANCED_FACE('',(#8617),#8609,.F.);
#8619=CARTESIAN_POINT('',(4.166904016273E-2,5.905511811024E-2,
2.012795079411E-2));
#8620=DIRECTION('',(8.906051112017E-1,0.E0,4.547774575564E-1));
#8621=DIRECTION('',(4.547774575564E-1,0.E0,-8.906051112017E-1));
#8622=AXIS2_PLACEMENT_3D('',#8619,#8620,#8621);
#8623=PLANE('',#8622);
#8624=ORIENTED_EDGE('',*,*,#6583,.F.);
#8626=ORIENTED_EDGE('',*,*,#8625,.T.);
#8628=ORIENTED_EDGE('',*,*,#8627,.T.);
#8629=ORIENTED_EDGE('',*,*,#8611,.F.);
#8630=EDGE_LOOP('',(#8624,#8626,#8628,#8629));
#8631=FACE_OUTER_BOUND('',#8630,.F.);
#8632=ADVANCED_FACE('',(#8631),#8623,.F.);
#8633=CARTESIAN_POINT('',(4.029862652144E-2,5.905511811024E-2,
2.146981687058E-2));
#8634=DIRECTION('',(6.996255164452E-1,0.E0,7.145097177357E-1));
#8635=DIRECTION('',(7.145097177357E-1,0.E0,-6.996255164452E-1));
#8636=AXIS2_PLACEMENT_3D('',#8633,#8634,#8635);
#8637=PLANE('',#8636);
#8638=ORIENTED_EDGE('',*,*,#6581,.F.);
#8640=ORIENTED_EDGE('',*,*,#8639,.T.);
#8642=ORIENTED_EDGE('',*,*,#8641,.T.);
#8643=ORIENTED_EDGE('',*,*,#8625,.F.);
#8644=EDGE_LOOP('',(#8638,#8640,#8642,#8643));
#8645=FACE_OUTER_BOUND('',#8644,.F.);
#8646=ADVANCED_FACE('',(#8645),#8637,.F.);
#8647=CARTESIAN_POINT('',(3.892821288015E-2,5.905511811024E-2,
2.214074606971E-2));
#8648=DIRECTION('',(4.397121427660E-1,0.E0,8.981387596046E-1));
#8649=DIRECTION('',(8.981387596046E-1,0.E0,-4.397121427660E-1));
#8650=AXIS2_PLACEMENT_3D('',#8647,#8648,#8649);
#8651=PLANE('',#8650);
#8652=ORIENTED_EDGE('',*,*,#6579,.F.);
#8654=ORIENTED_EDGE('',*,*,#8653,.T.);
#8656=ORIENTED_EDGE('',*,*,#8655,.T.);
#8657=ORIENTED_EDGE('',*,*,#8639,.F.);
#8658=EDGE_LOOP('',(#8652,#8654,#8656,#8657));
#8659=FACE_OUTER_BOUND('',#8658,.F.);
#8660=ADVANCED_FACE('',(#8659),#8651,.F.);
#8661=CARTESIAN_POINT('',(3.721519486876E-2,5.905511811024E-2,
2.247621450837E-2));
#8662=DIRECTION('',(1.921841617981E-1,0.E0,9.813588782673E-1));
#8663=DIRECTION('',(9.813588782673E-1,0.E0,-1.921841617981E-1));
#8664=AXIS2_PLACEMENT_3D('',#8661,#8662,#8663);
#8665=PLANE('',#8664);
#8666=ORIENTED_EDGE('',*,*,#6577,.F.);
#8668=ORIENTED_EDGE('',*,*,#8667,.T.);
#8670=ORIENTED_EDGE('',*,*,#8669,.T.);
#8671=ORIENTED_EDGE('',*,*,#8653,.F.);
#8672=EDGE_LOOP('',(#8666,#8668,#8670,#8671));
#8673=FACE_OUTER_BOUND('',#8672,.F.);
#8674=ADVANCED_FACE('',(#8673),#8665,.F.);
#8675=CARTESIAN_POINT('',(3.207614323403E-2,5.905511811024E-2,
2.247621450837E-2));
#8676=DIRECTION('',(0.E0,0.E0,1.E0));
#8677=DIRECTION('',(1.E0,0.E0,0.E0));
#8678=AXIS2_PLACEMENT_3D('',#8675,#8676,#8677);
#8679=PLANE('',#8678);
#8680=ORIENTED_EDGE('',*,*,#6575,.F.);
#8682=ORIENTED_EDGE('',*,*,#8681,.T.);
#8684=ORIENTED_EDGE('',*,*,#8683,.T.);
#8685=ORIENTED_EDGE('',*,*,#8667,.F.);
#8686=EDGE_LOOP('',(#8680,#8682,#8684,#8685));
#8687=FACE_OUTER_BOUND('',#8686,.F.);
#8688=ADVANCED_FACE('',(#8687),#8679,.F.);
#8689=CARTESIAN_POINT('',(3.036312618242E-2,5.905511811024E-2,
2.214074606971E-2));
#8690=DIRECTION('',(-1.921842654987E-1,0.E0,9.813588579591E-1));
#8691=DIRECTION('',(9.813588579591E-1,0.E0,1.921842654987E-1));
#8692=AXIS2_PLACEMENT_3D('',#8689,#8690,#8691);
#8693=PLANE('',#8692);
#8694=ORIENTED_EDGE('',*,*,#6573,.F.);
#8696=ORIENTED_EDGE('',*,*,#8695,.T.);
#8698=ORIENTED_EDGE('',*,*,#8697,.T.);
#8699=ORIENTED_EDGE('',*,*,#8681,.F.);
#8700=EDGE_LOOP('',(#8694,#8696,#8698,#8699));
#8701=FACE_OUTER_BOUND('',#8700,.F.);
#8702=ADVANCED_FACE('',(#8701),#8693,.F.);
#8703=CARTESIAN_POINT('',(2.899271230118E-2,5.905511811024E-2,
2.146981687058E-2));
#8704=DIRECTION('',(-4.397120806629E-1,0.E0,8.981387900092E-1));
#8705=DIRECTION('',(8.981387900092E-1,0.E0,4.397120806629E-1));
#8706=AXIS2_PLACEMENT_3D('',#8703,#8704,#8705);
#8707=PLANE('',#8706);
#8708=ORIENTED_EDGE('',*,*,#6571,.F.);
#8710=ORIENTED_EDGE('',*,*,#8709,.T.);
#8712=ORIENTED_EDGE('',*,*,#8711,.T.);
#8713=ORIENTED_EDGE('',*,*,#8695,.F.);
#8714=EDGE_LOOP('',(#8708,#8710,#8712,#8713));
#8715=FACE_OUTER_BOUND('',#8714,.F.);
#8716=ADVANCED_FACE('',(#8715),#8707,.F.);
#8717=CARTESIAN_POINT('',(2.762229853992E-2,5.905511811024E-2,
2.012795079411E-2));
#8718=DIRECTION('',(-6.996254851765E-1,0.E0,7.145097483531E-1));
#8719=DIRECTION('',(7.145097483531E-1,0.E0,6.996254851765E-1));
#8720=AXIS2_PLACEMENT_3D('',#8717,#8718,#8719);
#8721=PLANE('',#8720);
#8722=ORIENTED_EDGE('',*,*,#6569,.F.);
#8724=ORIENTED_EDGE('',*,*,#8723,.T.);
#8726=ORIENTED_EDGE('',*,*,#8725,.T.);
#8727=ORIENTED_EDGE('',*,*,#8709,.F.);
#8728=EDGE_LOOP('',(#8722,#8724,#8726,#8727));
#8729=FACE_OUTER_BOUND('',#8728,.F.);
#8730=ADVANCED_FACE('',(#8729),#8721,.F.);
#8731=CARTESIAN_POINT('',(2.693709162929E-2,5.905511811024E-2,
1.878608855676E-2));
#8732=DIRECTION('',(-8.906050870136E-1,0.E0,4.547775049247E-1));
#8733=DIRECTION('',(4.547775049247E-1,0.E0,8.906050870136E-1));
#8734=AXIS2_PLACEMENT_3D('',#8731,#8732,#8733);
#8735=PLANE('',#8734);
#8736=ORIENTED_EDGE('',*,*,#6567,.F.);
#8738=ORIENTED_EDGE('',*,*,#8737,.T.);
#8740=ORIENTED_EDGE('',*,*,#8739,.T.);
#8741=ORIENTED_EDGE('',*,*,#8723,.F.);
#8742=EDGE_LOOP('',(#8736,#8738,#8740,#8741));
#8743=FACE_OUTER_BOUND('',#8742,.F.);
#8744=ADVANCED_FACE('',(#8743),#8735,.F.);
#8745=CARTESIAN_POINT('',(2.659448818898E-2,5.905511811024E-2,
1.710875788073E-2));
#8746=DIRECTION('',(-9.797707357802E-1,0.E0,2.001232253108E-1));
#8747=DIRECTION('',(2.001232253108E-1,0.E0,9.797707357802E-1));
#8748=AXIS2_PLACEMENT_3D('',#8745,#8746,#8747);
#8749=PLANE('',#8748);
#8750=ORIENTED_EDGE('',*,*,#6565,.F.);
#8752=ORIENTED_EDGE('',*,*,#8751,.T.);
#8754=ORIENTED_EDGE('',*,*,#8753,.T.);
#8755=ORIENTED_EDGE('',*,*,#8737,.F.);
#8756=EDGE_LOOP('',(#8750,#8752,#8754,#8755));
#8757=FACE_OUTER_BOUND('',#8756,.F.);
#8758=ADVANCED_FACE('',(#8757),#8749,.F.);
#8759=CARTESIAN_POINT('',(2.659448818898E-2,5.905511811024E-2,
9.057578697918E-3));
#8760=DIRECTION('',(-1.E0,0.E0,0.E0));
#8761=DIRECTION('',(0.E0,0.E0,1.E0));
#8762=AXIS2_PLACEMENT_3D('',#8759,#8760,#8761);
#8763=PLANE('',#8762);
#8764=ORIENTED_EDGE('',*,*,#6563,.F.);
#8766=ORIENTED_EDGE('',*,*,#8765,.T.);
#8768=ORIENTED_EDGE('',*,*,#8767,.T.);
#8769=ORIENTED_EDGE('',*,*,#8751,.F.);
#8770=EDGE_LOOP('',(#8764,#8766,#8768,#8769));
#8771=FACE_OUTER_BOUND('',#8770,.F.);
#8772=ADVANCED_FACE('',(#8771),#8763,.F.);
#8773=CARTESIAN_POINT('',(4.269685039370E-2,5.905511811024E-2,
9.057578697918E-3));
#8774=DIRECTION('',(0.E0,0.E0,-1.E0));
#8775=DIRECTION('',(-1.E0,0.E0,0.E0));
#8776=AXIS2_PLACEMENT_3D('',#8773,#8774,#8775);
#8777=PLANE('',#8776);
#8778=ORIENTED_EDGE('',*,*,#6561,.F.);
#8779=ORIENTED_EDGE('',*,*,#8600,.T.);
#8781=ORIENTED_EDGE('',*,*,#8780,.T.);
#8782=ORIENTED_EDGE('',*,*,#8765,.F.);
#8783=EDGE_LOOP('',(#8778,#8779,#8781,#8782));
#8784=FACE_OUTER_BOUND('',#8783,.F.);
#8785=ADVANCED_FACE('',(#8784),#8777,.F.);
#8786=CARTESIAN_POINT('',(4.724409448819E-2,5.885826771654E-2,0.E0));
#8787=DIRECTION('',(0.E0,1.E0,0.E0));
#8788=DIRECTION('',(0.E0,0.E0,1.E0));
#8789=AXIS2_PLACEMENT_3D('',#8786,#8787,#8788);
#8790=PLANE('',#8789);
#8791=ORIENTED_EDGE('',*,*,#8598,.F.);
#8792=ORIENTED_EDGE('',*,*,#8613,.F.);
#8793=ORIENTED_EDGE('',*,*,#8627,.F.);
#8794=ORIENTED_EDGE('',*,*,#8641,.F.);
#8795=ORIENTED_EDGE('',*,*,#8655,.F.);
#8796=ORIENTED_EDGE('',*,*,#8669,.F.);
#8797=ORIENTED_EDGE('',*,*,#8683,.F.);
#8798=ORIENTED_EDGE('',*,*,#8697,.F.);
#8799=ORIENTED_EDGE('',*,*,#8711,.F.);
#8800=ORIENTED_EDGE('',*,*,#8725,.F.);
#8801=ORIENTED_EDGE('',*,*,#8739,.F.);
#8802=ORIENTED_EDGE('',*,*,#8753,.F.);
#8803=ORIENTED_EDGE('',*,*,#8767,.F.);
#8804=ORIENTED_EDGE('',*,*,#8780,.F.);
#8805=EDGE_LOOP('',(#8791,#8792,#8793,#8794,#8795,#8796,#8797,#8798,#8799,#8800,
#8801,#8802,#8803,#8804));
#8806=FACE_OUTER_BOUND('',#8805,.F.);
#8808=ORIENTED_EDGE('',*,*,#8807,.F.);
#8810=ORIENTED_EDGE('',*,*,#8809,.F.);
#8812=ORIENTED_EDGE('',*,*,#8811,.F.);
#8814=ORIENTED_EDGE('',*,*,#8813,.F.);
#8816=ORIENTED_EDGE('',*,*,#8815,.F.);
#8818=ORIENTED_EDGE('',*,*,#8817,.F.);
#8820=ORIENTED_EDGE('',*,*,#8819,.F.);
#8822=ORIENTED_EDGE('',*,*,#8821,.F.);
#8824=ORIENTED_EDGE('',*,*,#8823,.F.);
#8826=ORIENTED_EDGE('',*,*,#8825,.F.);
#8828=ORIENTED_EDGE('',*,*,#8827,.F.);
#8830=ORIENTED_EDGE('',*,*,#8829,.F.);
#8831=EDGE_LOOP('',(#8808,#8810,#8812,#8814,#8816,#8818,#8820,#8822,#8824,#8826,
#8828,#8830));
#8832=FACE_BOUND('',#8831,.F.);
#8833=ADVANCED_FACE('',(#8806,#8832),#8790,.T.);
#8834=CARTESIAN_POINT('',(4.064122993176E-2,5.905511811024E-2,
1.107037205396E-2));
#8835=DIRECTION('',(-1.E0,0.E0,0.E0));
#8836=DIRECTION('',(0.E0,0.E0,1.E0));
#8837=AXIS2_PLACEMENT_3D('',#8834,#8835,#8836);
#8838=PLANE('',#8837);
#8840=ORIENTED_EDGE('',*,*,#8839,.F.);
#8842=ORIENTED_EDGE('',*,*,#8841,.T.);
#8843=ORIENTED_EDGE('',*,*,#8807,.T.);
#8845=ORIENTED_EDGE('',*,*,#8844,.F.);
#8846=EDGE_LOOP('',(#8840,#8842,#8843,#8845));
#8847=FACE_OUTER_BOUND('',#8846,.F.);
#8848=ADVANCED_FACE('',(#8847),#8838,.F.);
#8849=CARTESIAN_POINT('',(4.724409448819E-2,5.905511811024E-2,
1.141732283465E-1));
#8850=DIRECTION('',(0.E0,1.E0,0.E0));
#8851=DIRECTION('',(0.E0,0.E0,-1.E0));
#8852=AXIS2_PLACEMENT_3D('',#8849,#8850,#8851);
#8853=PLANE('',#8852);
#8854=ORIENTED_EDGE('',*,*,#8839,.T.);
#8856=ORIENTED_EDGE('',*,*,#8855,.T.);
#8858=ORIENTED_EDGE('',*,*,#8857,.T.);
#8860=ORIENTED_EDGE('',*,*,#8859,.T.);
#8862=ORIENTED_EDGE('',*,*,#8861,.T.);
#8864=ORIENTED_EDGE('',*,*,#8863,.T.);
#8866=ORIENTED_EDGE('',*,*,#8865,.T.);
#8868=ORIENTED_EDGE('',*,*,#8867,.T.);
#8870=ORIENTED_EDGE('',*,*,#8869,.T.);
#8872=ORIENTED_EDGE('',*,*,#8871,.T.);
#8874=ORIENTED_EDGE('',*,*,#8873,.T.);
#8876=ORIENTED_EDGE('',*,*,#8875,.T.);
#8877=EDGE_LOOP('',(#8854,#8856,#8858,#8860,#8862,#8864,#8866,#8868,#8870,#8872,
#8874,#8876));
#8878=FACE_OUTER_BOUND('',#8877,.F.);
#8879=ADVANCED_FACE('',(#8878),#8853,.T.);
#8880=CARTESIAN_POINT('',(4.064122993176E-2,5.905511811024E-2,
1.710875788073E-2));
#8881=DIRECTION('',(-9.689178307915E-1,0.E0,-2.473827746112E-1));
#8882=DIRECTION('',(-2.473827746112E-1,0.E0,9.689178307915E-1));
#8883=AXIS2_PLACEMENT_3D('',#8880,#8881,#8882);
#8884=PLANE('',#8883);
#8885=ORIENTED_EDGE('',*,*,#8855,.F.);
#8886=ORIENTED_EDGE('',*,*,#8844,.T.);
#8887=ORIENTED_EDGE('',*,*,#8829,.T.);
#8889=ORIENTED_EDGE('',*,*,#8888,.F.);
#8890=EDGE_LOOP('',(#8885,#8886,#8887,#8889));
#8891=FACE_OUTER_BOUND('',#8890,.F.);
#8892=ADVANCED_FACE('',(#8891),#8884,.F.);
#8893=CARTESIAN_POINT('',(4.029862652144E-2,5.905511811024E-2,
1.845062395719E-2));
#8894=DIRECTION('',(-8.265992787996E-1,0.E0,-5.627909312417E-1));
#8895=DIRECTION('',(-5.627909312417E-1,0.E0,8.265992787996E-1));
#8896=AXIS2_PLACEMENT_3D('',#8893,#8894,#8895);
#8897=PLANE('',#8896);
#8898=ORIENTED_EDGE('',*,*,#8857,.F.);
#8899=ORIENTED_EDGE('',*,*,#8888,.T.);
#8900=ORIENTED_EDGE('',*,*,#8827,.T.);
#8902=ORIENTED_EDGE('',*,*,#8901,.F.);
#8903=EDGE_LOOP('',(#8898,#8899,#8900,#8902));
#8904=FACE_OUTER_BOUND('',#8903,.F.);
#8905=ADVANCED_FACE('',(#8904),#8897,.F.);
#8906=CARTESIAN_POINT('',(3.961341970080E-2,5.905511811024E-2,
1.945702159499E-2));
#8907=DIRECTION('',(-5.466207265530E-1,0.E0,-8.373803086428E-1));
#8908=DIRECTION('',(-8.373803086428E-1,0.E0,5.466207265530E-1));
#8909=AXIS2_PLACEMENT_3D('',#8906,#8907,#8908);
#8910=PLANE('',#8909);
#8911=ORIENTED_EDGE('',*,*,#8859,.F.);
#8912=ORIENTED_EDGE('',*,*,#8901,.T.);
#8913=ORIENTED_EDGE('',*,*,#8825,.T.);
#8915=ORIENTED_EDGE('',*,*,#8914,.F.);
#8916=EDGE_LOOP('',(#8911,#8912,#8913,#8915));
#8917=FACE_OUTER_BOUND('',#8916,.F.);
#8918=ADVANCED_FACE('',(#8917),#8910,.F.);
#8919=CARTESIAN_POINT('',(3.858560851005E-2,5.905511811024E-2,
2.012795079411E-2));
#8920=DIRECTION('',(-2.377730639603E-1,0.E0,-9.713207349042E-1));
#8921=DIRECTION('',(-9.713207349042E-1,0.E0,2.377730639603E-1));
#8922=AXIS2_PLACEMENT_3D('',#8919,#8920,#8921);
#8923=PLANE('',#8922);
#8924=ORIENTED_EDGE('',*,*,#8861,.F.);
#8925=ORIENTED_EDGE('',*,*,#8914,.T.);
#8926=ORIENTED_EDGE('',*,*,#8823,.T.);
#8928=ORIENTED_EDGE('',*,*,#8927,.F.);
#8929=EDGE_LOOP('',(#8924,#8925,#8926,#8928));
#8930=FACE_OUTER_BOUND('',#8929,.F.);
#8931=ADVANCED_FACE('',(#8930),#8923,.F.);
#8932=CARTESIAN_POINT('',(3.721519486876E-2,5.905511811024E-2,
2.046341923278E-2));
#8933=DIRECTION('',(0.E0,0.E0,-1.E0));
#8934=DIRECTION('',(-1.E0,0.E0,0.E0));
#8935=AXIS2_PLACEMENT_3D('',#8932,#8933,#8934);
#8936=PLANE('',#8935);
#8937=ORIENTED_EDGE('',*,*,#8863,.F.);
#8938=ORIENTED_EDGE('',*,*,#8927,.T.);
#8939=ORIENTED_EDGE('',*,*,#8821,.T.);
#8941=ORIENTED_EDGE('',*,*,#8940,.F.);
#8942=EDGE_LOOP('',(#8937,#8938,#8939,#8941));
#8943=FACE_OUTER_BOUND('',#8942,.F.);
#8944=ADVANCED_FACE('',(#8943),#8936,.F.);
#8945=CARTESIAN_POINT('',(3.207614323403E-2,5.905511811024E-2,
2.046341923278E-2));
#8946=DIRECTION('',(2.377730639603E-1,0.E0,-9.713207349042E-1));
#8947=DIRECTION('',(-9.713207349042E-1,0.E0,-2.377730639603E-1));
#8948=AXIS2_PLACEMENT_3D('',#8945,#8946,#8947);
#8949=PLANE('',#8948);
#8950=ORIENTED_EDGE('',*,*,#8865,.F.);
#8951=ORIENTED_EDGE('',*,*,#8940,.T.);
#8952=ORIENTED_EDGE('',*,*,#8819,.T.);
#8954=ORIENTED_EDGE('',*,*,#8953,.F.);
#8955=EDGE_LOOP('',(#8950,#8951,#8952,#8954));
#8956=FACE_OUTER_BOUND('',#8955,.F.);
#8957=ADVANCED_FACE('',(#8956),#8949,.F.);
#8958=CARTESIAN_POINT('',(3.070572959274E-2,5.905511811024E-2,
2.012795079411E-2));
#8959=DIRECTION('',(5.466210844748E-1,0.E0,-8.373800750004E-1));
#8960=DIRECTION('',(-8.373800750004E-1,0.E0,-5.466210844748E-1));
#8961=AXIS2_PLACEMENT_3D('',#8958,#8959,#8960);
#8962=PLANE('',#8961);
#8963=ORIENTED_EDGE('',*,*,#8867,.F.);
#8964=ORIENTED_EDGE('',*,*,#8953,.T.);
#8965=ORIENTED_EDGE('',*,*,#8817,.T.);
#8967=ORIENTED_EDGE('',*,*,#8966,.F.);
#8968=EDGE_LOOP('',(#8963,#8964,#8965,#8967));
#8969=FACE_OUTER_BOUND('',#8968,.F.);
#8970=ADVANCED_FACE('',(#8969),#8962,.F.);
#8971=CARTESIAN_POINT('',(2.967791936177E-2,5.905511811024E-2,
1.945702159499E-2));
#8972=DIRECTION('',(8.265991871191E-1,0.E0,-5.627910658976E-1));
#8973=DIRECTION('',(-5.627910658976E-1,0.E0,-8.265991871191E-1));
#8974=AXIS2_PLACEMENT_3D('',#8971,#8972,#8973);
#8975=PLANE('',#8974);
#8976=ORIENTED_EDGE('',*,*,#8869,.F.);
#8977=ORIENTED_EDGE('',*,*,#8966,.T.);
#8978=ORIENTED_EDGE('',*,*,#8815,.T.);
#8980=ORIENTED_EDGE('',*,*,#8979,.F.);
#8981=EDGE_LOOP('',(#8976,#8977,#8978,#8980));
#8982=FACE_OUTER_BOUND('',#8981,.F.);
#8983=ADVANCED_FACE('',(#8982),#8975,.F.);
#8984=CARTESIAN_POINT('',(2.899271230118E-2,5.905511811024E-2,
1.845062395719E-2));
#8985=DIRECTION('',(9.689178307915E-1,0.E0,-2.473827746112E-1));
#8986=DIRECTION('',(-2.473827746112E-1,0.E0,-9.689178307915E-1));
#8987=AXIS2_PLACEMENT_3D('',#8984,#8985,#8986);
#8988=PLANE('',#8987);
#8989=ORIENTED_EDGE('',*,*,#8871,.F.);
#8990=ORIENTED_EDGE('',*,*,#8979,.T.);
#8991=ORIENTED_EDGE('',*,*,#8813,.T.);
#8993=ORIENTED_EDGE('',*,*,#8992,.F.);
#8994=EDGE_LOOP('',(#8989,#8990,#8991,#8993));
#8995=FACE_OUTER_BOUND('',#8994,.F.);
#8996=ADVANCED_FACE('',(#8995),#8988,.F.);
#8997=CARTESIAN_POINT('',(2.865010889086E-2,5.905511811024E-2,
1.710875788073E-2));
#8998=DIRECTION('',(1.E0,0.E0,0.E0));
#8999=DIRECTION('',(0.E0,0.E0,-1.E0));
#9000=AXIS2_PLACEMENT_3D('',#8997,#8998,#8999);
#9001=PLANE('',#9000);
#9002=ORIENTED_EDGE('',*,*,#8873,.F.);
#9003=ORIENTED_EDGE('',*,*,#8992,.T.);
#9004=ORIENTED_EDGE('',*,*,#8811,.T.);
#9006=ORIENTED_EDGE('',*,*,#9005,.F.);
#9007=EDGE_LOOP('',(#9002,#9003,#9004,#9006));
#9008=FACE_OUTER_BOUND('',#9007,.F.);
#9009=ADVANCED_FACE('',(#9008),#9001,.F.);
#9010=CARTESIAN_POINT('',(2.865010889086E-2,5.905511811024E-2,
1.107037205396E-2));
#9011=DIRECTION('',(0.E0,0.E0,1.E0));
#9012=DIRECTION('',(1.E0,0.E0,0.E0));
#9013=AXIS2_PLACEMENT_3D('',#9010,#9011,#9012);
#9014=PLANE('',#9013);
#9015=ORIENTED_EDGE('',*,*,#8875,.F.);
#9016=ORIENTED_EDGE('',*,*,#9005,.T.);
#9017=ORIENTED_EDGE('',*,*,#8809,.T.);
#9018=ORIENTED_EDGE('',*,*,#8841,.F.);
#9019=EDGE_LOOP('',(#9015,#9016,#9017,#9018));
#9020=FACE_OUTER_BOUND('',#9019,.F.);
#9021=ADVANCED_FACE('',(#9020),#9014,.F.);
#9022=CARTESIAN_POINT('',(-3.954724409449E-2,5.905511811024E-2,
2.683726807279E-3));
#9023=DIRECTION('',(0.E0,0.E0,1.E0));
#9024=DIRECTION('',(1.E0,0.E0,0.E0));
#9025=AXIS2_PLACEMENT_3D('',#9022,#9023,#9024);
#9026=PLANE('',#9025);
#9027=ORIENTED_EDGE('',*,*,#6589,.F.);
#9029=ORIENTED_EDGE('',*,*,#9028,.T.);
#9031=ORIENTED_EDGE('',*,*,#9030,.T.);
#9033=ORIENTED_EDGE('',*,*,#9032,.F.);
#9034=EDGE_LOOP('',(#9027,#9029,#9031,#9033));
#9035=FACE_OUTER_BOUND('',#9034,.F.);
#9036=ADVANCED_FACE('',(#9035),#9026,.F.);
#9037=CARTESIAN_POINT('',(-3.954724409449E-2,5.905511811024E-2,
6.709324914639E-4));
#9038=DIRECTION('',(-1.E0,0.E0,0.E0));
#9039=DIRECTION('',(0.E0,0.E0,1.E0));
#9040=AXIS2_PLACEMENT_3D('',#9037,#9038,#9039);
#9041=PLANE('',#9040);
#9042=ORIENTED_EDGE('',*,*,#6611,.F.);
#9044=ORIENTED_EDGE('',*,*,#9043,.T.);
#9046=ORIENTED_EDGE('',*,*,#9045,.T.);
#9047=ORIENTED_EDGE('',*,*,#9028,.F.);
#9048=EDGE_LOOP('',(#9042,#9044,#9046,#9047));
#9049=FACE_OUTER_BOUND('',#9048,.F.);
#9050=ADVANCED_FACE('',(#9049),#9041,.F.);
#9051=CARTESIAN_POINT('',(-2.344488188976E-2,5.905511811024E-2,
6.709324914639E-4));
#9052=DIRECTION('',(0.E0,0.E0,-1.E0));
#9053=DIRECTION('',(-1.E0,0.E0,0.E0));
#9054=AXIS2_PLACEMENT_3D('',#9051,#9052,#9053);
#9055=PLANE('',#9054);
#9056=ORIENTED_EDGE('',*,*,#6609,.F.);
#9058=ORIENTED_EDGE('',*,*,#9057,.T.);
#9060=ORIENTED_EDGE('',*,*,#9059,.T.);
#9061=ORIENTED_EDGE('',*,*,#9043,.F.);
#9062=EDGE_LOOP('',(#9056,#9058,#9060,#9061));
#9063=FACE_OUTER_BOUND('',#9062,.F.);
#9064=ADVANCED_FACE('',(#9063),#9055,.F.);
#9065=CARTESIAN_POINT('',(-2.344488188976E-2,5.905511811024E-2,
2.683726807279E-3));
#9066=DIRECTION('',(1.E0,0.E0,0.E0));
#9067=DIRECTION('',(0.E0,0.E0,-1.E0));
#9068=AXIS2_PLACEMENT_3D('',#9065,#9066,#9067);
#9069=PLANE('',#9068);
#9070=ORIENTED_EDGE('',*,*,#6607,.F.);
#9072=ORIENTED_EDGE('',*,*,#9071,.T.);
#9074=ORIENTED_EDGE('',*,*,#9073,.T.);
#9075=ORIENTED_EDGE('',*,*,#9057,.F.);
#9076=EDGE_LOOP('',(#9070,#9072,#9074,#9075));
#9077=FACE_OUTER_BOUND('',#9076,.F.);
#9078=ADVANCED_FACE('',(#9077),#9069,.F.);
#9079=CARTESIAN_POINT('',(-2.995434764567E-2,5.905511811024E-2,
2.683726807279E-3));
#9080=DIRECTION('',(0.E0,0.E0,1.E0));
#9081=DIRECTION('',(1.E0,0.E0,0.E0));
#9082=AXIS2_PLACEMENT_3D('',#9079,#9080,#9081);
#9083=PLANE('',#9082);
#9084=ORIENTED_EDGE('',*,*,#6605,.F.);
#9086=ORIENTED_EDGE('',*,*,#9085,.T.);
#9088=ORIENTED_EDGE('',*,*,#9087,.T.);
#9089=ORIENTED_EDGE('',*,*,#9071,.F.);
#9090=EDGE_LOOP('',(#9084,#9086,#9088,#9089));
#9091=FACE_OUTER_BOUND('',#9090,.F.);
#9092=ADVANCED_FACE('',(#9091),#9083,.F.);
#9093=CARTESIAN_POINT('',(-2.995434764567E-2,5.905511811024E-2,
1.207677206655E-2));
#9094=DIRECTION('',(1.E0,0.E0,0.E0));
#9095=DIRECTION('',(0.E0,0.E0,-1.E0));
#9096=AXIS2_PLACEMENT_3D('',#9093,#9094,#9095);
#9097=PLANE('',#9096);
#9098=ORIENTED_EDGE('',*,*,#6603,.F.);
#9100=ORIENTED_EDGE('',*,*,#9099,.T.);
#9102=ORIENTED_EDGE('',*,*,#9101,.T.);
#9103=ORIENTED_EDGE('',*,*,#9085,.F.);
#9104=EDGE_LOOP('',(#9098,#9100,#9102,#9103));
#9105=FACE_OUTER_BOUND('',#9104,.F.);
#9106=ADVANCED_FACE('',(#9105),#9097,.F.);
#9107=CARTESIAN_POINT('',(-2.344488188976E-2,5.905511811024E-2,
1.207677206655E-2));
#9108=DIRECTION('',(0.E0,0.E0,-1.E0));
#9109=DIRECTION('',(-1.E0,0.E0,0.E0));
#9110=AXIS2_PLACEMENT_3D('',#9107,#9108,#9109);
#9111=PLANE('',#9110);
#9112=ORIENTED_EDGE('',*,*,#6601,.F.);
#9114=ORIENTED_EDGE('',*,*,#9113,.T.);
#9116=ORIENTED_EDGE('',*,*,#9115,.T.);
#9117=ORIENTED_EDGE('',*,*,#9099,.F.);
#9118=EDGE_LOOP('',(#9112,#9114,#9116,#9117));
#9119=FACE_OUTER_BOUND('',#9118,.F.);
#9120=ADVANCED_FACE('',(#9119),#9111,.F.);
#9121=CARTESIAN_POINT('',(-2.344488188976E-2,5.905511811024E-2,
1.408956734214E-2));
#9122=DIRECTION('',(1.E0,0.E0,0.E0));
#9123=DIRECTION('',(0.E0,0.E0,-1.E0));
#9124=AXIS2_PLACEMENT_3D('',#9121,#9122,#9123);
#9125=PLANE('',#9124);
#9126=ORIENTED_EDGE('',*,*,#6599,.F.);
#9128=ORIENTED_EDGE('',*,*,#9127,.T.);
#9130=ORIENTED_EDGE('',*,*,#9129,.T.);
#9131=ORIENTED_EDGE('',*,*,#9113,.F.);
#9132=EDGE_LOOP('',(#9126,#9128,#9130,#9131));
#9133=FACE_OUTER_BOUND('',#9132,.F.);
#9134=ADVANCED_FACE('',(#9133),#9125,.F.);
#9135=CARTESIAN_POINT('',(-3.954724409449E-2,5.905511811024E-2,
1.408956734214E-2));
#9136=DIRECTION('',(0.E0,0.E0,1.E0));
#9137=DIRECTION('',(1.E0,0.E0,0.E0));
#9138=AXIS2_PLACEMENT_3D('',#9135,#9136,#9137);
#9139=PLANE('',#9138);
#9140=ORIENTED_EDGE('',*,*,#6597,.F.);
#9142=ORIENTED_EDGE('',*,*,#9141,.T.);
#9144=ORIENTED_EDGE('',*,*,#9143,.T.);
#9145=ORIENTED_EDGE('',*,*,#9127,.F.);
#9146=EDGE_LOOP('',(#9140,#9142,#9144,#9145));
#9147=FACE_OUTER_BOUND('',#9146,.F.);
#9148=ADVANCED_FACE('',(#9147),#9139,.F.);
#9149=CARTESIAN_POINT('',(-3.954724409449E-2,5.905511811024E-2,
1.207677206655E-2));
#9150=DIRECTION('',(-1.E0,0.E0,0.E0));
#9151=DIRECTION('',(0.E0,0.E0,1.E0));
#9152=AXIS2_PLACEMENT_3D('',#9149,#9150,#9151);
#9153=PLANE('',#9152);
#9154=ORIENTED_EDGE('',*,*,#6595,.F.);
#9156=ORIENTED_EDGE('',*,*,#9155,.T.);
#9158=ORIENTED_EDGE('',*,*,#9157,.T.);
#9159=ORIENTED_EDGE('',*,*,#9141,.F.);
#9160=EDGE_LOOP('',(#9154,#9156,#9158,#9159));
#9161=FACE_OUTER_BOUND('',#9160,.F.);
#9162=ADVANCED_FACE('',(#9161),#9153,.F.);
#9163=CARTESIAN_POINT('',(-3.200996810761E-2,5.905511811024E-2,
1.207677206655E-2));
#9164=DIRECTION('',(0.E0,0.E0,-1.E0));
#9165=DIRECTION('',(-1.E0,0.E0,0.E0));
#9166=AXIS2_PLACEMENT_3D('',#9163,#9164,#9165);
#9167=PLANE('',#9166);
#9168=ORIENTED_EDGE('',*,*,#6593,.F.);
#9170=ORIENTED_EDGE('',*,*,#9169,.T.);
#9172=ORIENTED_EDGE('',*,*,#9171,.T.);
#9173=ORIENTED_EDGE('',*,*,#9155,.F.);
#9174=EDGE_LOOP('',(#9168,#9170,#9172,#9173));
#9175=FACE_OUTER_BOUND('',#9174,.F.);
#9176=ADVANCED_FACE('',(#9175),#9167,.F.);
#9177=CARTESIAN_POINT('',(-3.200996810761E-2,5.905511811024E-2,
2.683726807279E-3));
#9178=DIRECTION('',(-1.E0,0.E0,0.E0));
#9179=DIRECTION('',(0.E0,0.E0,1.E0));
#9180=AXIS2_PLACEMENT_3D('',#9177,#9178,#9179);
#9181=PLANE('',#9180);
#9182=ORIENTED_EDGE('',*,*,#6591,.F.);
#9183=ORIENTED_EDGE('',*,*,#9032,.T.);
#9185=ORIENTED_EDGE('',*,*,#9184,.T.);
#9186=ORIENTED_EDGE('',*,*,#9169,.F.);
#9187=EDGE_LOOP('',(#9182,#9183,#9185,#9186));
#9188=FACE_OUTER_BOUND('',#9187,.F.);
#9189=ADVANCED_FACE('',(#9188),#9181,.F.);
#9190=CARTESIAN_POINT('',(4.724409448819E-2,5.885826771654E-2,0.E0));
#9191=DIRECTION('',(0.E0,1.E0,0.E0));
#9192=DIRECTION('',(0.E0,0.E0,1.E0));
#9193=AXIS2_PLACEMENT_3D('',#9190,#9191,#9192);
#9194=PLANE('',#9193);
#9195=ORIENTED_EDGE('',*,*,#9030,.F.);
#9196=ORIENTED_EDGE('',*,*,#9045,.F.);
#9197=ORIENTED_EDGE('',*,*,#9059,.F.);
#9198=ORIENTED_EDGE('',*,*,#9073,.F.);
#9199=ORIENTED_EDGE('',*,*,#9087,.F.);
#9200=ORIENTED_EDGE('',*,*,#9101,.F.);
#9201=ORIENTED_EDGE('',*,*,#9115,.F.);
#9202=ORIENTED_EDGE('',*,*,#9129,.F.);
#9203=ORIENTED_EDGE('',*,*,#9143,.F.);
#9204=ORIENTED_EDGE('',*,*,#9157,.F.);
#9205=ORIENTED_EDGE('',*,*,#9171,.F.);
#9206=ORIENTED_EDGE('',*,*,#9184,.F.);
#9207=EDGE_LOOP('',(#9195,#9196,#9197,#9198,#9199,#9200,#9201,#9202,#9203,#9204,
#9205,#9206));
#9208=FACE_OUTER_BOUND('',#9207,.F.);
#9209=ADVANCED_FACE('',(#9208),#9194,.T.);
#9210=CARTESIAN_POINT('',(-3.543307086614E-2,0.E0,1.102362204724E-1));
#9211=DIRECTION('',(0.E0,0.E0,1.E0));
#9212=DIRECTION('',(1.E0,0.E0,0.E0));
#9213=AXIS2_PLACEMENT_3D('',#9210,#9211,#9212);
#9214=PLANE('',#9213);
#9215=ORIENTED_EDGE('',*,*,#6139,.T.);
#9216=ORIENTED_EDGE('',*,*,#6110,.F.);
#9217=ORIENTED_EDGE('',*,*,#4537,.F.);
#9219=ORIENTED_EDGE('',*,*,#9218,.T.);
#9220=EDGE_LOOP('',(#9215,#9216,#9217,#9219));
#9221=FACE_OUTER_BOUND('',#9220,.F.);
#9222=ADVANCED_FACE('',(#9221),#9214,.T.);
#9223=CARTESIAN_POINT('',(-3.543307086614E-2,0.E0,-1.102362204724E-1));
#9224=DIRECTION('',(-1.E0,0.E0,0.E0));
#9225=DIRECTION('',(0.E0,0.E0,1.E0));
#9226=AXIS2_PLACEMENT_3D('',#9223,#9224,#9225);
#9227=PLANE('',#9226);
#9228=ORIENTED_EDGE('',*,*,#6149,.T.);
#9230=ORIENTED_EDGE('',*,*,#9229,.T.);
#9231=ORIENTED_EDGE('',*,*,#6141,.T.);
#9232=ORIENTED_EDGE('',*,*,#9218,.F.);
#9233=ORIENTED_EDGE('',*,*,#4535,.F.);
#9235=ORIENTED_EDGE('',*,*,#9234,.T.);
#9236=EDGE_LOOP('',(#9228,#9230,#9231,#9232,#9233,#9235));
#9237=FACE_OUTER_BOUND('',#9236,.F.);
#9238=ADVANCED_FACE('',(#9237),#9227,.T.);
#9239=CARTESIAN_POINT('',(0.E0,1.968503937008E-3,0.E0));
#9240=DIRECTION('',(0.E0,1.E0,0.E0));
#9241=DIRECTION('',(-1.E0,0.E0,0.E0));
#9242=AXIS2_PLACEMENT_3D('',#9239,#9240,#9241);
#9243=PLANE('',#9242);
#9245=ORIENTED_EDGE('',*,*,#9244,.F.);
#9246=ORIENTED_EDGE('',*,*,#6103,.F.);
#9248=ORIENTED_EDGE('',*,*,#9247,.T.);
#9249=ORIENTED_EDGE('',*,*,#9229,.F.);
#9250=EDGE_LOOP('',(#9245,#9246,#9248,#9249));
#9251=FACE_OUTER_BOUND('',#9250,.F.);
#9252=ADVANCED_FACE('',(#9251),#9243,.T.);
#9253=CARTESIAN_POINT('',(4.724409448819E-2,1.968503937008E-3,
-1.043307086614E-1));
#9254=DIRECTION('',(0.E0,0.E0,1.E0));
#9255=DIRECTION('',(0.E0,1.E0,0.E0));
#9256=AXIS2_PLACEMENT_3D('',#9253,#9254,#9255);
#9257=PLANE('',#9256);
#9258=ORIENTED_EDGE('',*,*,#9244,.T.);
#9259=ORIENTED_EDGE('',*,*,#6147,.T.);
#9261=ORIENTED_EDGE('',*,*,#9260,.T.);
#9263=ORIENTED_EDGE('',*,*,#9262,.F.);
#9265=ORIENTED_EDGE('',*,*,#9264,.F.);
#9266=ORIENTED_EDGE('',*,*,#6154,.T.);
#9267=EDGE_LOOP('',(#9258,#9259,#9261,#9263,#9265,#9266));
#9268=FACE_OUTER_BOUND('',#9267,.F.);
#9269=ADVANCED_FACE('',(#9268),#9257,.T.);
#9270=CARTESIAN_POINT('',(-3.937007874016E-2,1.968503937008E-3,0.E0));
#9271=DIRECTION('',(-1.E0,0.E0,0.E0));
#9272=DIRECTION('',(0.E0,0.E0,1.E0));
#9273=AXIS2_PLACEMENT_3D('',#9270,#9271,#9272);
#9274=PLANE('',#9273);
#9275=ORIENTED_EDGE('',*,*,#9260,.F.);
#9276=ORIENTED_EDGE('',*,*,#6145,.T.);
#9278=ORIENTED_EDGE('',*,*,#9277,.F.);
#9280=ORIENTED_EDGE('',*,*,#9279,.F.);
#9282=ORIENTED_EDGE('',*,*,#9281,.F.);
#9284=ORIENTED_EDGE('',*,*,#9283,.F.);
#9286=ORIENTED_EDGE('',*,*,#9285,.F.);
#9288=ORIENTED_EDGE('',*,*,#9287,.F.);
#9289=EDGE_LOOP('',(#9275,#9276,#9278,#9280,#9282,#9284,#9286,#9288));
#9290=FACE_OUTER_BOUND('',#9289,.F.);
#9291=ADVANCED_FACE('',(#9290),#9274,.F.);
#9292=CARTESIAN_POINT('',(4.724409448819E-2,1.574803149606E-2,
1.043307086614E-1));
#9293=DIRECTION('',(0.E0,0.E0,-1.E0));
#9294=DIRECTION('',(0.E0,-1.E0,0.E0));
#9295=AXIS2_PLACEMENT_3D('',#9292,#9293,#9294);
#9296=PLANE('',#9295);
#9297=ORIENTED_EDGE('',*,*,#9247,.F.);
#9298=ORIENTED_EDGE('',*,*,#6158,.F.);
#9300=ORIENTED_EDGE('',*,*,#9299,.F.);
#9302=ORIENTED_EDGE('',*,*,#9301,.T.);
#9303=ORIENTED_EDGE('',*,*,#9277,.T.);
#9304=ORIENTED_EDGE('',*,*,#6143,.F.);
#9305=EDGE_LOOP('',(#9297,#9298,#9300,#9302,#9303,#9304));
#9306=FACE_OUTER_BOUND('',#9305,.F.);
#9307=ADVANCED_FACE('',(#9306),#9296,.T.);
#9308=CARTESIAN_POINT('',(3.937007874016E-2,1.968503937008E-3,0.E0));
#9309=DIRECTION('',(-1.E0,0.E0,0.E0));
#9310=DIRECTION('',(0.E0,0.E0,1.E0));
#9311=AXIS2_PLACEMENT_3D('',#9308,#9309,#9310);
#9312=PLANE('',#9311);
#9313=ORIENTED_EDGE('',*,*,#6156,.F.);
#9314=ORIENTED_EDGE('',*,*,#9264,.T.);
#9316=ORIENTED_EDGE('',*,*,#9315,.T.);
#9318=ORIENTED_EDGE('',*,*,#9317,.T.);
#9320=ORIENTED_EDGE('',*,*,#9319,.T.);
#9322=ORIENTED_EDGE('',*,*,#9321,.T.);
#9324=ORIENTED_EDGE('',*,*,#9323,.T.);
#9325=ORIENTED_EDGE('',*,*,#9299,.T.);
#9326=EDGE_LOOP('',(#9313,#9314,#9316,#9318,#9320,#9322,#9324,#9325));
#9327=FACE_OUTER_BOUND('',#9326,.F.);
#9328=ADVANCED_FACE('',(#9327),#9312,.T.);
#9329=CARTESIAN_POINT('',(4.724409448819E-2,1.574803149606E-2,
-1.043307086614E-1));
#9330=DIRECTION('',(0.E0,-1.E0,0.E0));
#9331=DIRECTION('',(0.E0,0.E0,1.E0));
#9332=AXIS2_PLACEMENT_3D('',#9329,#9330,#9331);
#9333=PLANE('',#9332);
#9334=ORIENTED_EDGE('',*,*,#9315,.F.);
#9335=ORIENTED_EDGE('',*,*,#9262,.T.);
#9336=ORIENTED_EDGE('',*,*,#9287,.T.);
#9338=ORIENTED_EDGE('',*,*,#9337,.F.);
#9339=EDGE_LOOP('',(#9334,#9335,#9336,#9338));
#9340=FACE_OUTER_BOUND('',#9339,.F.);
#9341=ADVANCED_FACE('',(#9340),#9333,.T.);
#9342=CARTESIAN_POINT('',(4.724409448819E-2,1.574803149606E-2,
-1.023622047244E-1));
#9343=DIRECTION('',(0.E0,0.E0,1.E0));
#9344=DIRECTION('',(0.E0,1.E0,0.E0));
#9345=AXIS2_PLACEMENT_3D('',#9342,#9343,#9344);
#9346=PLANE('',#9345);
#9347=ORIENTED_EDGE('',*,*,#9317,.F.);
#9348=ORIENTED_EDGE('',*,*,#9337,.T.);
#9349=ORIENTED_EDGE('',*,*,#9285,.T.);
#9351=ORIENTED_EDGE('',*,*,#9350,.F.);
#9352=EDGE_LOOP('',(#9347,#9348,#9349,#9351));
#9353=FACE_OUTER_BOUND('',#9352,.F.);
#9354=ADVANCED_FACE('',(#9353),#9346,.T.);
#9355=CARTESIAN_POINT('',(4.724409448819E-2,3.149606299213E-2,
-1.023622047244E-1));
#9356=DIRECTION('',(0.E0,-1.E0,0.E0));
#9357=DIRECTION('',(0.E0,0.E0,1.E0));
#9358=AXIS2_PLACEMENT_3D('',#9355,#9356,#9357);
#9359=PLANE('',#9358);
#9360=ORIENTED_EDGE('',*,*,#9319,.F.);
#9361=ORIENTED_EDGE('',*,*,#9350,.T.);
#9362=ORIENTED_EDGE('',*,*,#9283,.T.);
#9364=ORIENTED_EDGE('',*,*,#9363,.F.);
#9365=EDGE_LOOP('',(#9360,#9361,#9362,#9364));
#9366=FACE_OUTER_BOUND('',#9365,.F.);
#9368=ORIENTED_EDGE('',*,*,#9367,.T.);
#9370=ORIENTED_EDGE('',*,*,#9369,.T.);
#9372=ORIENTED_EDGE('',*,*,#9371,.F.);
#9374=ORIENTED_EDGE('',*,*,#9373,.F.);
#9375=EDGE_LOOP('',(#9368,#9370,#9372,#9374));
#9376=FACE_BOUND('',#9375,.F.);
#9377=ADVANCED_FACE('',(#9366,#9376),#9359,.T.);
#9378=CARTESIAN_POINT('',(4.724409448819E-2,3.149606299213E-2,
1.023622047244E-1));
#9379=DIRECTION('',(0.E0,0.E0,-1.E0));
#9380=DIRECTION('',(0.E0,-1.E0,0.E0));
#9381=AXIS2_PLACEMENT_3D('',#9378,#9379,#9380);
#9382=PLANE('',#9381);
#9383=ORIENTED_EDGE('',*,*,#9321,.F.);
#9384=ORIENTED_EDGE('',*,*,#9363,.T.);
#9385=ORIENTED_EDGE('',*,*,#9281,.T.);
#9387=ORIENTED_EDGE('',*,*,#9386,.F.);
#9388=EDGE_LOOP('',(#9383,#9384,#9385,#9387));
#9389=FACE_OUTER_BOUND('',#9388,.F.);
#9390=ADVANCED_FACE('',(#9389),#9382,.T.);
#9391=CARTESIAN_POINT('',(4.724409448819E-2,1.574803149606E-2,
1.023622047244E-1));
#9392=DIRECTION('',(0.E0,-1.E0,0.E0));
#9393=DIRECTION('',(0.E0,0.E0,1.E0));
#9394=AXIS2_PLACEMENT_3D('',#9391,#9392,#9393);
#9395=PLANE('',#9394);
#9396=ORIENTED_EDGE('',*,*,#9323,.F.);
#9397=ORIENTED_EDGE('',*,*,#9386,.T.);
#9398=ORIENTED_EDGE('',*,*,#9279,.T.);
#9399=ORIENTED_EDGE('',*,*,#9301,.F.);
#9400=EDGE_LOOP('',(#9396,#9397,#9398,#9399));
#9401=FACE_OUTER_BOUND('',#9400,.F.);
#9402=ADVANCED_FACE('',(#9401),#9395,.T.);
#9403=CARTESIAN_POINT('',(-2.952755905512E-2,1.299212598423E-2,0.E0));
#9404=DIRECTION('',(1.E0,0.E0,0.E0));
#9405=DIRECTION('',(0.E0,0.E0,-1.E0));
#9406=AXIS2_PLACEMENT_3D('',#9403,#9404,#9405);
#9407=PLANE('',#9406);
#9408=ORIENTED_EDGE('',*,*,#9367,.F.);
#9410=ORIENTED_EDGE('',*,*,#9409,.T.);
#9412=ORIENTED_EDGE('',*,*,#9411,.T.);
#9414=ORIENTED_EDGE('',*,*,#9413,.T.);
#9416=ORIENTED_EDGE('',*,*,#9415,.T.);
#9418=ORIENTED_EDGE('',*,*,#9417,.T.);
#9419=EDGE_LOOP('',(#9408,#9410,#9412,#9414,#9416,#9418));
#9420=FACE_OUTER_BOUND('',#9419,.F.);
#9421=ADVANCED_FACE('',(#9420),#9407,.F.);
#9422=CARTESIAN_POINT('',(-2.952755905512E-2,2.755905511786E-2,
6.496062992114E-2));
#9423=DIRECTION('',(1.E0,0.E0,0.E0));
#9424=DIRECTION('',(0.E0,0.E0,-1.E0));
#9425=AXIS2_PLACEMENT_3D('',#9422,#9423,#9424);
#9426=CYLINDRICAL_SURFACE('',#9425,3.937007874262E-3);
#9427=ORIENTED_EDGE('',*,*,#9373,.T.);
#9429=ORIENTED_EDGE('',*,*,#9428,.T.);
#9431=ORIENTED_EDGE('',*,*,#9430,.F.);
#9432=ORIENTED_EDGE('',*,*,#9409,.F.);
#9433=EDGE_LOOP('',(#9427,#9429,#9431,#9432));
#9434=FACE_OUTER_BOUND('',#9433,.F.);
#9435=ADVANCED_FACE('',(#9434),#9426,.T.);
#9436=CARTESIAN_POINT('',(2.952755905512E-2,1.299212598423E-2,0.E0));
#9437=DIRECTION('',(1.E0,0.E0,0.E0));
#9438=DIRECTION('',(0.E0,0.E0,-1.E0));
#9439=AXIS2_PLACEMENT_3D('',#9436,#9437,#9438);
#9440=PLANE('',#9439);
#9441=ORIENTED_EDGE('',*,*,#9371,.T.);
#9443=ORIENTED_EDGE('',*,*,#9442,.F.);
#9445=ORIENTED_EDGE('',*,*,#9444,.F.);
#9447=ORIENTED_EDGE('',*,*,#9446,.F.);
#9449=ORIENTED_EDGE('',*,*,#9448,.F.);
#9450=ORIENTED_EDGE('',*,*,#9428,.F.);
#9451=EDGE_LOOP('',(#9441,#9443,#9445,#9447,#9449,#9450));
#9452=FACE_OUTER_BOUND('',#9451,.F.);
#9453=ADVANCED_FACE('',(#9452),#9440,.T.);
#9454=CARTESIAN_POINT('',(-2.952755905512E-2,2.755905511786E-2,
-6.496062992114E-2));
#9455=DIRECTION('',(1.E0,0.E0,0.E0));
#9456=DIRECTION('',(0.E0,0.E0,-1.E0));
#9457=AXIS2_PLACEMENT_3D('',#9454,#9455,#9456);
#9458=CYLINDRICAL_SURFACE('',#9457,3.937007874262E-3);
#9459=ORIENTED_EDGE('',*,*,#9369,.F.);
#9460=ORIENTED_EDGE('',*,*,#9417,.F.);
#9462=ORIENTED_EDGE('',*,*,#9461,.T.);
#9463=ORIENTED_EDGE('',*,*,#9442,.T.);
#9464=EDGE_LOOP('',(#9459,#9460,#9462,#9463));
#9465=FACE_OUTER_BOUND('',#9464,.F.);
#9466=ADVANCED_FACE('',(#9465),#9458,.T.);
#9467=CARTESIAN_POINT('',(-2.952755905512E-2,1.299212598423E-2,
-6.889763779540E-2));
#9468=DIRECTION('',(0.E0,0.E0,-1.E0));
#9469=DIRECTION('',(0.E0,1.E0,0.E0));
#9470=AXIS2_PLACEMENT_3D('',#9467,#9468,#9469);
#9471=PLANE('',#9470);
#9472=ORIENTED_EDGE('',*,*,#9415,.F.);
#9474=ORIENTED_EDGE('',*,*,#9473,.T.);
#9475=ORIENTED_EDGE('',*,*,#9444,.T.);
#9476=ORIENTED_EDGE('',*,*,#9461,.F.);
#9477=EDGE_LOOP('',(#9472,#9474,#9475,#9476));
#9478=FACE_OUTER_BOUND('',#9477,.F.);
#9479=ADVANCED_FACE('',(#9478),#9471,.T.);
#9480=CARTESIAN_POINT('',(-2.952755905512E-2,1.299212598423E-2,
6.889763779540E-2));
#9481=DIRECTION('',(0.E0,-1.E0,0.E0));
#9482=DIRECTION('',(0.E0,0.E0,-1.E0));
#9483=AXIS2_PLACEMENT_3D('',#9480,#9481,#9482);
#9484=PLANE('',#9483);
#9485=ORIENTED_EDGE('',*,*,#9413,.F.);
#9487=ORIENTED_EDGE('',*,*,#9486,.T.);
#9488=ORIENTED_EDGE('',*,*,#9446,.T.);
#9489=ORIENTED_EDGE('',*,*,#9473,.F.);
#9490=EDGE_LOOP('',(#9485,#9487,#9488,#9489));
#9491=FACE_OUTER_BOUND('',#9490,.F.);
#9492=ADVANCED_FACE('',(#9491),#9484,.T.);
#9493=CARTESIAN_POINT('',(-2.952755905512E-2,2.755905511786E-2,
6.889763779540E-2));
#9494=DIRECTION('',(0.E0,0.E0,1.E0));
#9495=DIRECTION('',(0.E0,-1.E0,0.E0));
#9496=AXIS2_PLACEMENT_3D('',#9493,#9494,#9495);
#9497=PLANE('',#9496);
#9498=ORIENTED_EDGE('',*,*,#9411,.F.);
#9499=ORIENTED_EDGE('',*,*,#9430,.T.);
#9500=ORIENTED_EDGE('',*,*,#9448,.T.);
#9501=ORIENTED_EDGE('',*,*,#9486,.F.);
#9502=EDGE_LOOP('',(#9498,#9499,#9500,#9501));
#9503=FACE_OUTER_BOUND('',#9502,.F.);
#9504=ADVANCED_FACE('',(#9503),#9497,.T.);
#9505=CARTESIAN_POINT('',(3.543307086614E-2,0.E0,-1.102362204724E-1));
#9506=DIRECTION('',(0.E0,0.E0,-1.E0));
#9507=DIRECTION('',(-1.E0,0.E0,0.E0));
#9508=AXIS2_PLACEMENT_3D('',#9505,#9506,#9507);
#9509=PLANE('',#9508);
#9510=ORIENTED_EDGE('',*,*,#6151,.T.);
#9511=ORIENTED_EDGE('',*,*,#9234,.F.);
#9512=ORIENTED_EDGE('',*,*,#4533,.F.);
#9513=ORIENTED_EDGE('',*,*,#6107,.T.);
#9514=EDGE_LOOP('',(#9510,#9511,#9512,#9513));
#9515=FACE_OUTER_BOUND('',#9514,.F.);
#9516=ADVANCED_FACE('',(#9515),#9509,.T.);
#9517=CLOSED_SHELL('',(#4541,#4556,#4575,#4639,#4661,#4675,#4697,#4717,#4730,
#4746,#4758,#4771,#4784,#4797,#4810,#4823,#4841,#4855,#4873,#4894,#4908,#4928,
#4948,#4960,#4974,#4992,#5013,#5027,#5041,#5060,#5073,#5086,#5098,#5111,#5129,
#5143,#5161,#5182,#5196,#5216,#5236,#5248,#5262,#5280,#5301,#5315,#5329,#5348,
#5361,#5374,#5386,#5399,#5412,#5425,#5437,#5451,#5469,#5490,#5504,#5518,#5537,
#5550,#5563,#5575,#5594,#5608,#5622,#5636,#5654,#5668,#5682,#5695,#5729,#5747,
#5795,#5809,#5858,#5891,#5908,#5941,#5989,#6003,#6051,#6083,#6095,#6114,#6162,
#6177,#6192,#6209,#6223,#6241,#6255,#6269,#6286,#6300,#6316,#6333,#6347,#6615,
#6629,#6640,#6655,#6668,#6680,#6692,#6707,#6721,#6735,#6748,#6778,#6795,#6810,
#6826,#6839,#6856,#6874,#6893,#6909,#6924,#6937,#6951,#6963,#6980,#6993,#7006,
#7018,#7030,#7045,#7059,#7073,#7087,#7101,#7115,#7129,#7142,#7158,#7173,#7187,
#7201,#7215,#7229,#7243,#7257,#7271,#7285,#7299,#7313,#7327,#7341,#7355,#7369,
#7383,#7397,#7411,#7425,#7439,#7453,#7467,#7481,#7495,#7509,#7523,#7537,#7551,
#7565,#7579,#7593,#7607,#7621,#7635,#7649,#7663,#7677,#7691,#7705,#7719,#7733,
#7747,#7761,#7775,#7789,#7803,#7817,#7831,#7845,#7859,#7873,#7887,#7901,#7915,
#7929,#7943,#7956,#8021,#8036,#8050,#8064,#8077,#8089,#8104,#8118,#8132,#8145,
#8157,#8172,#8186,#8200,#8214,#8228,#8242,#8256,#8270,#8284,#8298,#8312,#8326,
#8340,#8353,#8401,#8416,#8447,#8460,#8473,#8486,#8499,#8512,#8525,#8538,#8551,
#8564,#8577,#8589,#8604,#8618,#8632,#8646,#8660,#8674,#8688,#8702,#8716,#8730,
#8744,#8758,#8772,#8785,#8833,#8848,#8879,#8892,#8905,#8918,#8931,#8944,#8957,
#8970,#8983,#8996,#9009,#9021,#9036,#9050,#9064,#9078,#9092,#9106,#9120,#9134,
#9148,#9162,#9176,#9189,#9209,#9222,#9238,#9252,#9269,#9291,#9307,#9328,#9341,
#9354,#9377,#9390,#9402,#9421,#9435,#9453,#9466,#9479,#9492,#9504,#9516));
#9518=MANIFOLD_SOLID_BREP('',#9517);
#9519=DIMENSIONAL_EXPONENTS(1.E0,0.E0,0.E0,0.E0,0.E0,0.E0,0.E0);
#9521=LENGTH_MEASURE_WITH_UNIT(LENGTH_MEASURE(2.54E1),#9520);
#9522=(CONVERSION_BASED_UNIT('INCH',#9521)LENGTH_UNIT()NAMED_UNIT(#9519));
#9523=DIMENSIONAL_EXPONENTS(0.E0,0.E0,0.E0,0.E0,0.E0,0.E0,0.E0);
#9525=PLANE_ANGLE_MEASURE_WITH_UNIT(PLANE_ANGLE_MEASURE(1.745329251994E-2),
#9524);
#9526=(CONVERSION_BASED_UNIT('DEGREE',#9525)NAMED_UNIT(*)PLANE_ANGLE_UNIT());
#9528=UNCERTAINTY_MEASURE_WITH_UNIT(LENGTH_MEASURE(9.159997381961E-6),#9522,
'distance_accuracy_value',
'Maximum model space distance between geometric entities at asserted connectivities');
#9529=(GEOMETRIC_REPRESENTATION_CONTEXT(3)GLOBAL_UNCERTAINTY_ASSIGNED_CONTEXT((
#9528))GLOBAL_UNIT_ASSIGNED_CONTEXT((#9522,#9526,#9527))REPRESENTATION_CONTEXT(
'ID1','3'));
#9531=APPLICATION_CONTEXT('automotive_design');
#9532=APPLICATION_PROTOCOL_DEFINITION('draft international standard',
'automotive_design',1998,#9531);
#9533=PRODUCT_DEFINITION_CONTEXT('part definition',#9531,'design');
#9534=PRODUCT_CONTEXT('',#9531,'mechanical');
#9535=PRODUCT('TDD01H0SB1R_SW0003_PRT','TDD01H0SB1R_SW0003_PRT','NOT SPECIFIED',
(#9534));
#9536=PRODUCT_DEFINITION_FORMATION_WITH_SPECIFIED_SOURCE('2','LAST_VERSION',
#9535,.MADE.);
#9540=PRODUCT_TYPE('part','',(#9535));
#1=DRAUGHTING_PRE_DEFINED_COLOUR('black');
#2=COLOUR_RGB('',0.E0,3.33E-1,6.67E-1);
#3=COLOUR_RGB('',0.E0,7.5E-1,1.E0);
#4=COLOUR_RGB('',2.5E-1,5.E-1,1.E0);
#5=COLOUR_RGB('',2.5E-1,6.67E-1,6.67E-1);
#6=COLOUR_RGB('',3.33E-1,3.33E-1,3.33E-1);
#7=COLOUR_RGB('',5.E-1,5.E-1,5.E-1);
#8=COLOUR_RGB('',5.E-1,7.5E-1,2.5E-1);
#9=COLOUR_RGB('',5.E-1,1.E0,0.E0);
#10=COLOUR_RGB('',6.67E-1,6.67E-1,6.67E-1);
#11=COLOUR_RGB('',6.67E-1,1.E0,6.67E-1);
#12=COLOUR_RGB('',7.5E-1,0.E0,0.E0);
#13=COLOUR_RGB('',7.5E-1,2.5E-1,5.E-1);
#14=COLOUR_RGB('',7.5E-1,5.E-1,5.E-1);
#15=COLOUR_RGB('',7.5E-1,5.E-1,7.5E-1);
#16=COLOUR_RGB('',7.5E-1,7.5E-1,5.E-1);
#17=COLOUR_RGB('',7.5E-1,7.5E-1,7.5E-1);
#18=COLOUR_RGB('',7.5E-1,7.5E-1,1.E0);
#19=COLOUR_RGB('',7.5E-1,1.E0,5.E-1);
#20=COLOUR_RGB('',7.5E-1,1.E0,1.E0);
#21=COLOUR_RGB('',8.784E-1,9.49E-1,1.E0);
#22=COLOUR_RGB('',1.E0,2.5E-1,5.E-1);
#23=COLOUR_RGB('',1.E0,5.E-1,0.E0);
#24=COLOUR_RGB('',1.E0,5.E-1,5.E-1);
#25=COLOUR_RGB('',1.E0,5.E-1,1.E0);
#26=COLOUR_RGB('',1.E0,7.5E-1,0.E0);
#27=COLOUR_RGB('',1.E0,7.5E-1,5.E-1);
#28=COLOUR_RGB('',1.E0,7.5E-1,7.5E-1);
#29=COLOUR_RGB('',1.E0,7.5E-1,1.E0);
#30=DRAUGHTING_PRE_DEFINED_COLOUR('yellow');
#31=COLOUR_RGB('',1.E0,1.E0,5.E-1);
#32=COLOUR_RGB('',1.E0,1.E0,7.5E-1);
#33=DRAUGHTING_PRE_DEFINED_COLOUR('white');
#42=CIRCLE('',#41,1.968503937008E-3);
#51=CIRCLE('',#50,1.968503937008E-3);
#76=CIRCLE('',#75,1.968503937008E-3);
#85=CIRCLE('',#84,1.968503937008E-3);
#122=CIRCLE('',#121,5.905511811024E-3);
#155=CIRCLE('',#154,1.968503937008E-3);
#164=CIRCLE('',#163,1.968503937008E-3);
#205=CIRCLE('',#204,1.968503937008E-3);
#214=CIRCLE('',#213,1.968503937008E-3);
#299=CIRCLE('',#298,5.905511811024E-3);
#328=CIRCLE('',#327,5.905511811024E-3);
#357=CIRCLE('',#356,5.905511811024E-3);
#410=CIRCLE('',#409,5.905511811024E-3);
#415=CIRCLE('',#414,5.905511811024E-3);
#516=CIRCLE('',#515,5.905511811024E-3);
#545=CIRCLE('',#544,5.905511811024E-3);
#598=CIRCLE('',#597,5.905511811024E-3);
#603=CIRCLE('',#602,5.905511811024E-3);
#712=CIRCLE('',#711,5.905511811024E-3);
#717=CIRCLE('',#716,5.905511811024E-3);
#816=B_SPLINE_CURVE_WITH_KNOTS('',3,(#810,#811,#812,#813,#814,#815),
.UNSPECIFIED.,.F.,.F.,(4,1,1,4),(0.E0,3.333333333333E-1,6.666666666667E-1,1.E0),
.UNSPECIFIED.);
#827=B_SPLINE_CURVE_WITH_KNOTS('',3,(#821,#822,#823,#824,#825,#826),
.UNSPECIFIED.,.F.,.F.,(4,1,1,4),(0.E0,3.333333333333E-1,6.666666666667E-1,1.E0),
.UNSPECIFIED.);
#836=CIRCLE('',#835,1.968503937008E-3);
#844=B_SPLINE_CURVE_WITH_KNOTS('',3,(#837,#838,#839,#840,#841,#842,#843),
.UNSPECIFIED.,.F.,.F.,(4,1,1,1,4),(0.E0,2.5E-1,5.E-1,7.5E-1,1.E0),
.UNSPECIFIED.);
#861=CIRCLE('',#860,1.968503937008E-3);
#869=B_SPLINE_CURVE_WITH_KNOTS('',3,(#862,#863,#864,#865,#866,#867,#868),
.UNSPECIFIED.,.F.,.F.,(4,1,1,1,4),(0.E0,2.5E-1,5.E-1,7.5E-1,1.E0),
.UNSPECIFIED.);
#884=B_SPLINE_CURVE_WITH_KNOTS('',3,(#878,#879,#880,#881,#882,#883),
.UNSPECIFIED.,.F.,.F.,(4,1,1,4),(0.E0,3.333333333333E-1,6.666666666667E-1,1.E0),
.UNSPECIFIED.);
#895=B_SPLINE_CURVE_WITH_KNOTS('',3,(#889,#890,#891,#892,#893,#894),
.UNSPECIFIED.,.F.,.F.,(4,1,1,4),(0.E0,3.333333333333E-1,6.666666666667E-1,1.E0),
.UNSPECIFIED.);
#900=CIRCLE('',#899,1.968503937008E-3);
#908=B_SPLINE_CURVE_WITH_KNOTS('',3,(#901,#902,#903,#904,#905,#906,#907),
.UNSPECIFIED.,.F.,.F.,(4,1,1,1,4),(0.E0,2.5E-1,5.E-1,7.5E-1,1.E0),
.UNSPECIFIED.);
#925=CIRCLE('',#924,1.968503937008E-3);
#933=B_SPLINE_CURVE_WITH_KNOTS('',3,(#926,#927,#928,#929,#930,#931,#932),
.UNSPECIFIED.,.F.,.F.,(4,1,1,1,4),(0.E0,2.5E-1,5.E-1,7.5E-1,1.E0),
.UNSPECIFIED.);
#938=CIRCLE('',#937,1.968503937008E-3);
#945=B_SPLINE_CURVE_WITH_KNOTS('',3,(#939,#940,#941,#942,#943,#944),
.UNSPECIFIED.,.F.,.F.,(4,1,1,4),(0.E0,3.333333333333E-1,6.666666666667E-1,1.E0),
.UNSPECIFIED.);
#959=B_SPLINE_CURVE_WITH_KNOTS('',3,(#946,#947,#948,#949,#950,#951,#952,#953,
#954,#955,#956,#957,#958),.UNSPECIFIED.,.F.,.F.,(4,1,1,1,1,1,1,1,1,1,4),(0.E0,
1.E-1,2.E-1,3.E-1,4.E-1,5.E-1,6.E-1,7.E-1,8.E-1,9.E-1,1.E0),.UNSPECIFIED.);
#973=B_SPLINE_CURVE_WITH_KNOTS('',3,(#960,#961,#962,#963,#964,#965,#966,#967,
#968,#969,#970,#971,#972),.UNSPECIFIED.,.F.,.F.,(4,1,1,1,1,1,1,1,1,1,4),(0.E0,
1.E-1,2.E-1,3.E-1,4.E-1,5.E-1,6.E-1,7.E-1,8.E-1,9.E-1,1.E0),.UNSPECIFIED.);
#980=B_SPLINE_CURVE_WITH_KNOTS('',3,(#974,#975,#976,#977,#978,#979),
.UNSPECIFIED.,.F.,.F.,(4,1,1,4),(0.E0,3.333333333333E-1,6.666666666667E-1,1.E0),
.UNSPECIFIED.);
#994=B_SPLINE_CURVE_WITH_KNOTS('',3,(#981,#982,#983,#984,#985,#986,#987,#988,
#989,#990,#991,#992,#993),.UNSPECIFIED.,.F.,.F.,(4,1,1,1,1,1,1,1,1,1,4),(0.E0,
1.E-1,2.E-1,3.E-1,4.E-1,5.E-1,6.E-1,7.E-1,8.E-1,9.E-1,1.E0),.UNSPECIFIED.);
#1008=B_SPLINE_CURVE_WITH_KNOTS('',3,(#995,#996,#997,#998,#999,#1000,#1001,
#1002,#1003,#1004,#1005,#1006,#1007),.UNSPECIFIED.,.F.,.F.,(4,1,1,1,1,1,1,1,1,1,
4),(0.E0,1.E-1,2.E-1,3.E-1,4.E-1,5.E-1,6.E-1,7.E-1,8.E-1,9.E-1,1.E0),
.UNSPECIFIED.);
#1013=CIRCLE('',#1012,1.968503937008E-3);
#1020=B_SPLINE_CURVE_WITH_KNOTS('',3,(#1014,#1015,#1016,#1017,#1018,#1019),
.UNSPECIFIED.,.F.,.F.,(4,1,1,4),(0.E0,3.333333333333E-1,6.666666666667E-1,1.E0),
.UNSPECIFIED.);
#1027=B_SPLINE_CURVE_WITH_KNOTS('',3,(#1021,#1022,#1023,#1024,#1025,#1026),
.UNSPECIFIED.,.F.,.F.,(4,1,1,4),(0.E0,3.333333333333E-1,6.666666666667E-1,1.E0),
.UNSPECIFIED.);
#1041=B_SPLINE_CURVE_WITH_KNOTS('',3,(#1028,#1029,#1030,#1031,#1032,#1033,#1034,
#1035,#1036,#1037,#1038,#1039,#1040),.UNSPECIFIED.,.F.,.F.,(4,1,1,1,1,1,1,1,1,1,
4),(0.E0,1.E-1,2.E-1,3.E-1,4.E-1,5.E-1,6.E-1,7.E-1,8.E-1,9.E-1,1.E0),
.UNSPECIFIED.);
#1055=B_SPLINE_CURVE_WITH_KNOTS('',3,(#1042,#1043,#1044,#1045,#1046,#1047,#1048,
#1049,#1050,#1051,#1052,#1053,#1054),.UNSPECIFIED.,.F.,.F.,(4,1,1,1,1,1,1,1,1,1,
4),(0.E0,1.E-1,2.E-1,3.E-1,4.E-1,5.E-1,6.E-1,7.E-1,8.E-1,9.E-1,1.E0),
.UNSPECIFIED.);
#1060=CIRCLE('',#1059,1.968503937008E-3);
#1074=B_SPLINE_CURVE_WITH_KNOTS('',3,(#1061,#1062,#1063,#1064,#1065,#1066,#1067,
#1068,#1069,#1070,#1071,#1072,#1073),.UNSPECIFIED.,.F.,.F.,(4,1,1,1,1,1,1,1,1,1,
4),(0.E0,1.E-1,2.E-1,3.E-1,4.E-1,5.E-1,6.E-1,7.E-1,8.E-1,9.E-1,1.E0),
.UNSPECIFIED.);
#1088=B_SPLINE_CURVE_WITH_KNOTS('',3,(#1075,#1076,#1077,#1078,#1079,#1080,#1081,
#1082,#1083,#1084,#1085,#1086,#1087),.UNSPECIFIED.,.F.,.F.,(4,1,1,1,1,1,1,1,1,1,
4),(0.E0,1.E-1,2.E-1,3.E-1,4.E-1,5.E-1,6.E-1,7.E-1,8.E-1,9.E-1,1.E0),
.UNSPECIFIED.);
#1093=CIRCLE('',#1092,1.968503937008E-3);
#1129=B_SPLINE_CURVE_WITH_KNOTS('',3,(#1122,#1123,#1124,#1125,#1126,#1127,
#1128),.UNSPECIFIED.,.F.,.F.,(4,1,1,1,4),(0.E0,2.5E-1,5.E-1,7.5E-1,1.E0),
.UNSPECIFIED.);
#1141=B_SPLINE_CURVE_WITH_KNOTS('',3,(#1134,#1135,#1136,#1137,#1138,#1139,
#1140),.UNSPECIFIED.,.F.,.F.,(4,1,1,1,4),(0.E0,2.5E-1,5.E-1,7.5E-1,1.E0),
.UNSPECIFIED.);
#1153=B_SPLINE_CURVE_WITH_KNOTS('',3,(#1146,#1147,#1148,#1149,#1150,#1151,
#1152),.UNSPECIFIED.,.F.,.F.,(4,1,1,1,4),(0.E0,2.5E-1,5.E-1,7.5E-1,1.E0),
.UNSPECIFIED.);
#1161=B_SPLINE_CURVE_WITH_KNOTS('',3,(#1154,#1155,#1156,#1157,#1158,#1159,
#1160),.UNSPECIFIED.,.F.,.F.,(4,1,1,1,4),(0.E0,2.5E-1,5.E-1,7.5E-1,1.E0),
.UNSPECIFIED.);
#1181=B_SPLINE_CURVE_WITH_KNOTS('',3,(#1174,#1175,#1176,#1177,#1178,#1179,
#1180),.UNSPECIFIED.,.F.,.F.,(4,1,1,1,4),(0.E0,2.5E-1,5.E-1,7.5E-1,1.E0),
.UNSPECIFIED.);
#1233=B_SPLINE_CURVE_WITH_KNOTS('',3,(#1226,#1227,#1228,#1229,#1230,#1231,
#1232),.UNSPECIFIED.,.F.,.F.,(4,1,1,1,4),(0.E0,2.5E-1,5.E-1,7.5E-1,1.E0),
.UNSPECIFIED.);
#1286=B_SPLINE_CURVE_WITH_KNOTS('',3,(#1278,#1279,#1280,#1281,#1282,#1283,#1284,
#1285),.UNSPECIFIED.,.F.,.F.,(4,1,1,1,1,4),(0.E0,1.25E-1,2.5E-1,5.E-1,7.5E-1,
1.E0),.UNSPECIFIED.);
#1299=B_SPLINE_CURVE_WITH_KNOTS('',3,(#1291,#1292,#1293,#1294,#1295,#1296,#1297,
#1298),.UNSPECIFIED.,.F.,.F.,(4,1,1,1,1,4),(0.E0,1.25E-1,2.5E-1,5.E-1,7.5E-1,
1.E0),.UNSPECIFIED.);
#1796=CIRCLE('',#1795,1.968503937008E-3);
#1801=CIRCLE('',#1800,1.968503937008E-3);
#1806=CIRCLE('',#1805,1.968503937008E-3);
#1815=B_SPLINE_CURVE_WITH_KNOTS('',3,(#1807,#1808,#1809,#1810,#1811,#1812,#1813,
#1814),.UNSPECIFIED.,.F.,.F.,(4,1,1,1,1,4),(0.E0,1.25E-1,2.5E-1,5.E-1,7.5E-1,
1.E0),.UNSPECIFIED.);
#1824=B_SPLINE_CURVE_WITH_KNOTS('',3,(#1816,#1817,#1818,#1819,#1820,#1821,#1822,
#1823),.UNSPECIFIED.,.F.,.F.,(4,1,1,1,1,4),(0.E0,2.5E-1,5.E-1,7.5E-1,8.75E-1,
1.E0),.UNSPECIFIED.);
#1829=CIRCLE('',#1828,1.968503937008E-3);
#1834=CIRCLE('',#1833,1.968503937008E-3);
#1839=CIRCLE('',#1838,1.968503937008E-3);
#1916=CIRCLE('',#1915,3.937007874262E-3);
#1925=CIRCLE('',#1924,3.937007874262E-3);
#1974=CIRCLE('',#1973,3.937007874262E-3);
#1991=CIRCLE('',#1990,3.937007874262E-3);
#2012=CIRCLE('',#2011,3.937007874262E-3);
#2017=CIRCLE('',#2016,3.937007874262E-3);
#2038=CIRCLE('',#2037,3.937007874262E-3);
#2043=CIRCLE('',#2042,3.937007874262E-3);
#3400=CIRCLE('',#3399,3.937007874262E-3);
#3417=CIRCLE('',#3416,3.937007874262E-3);
#3422=CIRCLE('',#3421,3.937007874262E-3);
#3439=CIRCLE('',#3438,3.937007874262E-3);
#4501=EDGE_CURVE('',#3523,#4493,#37,.T.);
#4503=EDGE_CURVE('',#3521,#3523,#42,.T.);
#4505=EDGE_CURVE('',#3531,#3521,#46,.T.);
#4507=EDGE_CURVE('',#3529,#3531,#51,.T.);
#4509=EDGE_CURVE('',#4427,#3529,#55,.T.);
#4511=EDGE_CURVE('',#4425,#4427,#59,.T.);
#4513=EDGE_CURVE('',#4359,#4425,#63,.T.);
#4515=EDGE_CURVE('',#4357,#4359,#67,.T.);
#4517=EDGE_CURVE('',#3547,#4357,#71,.T.);
#4519=EDGE_CURVE('',#3545,#3547,#76,.T.);
#4521=EDGE_CURVE('',#3539,#3545,#80,.T.);
#4523=EDGE_CURVE('',#3537,#3539,#85,.T.);
#4525=EDGE_CURVE('',#4495,#3537,#89,.T.);
#4527=EDGE_CURVE('',#4493,#4495,#93,.T.);
#4531=EDGE_CURVE('',#3466,#3467,#97,.T.);
#4533=EDGE_CURVE('',#3467,#3469,#101,.T.);
#4535=EDGE_CURVE('',#3469,#3471,#105,.T.);
#4537=EDGE_CURVE('',#3471,#3466,#109,.T.);
#4547=EDGE_CURVE('',#4486,#4493,#113,.T.);
#4549=EDGE_CURVE('',#3518,#4486,#218,.T.);
#4551=EDGE_CURVE('',#3523,#3518,#117,.T.);
#4562=EDGE_CURVE('',#4486,#4487,#138,.T.);
#4565=EDGE_CURVE('',#4493,#4438,#122,.T.);
#4567=EDGE_CURVE('',#4438,#4442,#126,.T.);
#4569=EDGE_CURVE('',#4442,#4443,#130,.T.);
#4571=EDGE_CURVE('',#4443,#4487,#134,.T.);
#4582=EDGE_CURVE('',#4487,#4491,#142,.T.);
#4584=EDGE_CURVE('',#4490,#4491,#146,.T.);
#4586=EDGE_CURVE('',#4490,#3535,#150,.T.);
#4588=EDGE_CURVE('',#3534,#3535,#155,.T.);
#4590=EDGE_CURVE('',#3534,#3543,#159,.T.);
#4592=EDGE_CURVE('',#3542,#3543,#164,.T.);
#4594=EDGE_CURVE('',#3542,#4350,#168,.T.);
#4596=EDGE_CURVE('',#4350,#4351,#172,.T.);
#4598=EDGE_CURVE('',#4351,#4355,#176,.T.);
#4600=EDGE_CURVE('',#4354,#4355,#180,.T.);
#4602=EDGE_CURVE('',#4354,#4418,#184,.T.);
#4604=EDGE_CURVE('',#4418,#4419,#188,.T.);
#4606=EDGE_CURVE('',#4419,#4423,#192,.T.);
#4608=EDGE_CURVE('',#4422,#4423,#196,.T.);
#4610=EDGE_CURVE('',#4422,#3527,#200,.T.);
#4612=EDGE_CURVE('',#3526,#3527,#205,.T.);
#4614=EDGE_CURVE('',#3526,#3519,#209,.T.);
#4616=EDGE_CURVE('',#3518,#3519,#214,.T.);
#4621=EDGE_CURVE('',#3479,#3486,#222,.T.);
#4623=EDGE_CURVE('',#3490,#3486,#933,.T.);
#4625=EDGE_CURVE('',#3490,#3508,#226,.T.);
#4627=EDGE_CURVE('',#3512,#3508,#908,.T.);
#4629=EDGE_CURVE('',#3512,#3497,#230,.T.);
#4631=EDGE_CURVE('',#3501,#3497,#869,.T.);
#4633=EDGE_CURVE('',#3501,#3475,#234,.T.);
#4635=EDGE_CURVE('',#3479,#3475,#844,.T.);
#4647=EDGE_CURVE('',#4443,#4455,#238,.T.);
#4649=EDGE_CURVE('',#4453,#4455,#242,.T.);
#4651=EDGE_CURVE('',#4453,#4481,#246,.T.);
#4653=EDGE_CURVE('',#4481,#4465,#250,.T.);
#4655=EDGE_CURVE('',#4473,#4465,#254,.T.);
#4657=EDGE_CURVE('',#4473,#4491,#286,.T.);
#4668=EDGE_CURVE('',#4442,#4459,#266,.T.);
#4670=EDGE_CURVE('',#4459,#4455,#725,.T.);
#4681=EDGE_CURVE('',#4483,#4464,#258,.T.);
#4683=EDGE_CURVE('',#4458,#4483,#785,.T.);
#4685=EDGE_CURVE('',#4458,#4459,#262,.T.);
#4689=EDGE_CURVE('',#4438,#4439,#270,.T.);
#4691=EDGE_CURVE('',#4439,#4472,#294,.T.);
#4693=EDGE_CURVE('',#4472,#4464,#274,.T.);
#4703=EDGE_CURVE('',#4464,#4465,#278,.T.);
#4706=EDGE_CURVE('',#4479,#4481,#712,.T.);
#4708=EDGE_CURVE('',#4479,#4468,#733,.T.);
#4710=EDGE_CURVE('',#4468,#4469,#282,.T.);
#4712=EDGE_CURVE('',#4483,#4469,#769,.T.);
#4725=EDGE_CURVE('',#4472,#4473,#290,.T.);
#4740=EDGE_CURVE('',#4495,#4439,#299,.T.);
#4742=EDGE_CURVE('',#4490,#4495,#303,.T.);
#4766=EDGE_CURVE('',#3537,#3535,#307,.T.);
#4780=EDGE_CURVE('',#3539,#3534,#311,.T.);
#4792=EDGE_CURVE('',#3545,#3543,#315,.T.);
#4806=EDGE_CURVE('',#3547,#3542,#323,.T.);
#4816=EDGE_CURVE('',#4350,#4357,#319,.T.);
#4831=EDGE_CURVE('',#4357,#4302,#328,.T.);
#4833=EDGE_CURVE('',#4302,#4306,#332,.T.);
#4835=EDGE_CURVE('',#4306,#4307,#336,.T.);
#4837=EDGE_CURVE('',#4307,#4351,#340,.T.);
#4848=EDGE_CURVE('',#4359,#4303,#357,.T.);
#4850=EDGE_CURVE('',#4302,#4303,#393,.T.);
#4862=EDGE_CURVE('',#4337,#4355,#344,.T.);
#4864=EDGE_CURVE('',#4336,#4337,#348,.T.);
#4866=EDGE_CURVE('',#4303,#4336,#352,.T.);
#4869=EDGE_CURVE('',#4354,#4359,#511,.T.);
#4881=EDGE_CURVE('',#4307,#4319,#361,.T.);
#4883=EDGE_CURVE('',#4317,#4319,#365,.T.);
#4885=EDGE_CURVE('',#4317,#4345,#369,.T.);
#4887=EDGE_CURVE('',#4345,#4329,#373,.T.);
#4889=EDGE_CURVE('',#4337,#4329,#377,.T.);
#4901=EDGE_CURVE('',#4306,#4323,#389,.T.);
#4903=EDGE_CURVE('',#4323,#4319,#423,.T.);
#4914=EDGE_CURVE('',#4347,#4328,#381,.T.);
#4916=EDGE_CURVE('',#4322,#4347,#483,.T.);
#4918=EDGE_CURVE('',#4322,#4323,#385,.T.);
#4924=EDGE_CURVE('',#4336,#4328,#397,.T.);
#4934=EDGE_CURVE('',#4328,#4329,#401,.T.);
#4937=EDGE_CURVE('',#4343,#4345,#410,.T.);
#4939=EDGE_CURVE('',#4343,#4332,#431,.T.);
#4941=EDGE_CURVE('',#4332,#4333,#405,.T.);
#4943=EDGE_CURVE('',#4347,#4333,#467,.T.);
#4968=EDGE_CURVE('',#4314,#4317,#415,.T.);
#4970=EDGE_CURVE('',#4314,#4343,#419,.T.);
#4980=EDGE_CURVE('',#4314,#4315,#435,.T.);
#4986=EDGE_CURVE('',#4322,#4325,#479,.T.);
#4988=EDGE_CURVE('',#4315,#4325,#427,.T.);
#5001=EDGE_CURVE('',#4310,#4315,#439,.T.);
#5003=EDGE_CURVE('',#4295,#4310,#463,.T.);
#5005=EDGE_CURVE('',#4295,#4299,#443,.T.);
#5007=EDGE_CURVE('',#4299,#4340,#491,.T.);
#5009=EDGE_CURVE('',#4340,#4332,#447,.T.);
#5019=EDGE_CURVE('',#4310,#4311,#451,.T.);
#5023=EDGE_CURVE('',#4311,#4325,#475,.T.);
#5034=EDGE_CURVE('',#4311,#4294,#455,.T.);
#5036=EDGE_CURVE('',#4294,#4295,#459,.T.);
#5048=EDGE_CURVE('',#4341,#4333,#471,.T.);
#5050=EDGE_CURVE('',#4341,#4298,#499,.T.);
#5052=EDGE_CURVE('',#4294,#4298,#503,.T.);
#5068=EDGE_CURVE('',#4340,#4341,#487,.T.);
#5081=EDGE_CURVE('',#4298,#4299,#495,.T.);
#5104=EDGE_CURVE('',#4418,#4425,#507,.T.);
#5119=EDGE_CURVE('',#4425,#4370,#516,.T.);
#5121=EDGE_CURVE('',#4370,#4374,#520,.T.);
#5123=EDGE_CURVE('',#4374,#4375,#524,.T.);
#5125=EDGE_CURVE('',#4375,#4419,#528,.T.);
#5136=EDGE_CURVE('',#4427,#4371,#545,.T.);
#5138=EDGE_CURVE('',#4370,#4371,#581,.T.);
#5150=EDGE_CURVE('',#4405,#4423,#532,.T.);
#5152=EDGE_CURVE('',#4404,#4405,#536,.T.);
#5154=EDGE_CURVE('',#4371,#4404,#540,.T.);
#5157=EDGE_CURVE('',#4422,#4427,#695,.T.);
#5169=EDGE_CURVE('',#4375,#4387,#549,.T.);
#5171=EDGE_CURVE('',#4385,#4387,#553,.T.);
#5173=EDGE_CURVE('',#4385,#4413,#557,.T.);
#5175=EDGE_CURVE('',#4413,#4397,#561,.T.);
#5177=EDGE_CURVE('',#4405,#4397,#565,.T.);
#5189=EDGE_CURVE('',#4374,#4391,#577,.T.);
#5191=EDGE_CURVE('',#4391,#4387,#611,.T.);
#5202=EDGE_CURVE('',#4415,#4396,#569,.T.);
#5204=EDGE_CURVE('',#4390,#4415,#671,.T.);
#5206=EDGE_CURVE('',#4390,#4391,#573,.T.);
#5212=EDGE_CURVE('',#4404,#4396,#585,.T.);
#5222=EDGE_CURVE('',#4396,#4397,#589,.T.);
#5225=EDGE_CURVE('',#4411,#4413,#598,.T.);
#5227=EDGE_CURVE('',#4411,#4400,#619,.T.);
#5229=EDGE_CURVE('',#4400,#4401,#593,.T.);
#5231=EDGE_CURVE('',#4415,#4401,#655,.T.);
#5256=EDGE_CURVE('',#4382,#4385,#603,.T.);
#5258=EDGE_CURVE('',#4382,#4411,#607,.T.);
#5268=EDGE_CURVE('',#4382,#4383,#623,.T.);
#5274=EDGE_CURVE('',#4390,#4393,#667,.T.);
#5276=EDGE_CURVE('',#4383,#4393,#615,.T.);
#5289=EDGE_CURVE('',#4378,#4383,#627,.T.);
#5291=EDGE_CURVE('',#4363,#4378,#651,.T.);
#5293=EDGE_CURVE('',#4363,#4367,#631,.T.);
#5295=EDGE_CURVE('',#4367,#4408,#679,.T.);
#5297=EDGE_CURVE('',#4408,#4400,#635,.T.);
#5307=EDGE_CURVE('',#4378,#4379,#639,.T.);
#5311=EDGE_CURVE('',#4379,#4393,#663,.T.);
#5322=EDGE_CURVE('',#4379,#4362,#643,.T.);
#5324=EDGE_CURVE('',#4362,#4363,#647,.T.);
#5336=EDGE_CURVE('',#4409,#4401,#659,.T.);
#5338=EDGE_CURVE('',#4409,#4366,#687,.T.);
#5340=EDGE_CURVE('',#4362,#4366,#691,.T.);
#5356=EDGE_CURVE('',#4408,#4409,#675,.T.);
#5369=EDGE_CURVE('',#4366,#4367,#683,.T.);
#5394=EDGE_CURVE('',#3529,#3527,#699,.T.);
#5408=EDGE_CURVE('',#3531,#3526,#707,.T.);
#5418=EDGE_CURVE('',#3521,#3519,#703,.T.);
#5445=EDGE_CURVE('',#4450,#4453,#717,.T.);
#5447=EDGE_CURVE('',#4450,#4479,#721,.T.);
#5457=EDGE_CURVE('',#4450,#4451,#737,.T.);
#5463=EDGE_CURVE('',#4458,#4461,#781,.T.);
#5465=EDGE_CURVE('',#4451,#4461,#729,.T.);
#5478=EDGE_CURVE('',#4446,#4451,#741,.T.);
#5480=EDGE_CURVE('',#4431,#4446,#765,.T.);
#5482=EDGE_CURVE('',#4431,#4435,#745,.T.);
#5484=EDGE_CURVE('',#4435,#4476,#793,.T.);
#5486=EDGE_CURVE('',#4476,#4468,#749,.T.);
#5496=EDGE_CURVE('',#4446,#4447,#753,.T.);
#5500=EDGE_CURVE('',#4447,#4461,#777,.T.);
#5511=EDGE_CURVE('',#4447,#4430,#757,.T.);
#5513=EDGE_CURVE('',#4430,#4431,#761,.T.);
#5525=EDGE_CURVE('',#4477,#4469,#773,.T.);
#5527=EDGE_CURVE('',#4477,#4434,#801,.T.);
#5529=EDGE_CURVE('',#4430,#4434,#805,.T.);
#5545=EDGE_CURVE('',#4476,#4477,#789,.T.);
#5558=EDGE_CURVE('',#4434,#4435,#797,.T.);
#5581=EDGE_CURVE('',#3478,#3479,#809,.T.);
#5583=EDGE_CURVE('',#3480,#3478,#816,.T.);
#5585=EDGE_CURVE('',#3480,#3492,#820,.T.);
#5587=EDGE_CURVE('',#3492,#3485,#827,.T.);
#5589=EDGE_CURVE('',#3485,#3486,#831,.T.);
#5600=EDGE_CURVE('',#3474,#3475,#848,.T.);
#5602=EDGE_CURVE('',#3478,#3474,#836,.T.);
#5616=EDGE_CURVE('',#3500,#3501,#852,.T.);
#5618=EDGE_CURVE('',#3500,#3474,#856,.T.);
#5628=EDGE_CURVE('',#3496,#3497,#873,.T.);
#5630=EDGE_CURVE('',#3500,#3496,#861,.T.);
#5644=EDGE_CURVE('',#3511,#3512,#877,.T.);
#5646=EDGE_CURVE('',#3513,#3511,#884,.T.);
#5648=EDGE_CURVE('',#3513,#3503,#888,.T.);
#5650=EDGE_CURVE('',#3503,#3496,#895,.T.);
#5660=EDGE_CURVE('',#3507,#3508,#920,.T.);
#5662=EDGE_CURVE('',#3511,#3507,#900,.T.);
#5674=EDGE_CURVE('',#3489,#3490,#912,.T.);
#5676=EDGE_CURVE('',#3489,#3507,#916,.T.);
#5689=EDGE_CURVE('',#3489,#3485,#925,.T.);
#5721=EDGE_CURVE('',#3491,#3489,#945,.T.);
#5725=EDGE_CURVE('',#3491,#3492,#938,.T.);
#5736=EDGE_CURVE('',#3493,#3491,#959,.T.);
#5738=EDGE_CURVE('',#3493,#3515,#1109,.T.);
#5740=EDGE_CURVE('',#3515,#3514,#973,.T.);
#5742=EDGE_CURVE('',#3514,#3507,#980,.T.);
#5791=EDGE_CURVE('',#3493,#3492,#1008,.T.);
#5801=EDGE_CURVE('',#3482,#3480,#994,.T.);
#5803=EDGE_CURVE('',#3482,#3493,#1097,.T.);
#5852=EDGE_CURVE('',#3480,#3481,#1013,.T.);
#5854=EDGE_CURVE('',#3482,#3481,#1055,.T.);
#5886=EDGE_CURVE('',#3481,#3474,#1020,.T.);
#5899=EDGE_CURVE('',#3502,#3500,#1027,.T.);
#5901=EDGE_CURVE('',#3504,#3502,#1041,.T.);
#5903=EDGE_CURVE('',#3504,#3482,#1101,.T.);
#5937=EDGE_CURVE('',#3502,#3503,#1060,.T.);
#5985=EDGE_CURVE('',#3504,#3503,#1074,.T.);
#5997=EDGE_CURVE('',#3515,#3513,#1088,.T.);
#5999=EDGE_CURVE('',#3515,#3504,#1105,.T.);
#6046=EDGE_CURVE('',#3513,#3514,#1093,.T.);
#6101=EDGE_CURVE('',#4213,#4210,#1113,.T.);
#6103=EDGE_CURVE('',#4210,#4206,#3275,.T.);
#6105=EDGE_CURVE('',#4206,#4215,#1117,.T.);
#6107=EDGE_CURVE('',#3467,#4215,#3463,.T.);
#6110=EDGE_CURVE('',#3466,#4213,#1121,.T.);
#6120=EDGE_CURVE('',#3604,#3605,#1129,.T.);
#6122=EDGE_CURVE('',#3604,#3611,#1133,.T.);
#6124=EDGE_CURVE('',#3610,#3611,#1141,.T.);
#6126=EDGE_CURVE('',#3610,#3643,#1145,.T.);
#6128=EDGE_CURVE('',#3642,#3643,#1153,.T.);
#6130=EDGE_CURVE('',#3635,#3642,#1209,.T.);
#6132=EDGE_CURVE('',#3634,#3635,#1161,.T.);
#6134=EDGE_CURVE('',#3634,#3605,#1165,.T.);
#6139=EDGE_CURVE('',#4219,#4213,#3251,.T.);
#6141=EDGE_CURVE('',#4211,#4219,#3263,.T.);
#6143=EDGE_CURVE('',#4211,#3563,#1169,.T.);
#6145=EDGE_CURVE('',#3550,#3563,#3303,.T.);
#6147=EDGE_CURVE('',#4207,#3550,#3287,.T.);
#6149=EDGE_CURVE('',#4217,#4207,#3259,.T.);
#6151=EDGE_CURVE('',#4215,#4217,#3459,.T.);
#6154=EDGE_CURVE('',#3566,#4206,#3299,.T.);
#6156=EDGE_CURVE('',#3566,#3567,#3319,.T.);
#6158=EDGE_CURVE('',#3567,#4210,#1173,.T.);
#6168=EDGE_CURVE('',#3607,#3609,#1181,.T.);
#6170=EDGE_CURVE('',#3604,#3609,#1261,.T.);
#6173=EDGE_CURVE('',#3605,#3607,#1185,.T.);
#6184=EDGE_CURVE('',#3651,#3607,#1201,.T.);
#6186=EDGE_CURVE('',#3650,#3651,#1290,.T.);
#6188=EDGE_CURVE('',#3609,#3650,#1265,.T.);
#6200=EDGE_CURVE('',#3633,#3634,#1189,.T.);
#6202=EDGE_CURVE('',#3632,#3633,#1193,.T.);
#6204=EDGE_CURVE('',#3632,#3651,#1197,.T.);
#6216=EDGE_CURVE('',#3637,#3635,#1205,.T.);
#6218=EDGE_CURVE('',#3637,#3633,#1839,.T.);
#6231=EDGE_CURVE('',#3642,#3647,#1213,.T.);
#6233=EDGE_CURVE('',#3654,#3647,#1217,.T.);
#6235=EDGE_CURVE('',#3641,#3654,#1221,.T.);
#6237=EDGE_CURVE('',#3641,#3637,#1225,.T.);
#6247=EDGE_CURVE('',#3645,#3647,#1233,.T.);
#6251=EDGE_CURVE('',#3643,#3645,#1257,.T.);
#6262=EDGE_CURVE('',#3655,#3645,#1253,.T.);
#6264=EDGE_CURVE('',#3654,#3655,#1237,.T.);
#6275=EDGE_CURVE('',#3615,#3610,#1241,.T.);
#6277=EDGE_CURVE('',#3617,#3615,#1245,.T.);
#6279=EDGE_CURVE('',#3617,#3655,#1249,.T.);
#6293=EDGE_CURVE('',#3613,#3611,#1277,.T.);
#6295=EDGE_CURVE('',#3613,#3615,#1801,.T.);
#6308=EDGE_CURVE('',#3623,#3650,#1269,.T.);
#6310=EDGE_CURVE('',#3613,#3623,#1273,.T.);
#6322=EDGE_CURVE('',#3623,#3625,#1286,.T.);
#6327=EDGE_CURVE('',#3632,#3628,#1299,.T.);
#6329=EDGE_CURVE('',#3625,#3628,#1311,.T.);
#6341=EDGE_CURVE('',#3621,#3625,#1307,.T.);
#6343=EDGE_CURVE('',#3621,#3613,#1806,.T.);
#6353=EDGE_CURVE('',#3620,#3621,#1303,.T.);
#6357=EDGE_CURVE('',#3628,#3629,#1315,.T.);
#6359=EDGE_CURVE('',#3639,#3629,#1319,.T.);
#6361=EDGE_CURVE('',#3639,#3620,#1323,.T.);
#6365=EDGE_CURVE('',#3590,#3591,#1327,.T.);
#6367=EDGE_CURVE('',#3591,#3593,#1331,.T.);
#6369=EDGE_CURVE('',#3593,#3595,#1335,.T.);
#6371=EDGE_CURVE('',#3595,#3590,#1339,.T.);
#6375=EDGE_CURVE('',#3674,#3675,#1343,.T.);
#6377=EDGE_CURVE('',#3675,#3677,#1347,.T.);
#6379=EDGE_CURVE('',#3677,#3679,#1351,.T.);
#6381=EDGE_CURVE('',#3679,#3681,#1355,.T.);
#6383=EDGE_CURVE('',#3681,#3683,#1359,.T.);
#6385=EDGE_CURVE('',#3683,#3685,#1363,.T.);
#6387=EDGE_CURVE('',#3685,#3687,#1367,.T.);
#6389=EDGE_CURVE('',#3687,#3674,#1371,.T.);
#6393=EDGE_CURVE('',#3756,#3757,#1375,.T.);
#6395=EDGE_CURVE('',#3757,#3759,#1379,.T.);
#6397=EDGE_CURVE('',#3759,#3761,#1383,.T.);
#6399=EDGE_CURVE('',#3761,#3763,#1387,.T.);
#6401=EDGE_CURVE('',#3763,#3765,#1391,.T.);
#6403=EDGE_CURVE('',#3765,#3767,#1395,.T.);
#6405=EDGE_CURVE('',#3767,#3769,#1399,.T.);
#6407=EDGE_CURVE('',#3769,#3771,#1403,.T.);
#6409=EDGE_CURVE('',#3771,#3773,#1407,.T.);
#6411=EDGE_CURVE('',#3773,#3775,#1411,.T.);
#6413=EDGE_CURVE('',#3775,#3777,#1415,.T.);
#6415=EDGE_CURVE('',#3777,#3779,#1419,.T.);
#6417=EDGE_CURVE('',#3779,#3781,#1423,.T.);
#6419=EDGE_CURVE('',#3781,#3783,#1427,.T.);
#6421=EDGE_CURVE('',#3783,#3785,#1431,.T.);
#6423=EDGE_CURVE('',#3785,#3787,#1435,.T.);
#6425=EDGE_CURVE('',#3787,#3789,#1439,.T.);
#6427=EDGE_CURVE('',#3789,#3791,#1443,.T.);
#6429=EDGE_CURVE('',#3791,#3793,#1447,.T.);
#6431=EDGE_CURVE('',#3793,#3795,#1451,.T.);
#6433=EDGE_CURVE('',#3795,#3797,#1455,.T.);
#6435=EDGE_CURVE('',#3797,#3799,#1459,.T.);
#6437=EDGE_CURVE('',#3799,#3801,#1463,.T.);
#6439=EDGE_CURVE('',#3801,#3803,#1467,.T.);
#6441=EDGE_CURVE('',#3803,#4117,#1471,.T.);
#6443=EDGE_CURVE('',#4117,#4119,#1475,.T.);
#6445=EDGE_CURVE('',#4119,#4121,#1479,.T.);
#6447=EDGE_CURVE('',#4121,#4123,#1483,.T.);
#6449=EDGE_CURVE('',#4123,#4125,#1487,.T.);
#6451=EDGE_CURVE('',#4125,#4127,#1491,.T.);
#6453=EDGE_CURVE('',#4127,#4129,#1495,.T.);
#6455=EDGE_CURVE('',#4129,#4131,#1499,.T.);
#6457=EDGE_CURVE('',#4131,#4133,#1503,.T.);
#6459=EDGE_CURVE('',#4133,#4135,#1507,.T.);
#6461=EDGE_CURVE('',#4135,#4137,#1511,.T.);
#6463=EDGE_CURVE('',#4137,#4139,#1515,.T.);
#6465=EDGE_CURVE('',#4139,#4141,#1519,.T.);
#6467=EDGE_CURVE('',#4141,#4143,#1523,.T.);
#6469=EDGE_CURVE('',#4143,#4145,#1527,.T.);
#6471=EDGE_CURVE('',#4145,#4147,#1531,.T.);
#6473=EDGE_CURVE('',#4147,#4149,#1535,.T.);
#6475=EDGE_CURVE('',#4149,#4151,#1539,.T.);
#6477=EDGE_CURVE('',#4151,#4153,#1543,.T.);
#6479=EDGE_CURVE('',#4153,#4155,#1547,.T.);
#6481=EDGE_CURVE('',#4155,#4157,#1551,.T.);
#6483=EDGE_CURVE('',#4157,#4159,#1555,.T.);
#6485=EDGE_CURVE('',#4159,#4161,#1559,.T.);
#6487=EDGE_CURVE('',#4161,#4163,#1563,.T.);
#6489=EDGE_CURVE('',#4163,#4165,#1567,.T.);
#6491=EDGE_CURVE('',#4165,#4167,#1571,.T.);
#6493=EDGE_CURVE('',#4167,#4169,#1575,.T.);
#6495=EDGE_CURVE('',#4169,#4171,#1579,.T.);
#6497=EDGE_CURVE('',#4171,#4173,#1583,.T.);
#6499=EDGE_CURVE('',#4173,#4175,#1587,.T.);
#6501=EDGE_CURVE('',#4175,#4177,#1591,.T.);
#6503=EDGE_CURVE('',#4177,#4179,#1595,.T.);
#6505=EDGE_CURVE('',#4179,#3756,#1599,.T.);
#6509=EDGE_CURVE('',#3806,#3807,#1603,.T.);
#6511=EDGE_CURVE('',#3807,#3809,#1607,.T.);
#6513=EDGE_CURVE('',#3809,#3811,#1611,.T.);
#6515=EDGE_CURVE('',#3811,#3806,#1615,.T.);
#6519=EDGE_CURVE('',#3814,#3815,#1619,.T.);
#6521=EDGE_CURVE('',#3815,#3817,#1623,.T.);
#6523=EDGE_CURVE('',#3817,#3819,#1627,.T.);
#6525=EDGE_CURVE('',#3819,#3814,#1631,.T.);
#6529=EDGE_CURVE('',#4014,#4015,#1635,.T.);
#6531=EDGE_CURVE('',#4015,#4017,#1639,.T.);
#6533=EDGE_CURVE('',#4017,#4019,#1643,.T.);
#6535=EDGE_CURVE('',#4019,#4021,#1647,.T.);
#6537=EDGE_CURVE('',#4021,#4023,#1651,.T.);
#6539=EDGE_CURVE('',#4023,#4025,#1655,.T.);
#6541=EDGE_CURVE('',#4025,#4027,#1659,.T.);
#6543=EDGE_CURVE('',#4027,#4029,#1663,.T.);
#6545=EDGE_CURVE('',#4029,#4031,#1667,.T.);
#6547=EDGE_CURVE('',#4031,#4033,#1671,.T.);
#6549=EDGE_CURVE('',#4033,#4035,#1675,.T.);
#6551=EDGE_CURVE('',#4035,#4037,#1679,.T.);
#6553=EDGE_CURVE('',#4037,#4039,#1683,.T.);
#6555=EDGE_CURVE('',#4039,#4014,#1687,.T.);
#6559=EDGE_CURVE('',#4066,#4067,#1691,.T.);
#6561=EDGE_CURVE('',#4067,#4069,#1695,.T.);
#6563=EDGE_CURVE('',#4069,#4071,#1699,.T.);
#6565=EDGE_CURVE('',#4071,#4073,#1703,.T.);
#6567=EDGE_CURVE('',#4073,#4075,#1707,.T.);
#6569=EDGE_CURVE('',#4075,#4077,#1711,.T.);
#6571=EDGE_CURVE('',#4077,#4079,#1715,.T.);
#6573=EDGE_CURVE('',#4079,#4081,#1719,.T.);
#6575=EDGE_CURVE('',#4081,#4083,#1723,.T.);
#6577=EDGE_CURVE('',#4083,#4085,#1727,.T.);
#6579=EDGE_CURVE('',#4085,#4087,#1731,.T.);
#6581=EDGE_CURVE('',#4087,#4089,#1735,.T.);
#6583=EDGE_CURVE('',#4089,#4091,#1739,.T.);
#6585=EDGE_CURVE('',#4091,#4066,#1743,.T.);
#6589=EDGE_CURVE('',#4182,#4183,#1747,.T.);
#6591=EDGE_CURVE('',#4183,#4185,#1751,.T.);
#6593=EDGE_CURVE('',#4185,#4187,#1755,.T.);
#6595=EDGE_CURVE('',#4187,#4189,#1759,.T.);
#6597=EDGE_CURVE('',#4189,#4191,#1763,.T.);
#6599=EDGE_CURVE('',#4191,#4193,#1767,.T.);
#6601=EDGE_CURVE('',#4193,#4195,#1771,.T.);
#6603=EDGE_CURVE('',#4195,#4197,#1775,.T.);
#6605=EDGE_CURVE('',#4197,#4199,#1779,.T.);
#6607=EDGE_CURVE('',#4199,#4201,#1783,.T.);
#6609=EDGE_CURVE('',#4201,#4203,#1787,.T.);
#6611=EDGE_CURVE('',#4203,#4182,#1791,.T.);
#6622=EDGE_CURVE('',#3615,#3621,#1796,.T.);
#6625=EDGE_CURVE('',#3617,#3620,#1815,.T.);
#6648=EDGE_CURVE('',#3639,#3641,#1824,.T.);
#6662=EDGE_CURVE('',#3629,#3637,#1829,.T.);
#6675=EDGE_CURVE('',#3633,#3629,#1834,.T.);
#6699=EDGE_CURVE('',#3590,#3582,#1843,.T.);
#6701=EDGE_CURVE('',#3582,#3583,#1859,.T.);
#6703=EDGE_CURVE('',#3591,#3583,#1855,.T.);
#6714=EDGE_CURVE('',#3595,#3587,#1847,.T.);
#6716=EDGE_CURVE('',#3587,#3582,#1863,.T.);
#6728=EDGE_CURVE('',#3593,#3585,#1851,.T.);
#6730=EDGE_CURVE('',#3585,#3587,#1867,.T.);
#6743=EDGE_CURVE('',#3583,#3585,#1871,.T.);
#6760=EDGE_CURVE('',#4262,#3602,#1875,.T.);
#6762=EDGE_CURVE('',#3602,#3603,#1879,.T.);
#6764=EDGE_CURVE('',#3603,#4267,#1883,.T.);
#6766=EDGE_CURVE('',#4266,#4267,#1887,.T.);
#6768=EDGE_CURVE('',#4266,#3598,#1891,.T.);
#6770=EDGE_CURVE('',#3598,#3599,#1895,.T.);
#6772=EDGE_CURVE('',#3599,#4263,#1899,.T.);
#6774=EDGE_CURVE('',#4262,#4263,#1903,.T.);
#6784=EDGE_CURVE('',#4286,#4287,#1907,.T.);
#6786=EDGE_CURVE('',#3602,#4287,#2055,.T.);
#6789=EDGE_CURVE('',#4262,#4289,#1911,.T.);
#6791=EDGE_CURVE('',#4289,#4286,#1916,.T.);
#6801=EDGE_CURVE('',#4270,#4271,#1920,.T.);
#6803=EDGE_CURVE('',#4287,#4270,#2051,.T.);
#6806=EDGE_CURVE('',#4271,#4286,#1937,.T.);
#6817=EDGE_CURVE('',#4277,#4271,#1925,.T.);
#6819=EDGE_CURVE('',#4267,#4277,#1929,.T.);
#6822=EDGE_CURVE('',#3603,#4270,#1933,.T.);
#6835=EDGE_CURVE('',#4277,#4289,#1941,.T.);
#6848=EDGE_CURVE('',#4262,#4238,#1945,.T.);
#6850=EDGE_CURVE('',#4242,#4238,#2021,.T.);
#6852=EDGE_CURVE('',#4267,#4242,#1949,.T.);
#6863=EDGE_CURVE('',#4249,#4263,#1961,.T.);
#6865=EDGE_CURVE('',#4245,#4249,#2038,.T.);
#6867=EDGE_CURVE('',#4239,#4245,#2025,.T.);
#6869=EDGE_CURVE('',#4238,#4239,#2012,.T.);
#6880=EDGE_CURVE('',#4266,#4279,#1969,.T.);
#6882=EDGE_CURVE('',#4251,#4266,#1953,.T.);
#6884=EDGE_CURVE('',#4251,#4249,#1957,.T.);
#6887=EDGE_CURVE('',#4263,#4291,#1995,.T.);
#6889=EDGE_CURVE('',#4279,#4291,#1982,.T.);
#6899=EDGE_CURVE('',#4274,#4275,#1965,.T.);
#6901=EDGE_CURVE('',#3598,#4275,#2007,.T.);
#6905=EDGE_CURVE('',#4274,#4279,#1974,.T.);
#6916=EDGE_CURVE('',#4274,#4283,#1978,.T.);
#6918=EDGE_CURVE('',#4281,#4283,#1986,.T.);
#6920=EDGE_CURVE('',#4275,#4281,#2003,.T.);
#6932=EDGE_CURVE('',#4283,#4291,#1991,.T.);
#6947=EDGE_CURVE('',#3599,#4281,#1999,.T.);
#6971=EDGE_CURVE('',#4242,#4243,#2017,.T.);
#6973=EDGE_CURVE('',#4243,#4247,#2029,.T.);
#6975=EDGE_CURVE('',#4247,#4251,#2043,.T.);
#6987=EDGE_CURVE('',#4243,#4239,#2033,.T.);
#7000=EDGE_CURVE('',#4247,#4245,#2047,.T.);
#7037=EDGE_CURVE('',#3674,#3658,#2059,.T.);
#7039=EDGE_CURVE('',#3658,#3659,#2091,.T.);
#7041=EDGE_CURVE('',#3675,#3659,#2087,.T.);
#7052=EDGE_CURVE('',#3687,#3671,#2063,.T.);
#7054=EDGE_CURVE('',#3671,#3658,#2095,.T.);
#7066=EDGE_CURVE('',#3685,#3669,#2067,.T.);
#7068=EDGE_CURVE('',#3669,#3671,#2099,.T.);
#7080=EDGE_CURVE('',#3683,#3667,#2071,.T.);
#7082=EDGE_CURVE('',#3667,#3669,#2103,.T.);
#7094=EDGE_CURVE('',#3681,#3665,#2075,.T.);
#7096=EDGE_CURVE('',#3665,#3667,#2107,.T.);
#7108=EDGE_CURVE('',#3679,#3663,#2079,.T.);
#7110=EDGE_CURVE('',#3663,#3665,#2111,.T.);
#7122=EDGE_CURVE('',#3677,#3661,#2083,.T.);
#7124=EDGE_CURVE('',#3661,#3663,#2115,.T.);
#7137=EDGE_CURVE('',#3659,#3661,#2119,.T.);
#7165=EDGE_CURVE('',#3756,#3690,#2123,.T.);
#7167=EDGE_CURVE('',#3690,#3691,#2447,.T.);
#7169=EDGE_CURVE('',#3757,#3691,#2347,.T.);
#7180=EDGE_CURVE('',#4179,#3987,#2127,.T.);
#7182=EDGE_CURVE('',#3987,#3690,#2451,.T.);
#7194=EDGE_CURVE('',#4177,#3985,#2131,.T.);
#7196=EDGE_CURVE('',#3985,#3987,#2455,.T.);
#7208=EDGE_CURVE('',#4175,#3983,#2135,.T.);
#7210=EDGE_CURVE('',#3983,#3985,#2459,.T.);
#7222=EDGE_CURVE('',#4173,#3981,#2139,.T.);
#7224=EDGE_CURVE('',#3981,#3983,#2463,.T.);
#7236=EDGE_CURVE('',#4171,#3979,#2143,.T.);
#7238=EDGE_CURVE('',#3979,#3981,#2467,.T.);
#7250=EDGE_CURVE('',#4169,#3977,#2147,.T.);
#7252=EDGE_CURVE('',#3977,#3979,#2471,.T.);
#7264=EDGE_CURVE('',#4167,#3975,#2151,.T.);
#7266=EDGE_CURVE('',#3975,#3977,#2475,.T.);
#7278=EDGE_CURVE('',#4165,#3973,#2155,.T.);
#7280=EDGE_CURVE('',#3973,#3975,#2479,.T.);
#7292=EDGE_CURVE('',#4163,#3971,#2159,.T.);
#7294=EDGE_CURVE('',#3971,#3973,#2483,.T.);
#7306=EDGE_CURVE('',#4161,#3969,#2163,.T.);
#7308=EDGE_CURVE('',#3969,#3971,#2487,.T.);
#7320=EDGE_CURVE('',#4159,#3967,#2167,.T.);
#7322=EDGE_CURVE('',#3967,#3969,#2491,.T.);
#7334=EDGE_CURVE('',#4157,#3965,#2171,.T.);
#7336=EDGE_CURVE('',#3965,#3967,#2495,.T.);
#7348=EDGE_CURVE('',#4155,#3963,#2175,.T.);
#7350=EDGE_CURVE('',#3963,#3965,#2499,.T.);
#7362=EDGE_CURVE('',#4153,#3961,#2179,.T.);
#7364=EDGE_CURVE('',#3961,#3963,#2503,.T.);
#7376=EDGE_CURVE('',#4151,#3959,#2183,.T.);
#7378=EDGE_CURVE('',#3959,#3961,#2507,.T.);
#7390=EDGE_CURVE('',#4149,#3957,#2187,.T.);
#7392=EDGE_CURVE('',#3957,#3959,#2511,.T.);
#7404=EDGE_CURVE('',#4147,#3955,#2191,.T.);
#7406=EDGE_CURVE('',#3955,#3957,#2515,.T.);
#7418=EDGE_CURVE('',#4145,#3953,#2195,.T.);
#7420=EDGE_CURVE('',#3953,#3955,#2519,.T.);
#7432=EDGE_CURVE('',#4143,#3951,#2199,.T.);
#7434=EDGE_CURVE('',#3951,#3953,#2523,.T.);
#7446=EDGE_CURVE('',#4141,#3949,#2203,.T.);
#7448=EDGE_CURVE('',#3949,#3951,#2527,.T.);
#7460=EDGE_CURVE('',#4139,#3947,#2207,.T.);
#7462=EDGE_CURVE('',#3947,#3949,#2531,.T.);
#7474=EDGE_CURVE('',#4137,#3945,#2211,.T.);
#7476=EDGE_CURVE('',#3945,#3947,#2535,.T.);
#7488=EDGE_CURVE('',#4135,#3943,#2215,.T.);
#7490=EDGE_CURVE('',#3943,#3945,#2539,.T.);
#7502=EDGE_CURVE('',#4133,#3941,#2219,.T.);
#7504=EDGE_CURVE('',#3941,#3943,#2543,.T.);
#7516=EDGE_CURVE('',#4131,#3939,#2223,.T.);
#7518=EDGE_CURVE('',#3939,#3941,#2547,.T.);
#7530=EDGE_CURVE('',#4129,#3937,#2227,.T.);
#7532=EDGE_CURVE('',#3937,#3939,#2551,.T.);
#7544=EDGE_CURVE('',#4127,#3935,#2231,.T.);
#7546=EDGE_CURVE('',#3935,#3937,#2555,.T.);
#7558=EDGE_CURVE('',#4125,#3933,#2235,.T.);
#7560=EDGE_CURVE('',#3933,#3935,#2559,.T.);
#7572=EDGE_CURVE('',#4123,#3931,#2239,.T.);
#7574=EDGE_CURVE('',#3931,#3933,#2563,.T.);
#7586=EDGE_CURVE('',#4121,#3929,#2243,.T.);
#7588=EDGE_CURVE('',#3929,#3931,#2567,.T.);
#7600=EDGE_CURVE('',#4119,#3927,#2247,.T.);
#7602=EDGE_CURVE('',#3927,#3929,#2571,.T.);
#7614=EDGE_CURVE('',#4117,#3925,#2251,.T.);
#7616=EDGE_CURVE('',#3925,#3927,#2575,.T.);
#7628=EDGE_CURVE('',#3803,#3737,#2255,.T.);
#7630=EDGE_CURVE('',#3737,#3925,#2351,.T.);
#7642=EDGE_CURVE('',#3801,#3735,#2259,.T.);
#7644=EDGE_CURVE('',#3735,#3737,#2355,.T.);
#7656=EDGE_CURVE('',#3799,#3733,#2263,.T.);
#7658=EDGE_CURVE('',#3733,#3735,#2359,.T.);
#7670=EDGE_CURVE('',#3797,#3731,#2267,.T.);
#7672=EDGE_CURVE('',#3731,#3733,#2363,.T.);
#7684=EDGE_CURVE('',#3795,#3729,#2271,.T.);
#7686=EDGE_CURVE('',#3729,#3731,#2367,.T.);
#7698=EDGE_CURVE('',#3793,#3727,#2275,.T.);
#7700=EDGE_CURVE('',#3727,#3729,#2371,.T.);
#7712=EDGE_CURVE('',#3791,#3725,#2279,.T.);
#7714=EDGE_CURVE('',#3725,#3727,#2375,.T.);
#7726=EDGE_CURVE('',#3789,#3723,#2283,.T.);
#7728=EDGE_CURVE('',#3723,#3725,#2379,.T.);
#7740=EDGE_CURVE('',#3787,#3721,#2287,.T.);
#7742=EDGE_CURVE('',#3721,#3723,#2383,.T.);
#7754=EDGE_CURVE('',#3785,#3719,#2291,.T.);
#7756=EDGE_CURVE('',#3719,#3721,#2387,.T.);
#7768=EDGE_CURVE('',#3783,#3717,#2295,.T.);
#7770=EDGE_CURVE('',#3717,#3719,#2391,.T.);
#7782=EDGE_CURVE('',#3781,#3715,#2299,.T.);
#7784=EDGE_CURVE('',#3715,#3717,#2395,.T.);
#7796=EDGE_CURVE('',#3779,#3713,#2303,.T.);
#7798=EDGE_CURVE('',#3713,#3715,#2399,.T.);
#7810=EDGE_CURVE('',#3777,#3711,#2307,.T.);
#7812=EDGE_CURVE('',#3711,#3713,#2403,.T.);
#7824=EDGE_CURVE('',#3775,#3709,#2311,.T.);
#7826=EDGE_CURVE('',#3709,#3711,#2407,.T.);
#7838=EDGE_CURVE('',#3773,#3707,#2315,.T.);
#7840=EDGE_CURVE('',#3707,#3709,#2411,.T.);
#7852=EDGE_CURVE('',#3771,#3705,#2319,.T.);
#7854=EDGE_CURVE('',#3705,#3707,#2415,.T.);
#7866=EDGE_CURVE('',#3769,#3703,#2323,.T.);
#7868=EDGE_CURVE('',#3703,#3705,#2419,.T.);
#7880=EDGE_CURVE('',#3767,#3701,#2327,.T.);
#7882=EDGE_CURVE('',#3701,#3703,#2423,.T.);
#7894=EDGE_CURVE('',#3765,#3699,#2331,.T.);
#7896=EDGE_CURVE('',#3699,#3701,#2427,.T.);
#7908=EDGE_CURVE('',#3763,#3697,#2335,.T.);
#7910=EDGE_CURVE('',#3697,#3699,#2431,.T.);
#7922=EDGE_CURVE('',#3761,#3695,#2339,.T.);
#7924=EDGE_CURVE('',#3695,#3697,#2435,.T.);
#7936=EDGE_CURVE('',#3759,#3693,#2343,.T.);
#7938=EDGE_CURVE('',#3693,#3695,#2439,.T.);
#7951=EDGE_CURVE('',#3691,#3693,#2443,.T.);
#8028=EDGE_CURVE('',#3806,#3740,#2579,.T.);
#8030=EDGE_CURVE('',#3740,#3741,#2595,.T.);
#8032=EDGE_CURVE('',#3807,#3741,#2591,.T.);
#8043=EDGE_CURVE('',#3811,#3745,#2583,.T.);
#8045=EDGE_CURVE('',#3745,#3740,#2599,.T.);
#8057=EDGE_CURVE('',#3809,#3743,#2587,.T.);
#8059=EDGE_CURVE('',#3743,#3745,#2603,.T.);
#8072=EDGE_CURVE('',#3741,#3743,#2607,.T.);
#8096=EDGE_CURVE('',#3814,#3748,#2611,.T.);
#8098=EDGE_CURVE('',#3748,#3749,#2627,.T.);
#8100=EDGE_CURVE('',#3815,#3749,#2623,.T.);
#8111=EDGE_CURVE('',#3819,#3753,#2615,.T.);
#8113=EDGE_CURVE('',#3753,#3748,#2631,.T.);
#8125=EDGE_CURVE('',#3817,#3751,#2619,.T.);
#8127=EDGE_CURVE('',#3751,#3753,#2635,.T.);
#8140=EDGE_CURVE('',#3749,#3751,#2639,.T.);
#8164=EDGE_CURVE('',#4014,#3822,#2643,.T.);
#8166=EDGE_CURVE('',#3822,#3823,#2699,.T.);
#8168=EDGE_CURVE('',#4015,#3823,#2695,.T.);
#8179=EDGE_CURVE('',#4039,#3847,#2647,.T.);
#8181=EDGE_CURVE('',#3847,#3822,#2703,.T.);
#8193=EDGE_CURVE('',#4037,#3845,#2651,.T.);
#8195=EDGE_CURVE('',#3845,#3847,#2707,.T.);
#8207=EDGE_CURVE('',#4035,#3843,#2655,.T.);
#8209=EDGE_CURVE('',#3843,#3845,#2711,.T.);
#8221=EDGE_CURVE('',#4033,#3841,#2659,.T.);
#8223=EDGE_CURVE('',#3841,#3843,#2715,.T.);
#8235=EDGE_CURVE('',#4031,#3839,#2663,.T.);
#8237=EDGE_CURVE('',#3839,#3841,#2719,.T.);
#8249=EDGE_CURVE('',#4029,#3837,#2667,.T.);
#8251=EDGE_CURVE('',#3837,#3839,#2723,.T.);
#8263=EDGE_CURVE('',#4027,#3835,#2671,.T.);
#8265=EDGE_CURVE('',#3835,#3837,#2727,.T.);
#8277=EDGE_CURVE('',#4025,#3833,#2675,.T.);
#8279=EDGE_CURVE('',#3833,#3835,#2731,.T.);
#8291=EDGE_CURVE('',#4023,#3831,#2679,.T.);
#8293=EDGE_CURVE('',#3831,#3833,#2735,.T.);
#8305=EDGE_CURVE('',#4021,#3829,#2683,.T.);
#8307=EDGE_CURVE('',#3829,#3831,#2739,.T.);
#8319=EDGE_CURVE('',#4019,#3827,#2687,.T.);
#8321=EDGE_CURVE('',#3827,#3829,#2743,.T.);
#8333=EDGE_CURVE('',#4017,#3825,#2691,.T.);
#8335=EDGE_CURVE('',#3825,#3827,#2747,.T.);
#8348=EDGE_CURVE('',#3823,#3825,#2751,.T.);
#8375=EDGE_CURVE('',#3850,#3851,#2755,.T.);
#8377=EDGE_CURVE('',#3871,#3850,#2759,.T.);
#8379=EDGE_CURVE('',#3869,#3871,#2763,.T.);
#8381=EDGE_CURVE('',#3867,#3869,#2767,.T.);
#8383=EDGE_CURVE('',#3865,#3867,#2771,.T.);
#8385=EDGE_CURVE('',#3863,#3865,#2775,.T.);
#8387=EDGE_CURVE('',#3861,#3863,#2779,.T.);
#8389=EDGE_CURVE('',#3859,#3861,#2783,.T.);
#8391=EDGE_CURVE('',#3857,#3859,#2787,.T.);
#8393=EDGE_CURVE('',#3855,#3857,#2791,.T.);
#8395=EDGE_CURVE('',#3853,#3855,#2795,.T.);
#8397=EDGE_CURVE('',#3851,#3853,#2799,.T.);
#8407=EDGE_CURVE('',#4042,#4043,#2807,.T.);
#8409=EDGE_CURVE('',#4042,#3850,#2803,.T.);
#8412=EDGE_CURVE('',#4043,#3851,#2855,.T.);
#8423=EDGE_CURVE('',#4043,#4045,#2811,.T.);
#8425=EDGE_CURVE('',#4045,#4047,#2815,.T.);
#8427=EDGE_CURVE('',#4047,#4049,#2819,.T.);
#8429=EDGE_CURVE('',#4049,#4051,#2823,.T.);
#8431=EDGE_CURVE('',#4051,#4053,#2827,.T.);
#8433=EDGE_CURVE('',#4053,#4055,#2831,.T.);
#8435=EDGE_CURVE('',#4055,#4057,#2835,.T.);
#8437=EDGE_CURVE('',#4057,#4059,#2839,.T.);
#8439=EDGE_CURVE('',#4059,#4061,#2843,.T.);
#8441=EDGE_CURVE('',#4061,#4063,#2847,.T.);
#8443=EDGE_CURVE('',#4063,#4042,#2851,.T.);
#8456=EDGE_CURVE('',#4045,#3853,#2859,.T.);
#8469=EDGE_CURVE('',#4047,#3855,#2863,.T.);
#8482=EDGE_CURVE('',#4049,#3857,#2867,.T.);
#8495=EDGE_CURVE('',#4051,#3859,#2871,.T.);
#8508=EDGE_CURVE('',#4053,#3861,#2875,.T.);
#8521=EDGE_CURVE('',#4055,#3863,#2879,.T.);
#8534=EDGE_CURVE('',#4057,#3865,#2883,.T.);
#8547=EDGE_CURVE('',#4059,#3867,#2887,.T.);
#8560=EDGE_CURVE('',#4061,#3869,#2891,.T.);
#8573=EDGE_CURVE('',#4063,#3871,#2895,.T.);
#8596=EDGE_CURVE('',#4066,#3874,#2899,.T.);
#8598=EDGE_CURVE('',#3874,#3875,#2955,.T.);
#8600=EDGE_CURVE('',#4067,#3875,#2951,.T.);
#8611=EDGE_CURVE('',#4091,#3899,#2903,.T.);
#8613=EDGE_CURVE('',#3899,#3874,#2959,.T.);
#8625=EDGE_CURVE('',#4089,#3897,#2907,.T.);
#8627=EDGE_CURVE('',#3897,#3899,#2963,.T.);
#8639=EDGE_CURVE('',#4087,#3895,#2911,.T.);
#8641=EDGE_CURVE('',#3895,#3897,#2967,.T.);
#8653=EDGE_CURVE('',#4085,#3893,#2915,.T.);
#8655=EDGE_CURVE('',#3893,#3895,#2971,.T.);
#8667=EDGE_CURVE('',#4083,#3891,#2919,.T.);
#8669=EDGE_CURVE('',#3891,#3893,#2975,.T.);
#8681=EDGE_CURVE('',#4081,#3889,#2923,.T.);
#8683=EDGE_CURVE('',#3889,#3891,#2979,.T.);
#8695=EDGE_CURVE('',#4079,#3887,#2927,.T.);
#8697=EDGE_CURVE('',#3887,#3889,#2983,.T.);
#8709=EDGE_CURVE('',#4077,#3885,#2931,.T.);
#8711=EDGE_CURVE('',#3885,#3887,#2987,.T.);
#8723=EDGE_CURVE('',#4075,#3883,#2935,.T.);
#8725=EDGE_CURVE('',#3883,#3885,#2991,.T.);
#8737=EDGE_CURVE('',#4073,#3881,#2939,.T.);
#8739=EDGE_CURVE('',#3881,#3883,#2995,.T.);
#8751=EDGE_CURVE('',#4071,#3879,#2943,.T.);
#8753=EDGE_CURVE('',#3879,#3881,#2999,.T.);
#8765=EDGE_CURVE('',#4069,#3877,#2947,.T.);
#8767=EDGE_CURVE('',#3877,#3879,#3003,.T.);
#8780=EDGE_CURVE('',#3875,#3877,#3007,.T.);
#8807=EDGE_CURVE('',#3902,#3903,#3011,.T.);
#8809=EDGE_CURVE('',#3923,#3902,#3015,.T.);
#8811=EDGE_CURVE('',#3921,#3923,#3019,.T.);
#8813=EDGE_CURVE('',#3919,#3921,#3023,.T.);
#8815=EDGE_CURVE('',#3917,#3919,#3027,.T.);
#8817=EDGE_CURVE('',#3915,#3917,#3031,.T.);
#8819=EDGE_CURVE('',#3913,#3915,#3035,.T.);
#8821=EDGE_CURVE('',#3911,#3913,#3039,.T.);
#8823=EDGE_CURVE('',#3909,#3911,#3043,.T.);
#8825=EDGE_CURVE('',#3907,#3909,#3047,.T.);
#8827=EDGE_CURVE('',#3905,#3907,#3051,.T.);
#8829=EDGE_CURVE('',#3903,#3905,#3055,.T.);
#8839=EDGE_CURVE('',#4094,#4095,#3063,.T.);
#8841=EDGE_CURVE('',#4094,#3902,#3059,.T.);
#8844=EDGE_CURVE('',#4095,#3903,#3111,.T.);
#8855=EDGE_CURVE('',#4095,#4097,#3067,.T.);
#8857=EDGE_CURVE('',#4097,#4099,#3071,.T.);
#8859=EDGE_CURVE('',#4099,#4101,#3075,.T.);
#8861=EDGE_CURVE('',#4101,#4103,#3079,.T.);
#8863=EDGE_CURVE('',#4103,#4105,#3083,.T.);
#8865=EDGE_CURVE('',#4105,#4107,#3087,.T.);
#8867=EDGE_CURVE('',#4107,#4109,#3091,.T.);
#8869=EDGE_CURVE('',#4109,#4111,#3095,.T.);
#8871=EDGE_CURVE('',#4111,#4113,#3099,.T.);
#8873=EDGE_CURVE('',#4113,#4115,#3103,.T.);
#8875=EDGE_CURVE('',#4115,#4094,#3107,.T.);
#8888=EDGE_CURVE('',#4097,#3905,#3115,.T.);
#8901=EDGE_CURVE('',#4099,#3907,#3119,.T.);
#8914=EDGE_CURVE('',#4101,#3909,#3123,.T.);
#8927=EDGE_CURVE('',#4103,#3911,#3127,.T.);
#8940=EDGE_CURVE('',#4105,#3913,#3131,.T.);
#8953=EDGE_CURVE('',#4107,#3915,#3135,.T.);
#8966=EDGE_CURVE('',#4109,#3917,#3139,.T.);
#8979=EDGE_CURVE('',#4111,#3919,#3143,.T.);
#8992=EDGE_CURVE('',#4113,#3921,#3147,.T.);
#9005=EDGE_CURVE('',#4115,#3923,#3151,.T.);
#9028=EDGE_CURVE('',#4182,#3990,#3155,.T.);
#9030=EDGE_CURVE('',#3990,#3991,#3203,.T.);
#9032=EDGE_CURVE('',#4183,#3991,#3199,.T.);
#9043=EDGE_CURVE('',#4203,#4011,#3159,.T.);
#9045=EDGE_CURVE('',#4011,#3990,#3207,.T.);
#9057=EDGE_CURVE('',#4201,#4009,#3163,.T.);
#9059=EDGE_CURVE('',#4009,#4011,#3211,.T.);
#9071=EDGE_CURVE('',#4199,#4007,#3167,.T.);
#9073=EDGE_CURVE('',#4007,#4009,#3215,.T.);
#9085=EDGE_CURVE('',#4197,#4005,#3171,.T.);
#9087=EDGE_CURVE('',#4005,#4007,#3219,.T.);
#9099=EDGE_CURVE('',#4195,#4003,#3175,.T.);
#9101=EDGE_CURVE('',#4003,#4005,#3223,.T.);
#9113=EDGE_CURVE('',#4193,#4001,#3179,.T.);
#9115=EDGE_CURVE('',#4001,#4003,#3227,.T.);
#9127=EDGE_CURVE('',#4191,#3999,#3183,.T.);
#9129=EDGE_CURVE('',#3999,#4001,#3231,.T.);
#9141=EDGE_CURVE('',#4189,#3997,#3187,.T.);
#9143=EDGE_CURVE('',#3997,#3999,#3235,.T.);
#9155=EDGE_CURVE('',#4187,#3995,#3191,.T.);
#9157=EDGE_CURVE('',#3995,#3997,#3239,.T.);
#9169=EDGE_CURVE('',#4185,#3993,#3195,.T.);
#9171=EDGE_CURVE('',#3993,#3995,#3243,.T.);
#9184=EDGE_CURVE('',#3991,#3993,#3247,.T.);
#9218=EDGE_CURVE('',#3471,#4219,#3255,.T.);
#9229=EDGE_CURVE('',#4207,#4211,#3283,.T.);
#9234=EDGE_CURVE('',#3469,#4217,#3267,.T.);
#9244=EDGE_CURVE('',#4206,#4207,#3271,.T.);
#9247=EDGE_CURVE('',#4210,#4211,#3279,.T.);
#9260=EDGE_CURVE('',#3550,#3551,#3291,.T.);
#9262=EDGE_CURVE('',#3569,#3551,#3327,.T.);
#9264=EDGE_CURVE('',#3566,#3569,#3295,.T.);
#9277=EDGE_CURVE('',#3561,#3563,#3315,.T.);
#9279=EDGE_CURVE('',#3559,#3561,#3395,.T.);
#9281=EDGE_CURVE('',#3557,#3559,#3383,.T.);
#9283=EDGE_CURVE('',#3555,#3557,#3355,.T.);
#9285=EDGE_CURVE('',#3553,#3555,#3343,.T.);
#9287=EDGE_CURVE('',#3551,#3553,#3331,.T.);
#9299=EDGE_CURVE('',#3579,#3567,#3307,.T.);
#9301=EDGE_CURVE('',#3579,#3561,#3311,.T.);
#9315=EDGE_CURVE('',#3569,#3571,#3323,.T.);
#9317=EDGE_CURVE('',#3571,#3573,#3335,.T.);
#9319=EDGE_CURVE('',#3573,#3575,#3347,.T.);
#9321=EDGE_CURVE('',#3575,#3577,#3375,.T.);
#9323=EDGE_CURVE('',#3577,#3579,#3387,.T.);
#9337=EDGE_CURVE('',#3571,#3553,#3339,.T.);
#9350=EDGE_CURVE('',#3573,#3555,#3351,.T.);
#9363=EDGE_CURVE('',#3575,#3557,#3379,.T.);
#9367=EDGE_CURVE('',#4254,#4255,#3359,.T.);
#9369=EDGE_CURVE('',#4255,#4259,#3363,.T.);
#9371=EDGE_CURVE('',#4258,#4259,#3367,.T.);
#9373=EDGE_CURVE('',#4254,#4258,#3371,.T.);
#9386=EDGE_CURVE('',#3577,#3559,#3391,.T.);
#9409=EDGE_CURVE('',#4254,#4222,#3400,.T.);
#9411=EDGE_CURVE('',#4222,#4223,#3404,.T.);
#9413=EDGE_CURVE('',#4223,#4225,#3408,.T.);
#9415=EDGE_CURVE('',#4225,#4227,#3412,.T.);
#9417=EDGE_CURVE('',#4227,#4255,#3417,.T.);
#9428=EDGE_CURVE('',#4258,#4230,#3439,.T.);
#9430=EDGE_CURVE('',#4222,#4230,#3455,.T.);
#9442=EDGE_CURVE('',#4235,#4259,#3422,.T.);
#9444=EDGE_CURVE('',#4233,#4235,#3426,.T.);
#9446=EDGE_CURVE('',#4231,#4233,#3430,.T.);
#9448=EDGE_CURVE('',#4230,#4231,#3434,.T.);
#9461=EDGE_CURVE('',#4227,#4235,#3443,.T.);
#9473=EDGE_CURVE('',#4225,#4233,#3447,.T.);
#9486=EDGE_CURVE('',#4223,#4231,#3451,.T.);
#9520=(LENGTH_UNIT()NAMED_UNIT(*)SI_UNIT(.MILLI.,.METRE.));
#9524=(NAMED_UNIT(*)PLANE_ANGLE_UNIT()SI_UNIT($,.RADIAN.));
#9527=(NAMED_UNIT(*)SI_UNIT($,.STERADIAN.)SOLID_ANGLE_UNIT());
#9530=ADVANCED_BREP_SHAPE_REPRESENTATION('',(#9518),#9529);
#9537=PRODUCT_DEFINITION('part definition','',#9536,#9533);
#9538=PRODUCT_DEFINITION_SHAPE('','SHAPE FOR TDD01H0SB1R_SW0003_PRT.',#9537);
#9539=SHAPE_DEFINITION_REPRESENTATION(#9538,#9530);
ENDSEC;
END-ISO-10303-21;
